target,ids,date,flag,user,text,weekday,sentiment_negative,sentiment_neutral,sentiment_positive,sentiment,sentiment_score
4,2048720362,2009-06-05 15:39:50-07:00,NO_QUERY,Judy_bcn,@user ou sorry! my english is bad too :$ hehe but i'm speaking catalan in that moment,Friday,0.6322821378707886,0.32893145084381104,0.03878645598888397,Negative,-0.5934956818819046
0,2249549259,2009-06-19 22:32:38-07:00,NO_QUERY,msbunndotcom,just witnessed how easily my husband got my 2yo niece to take her medicine. OMG! What did I do wrong??? I was very nice with my approach!,Friday,0.02217218279838562,0.10431025177240372,0.873517632484436,Positive,0.8513454496860504
4,1957641384,2009-05-29 01:08:12-07:00,NO_QUERY,sarah_jean,"@user no, trying to meet baby spice!",Friday,0.05799812451004982,0.7100483775138855,0.2319534420967102,Neutral,0.17395531758666039
4,1961116118,2009-05-29 09:00:36-07:00,NO_QUERY,FreeBeing,#FF one of my new faves cos y'all know how I am! - @user,Friday,0.0026807733811438084,0.021482301875948906,0.9758368730545044,Positive,0.9731560996733606
4,1963691694,2009-05-29 13:06:13-07:00,NO_QUERY,NinaMcFLY,it's cruel that I'm not living in the UK. wanna watch BGT too.,Friday,0.893131673336029,0.09522701799869537,0.011641290970146656,Negative,-0.8814903823658824
4,1881318484,2009-05-22 04:18:24-07:00,NO_QUERY,alexmcduff,is sick with teh fever. but im so happy that my baby took care of me yesterday the whole day so i'm feeling so much better,Friday,0.03187837824225426,0.061705972999334335,0.9064157009124756,Positive,0.8745373226702213
0,1957624003,2009-05-29 01:04:58-07:00,NO_QUERY,susieblake2002,@user Aw I left it at home I do have some Travis or Coldplay though? xx,Friday,0.0258644949644804,0.6682339310646057,0.30590155720710754,Neutral,0.28003706224262714
0,2236599075,2009-06-19 04:06:05-07:00,NO_QUERY,tremblingfinger,Tante @user your number never works let's get together this weekend...,Friday,0.7090504765510559,0.27014029026031494,0.020809218287467957,Negative,-0.688241258263588
0,1960905445,2009-05-29 08:41:09-07:00,NO_QUERY,caitlinw13,..exams. haha just remembrd the china buffet king yesterday. vair amusing ....,Friday,0.010144536383450031,0.19862106442451477,0.7912343740463257,Positive,0.7810898376628757
4,1964706020,2009-05-29 14:40:12-07:00,NO_QUERY,seolman,@user sounds like a plan,Friday,0.01654750294983387,0.29958343505859375,0.6838690638542175,Positive,0.6673215609043837
0,2245732526,2009-06-19 16:33:34-07:00,NO_QUERY,micheala02,"Aliya has puked all over the carseat and car, peed all over a highchair and floor, and now diarhea all over the car seat Within 12 hrs!",Friday,0.8391866683959961,0.1448698490858078,0.015943503007292747,Negative,-0.8232431653887033
0,2044730649,2009-06-05 09:44:54-07:00,NO_QUERY,Sian_11,cant work out if hes playing games or not,Friday,0.3678734004497528,0.6128770112991333,0.019249608740210533,Neutral,-0.3486237917095423
4,2050715699,2009-06-05 19:10:00-07:00,NO_QUERY,twolamb,"I'm so excited, I'm about to pee in my pants",Friday,0.00924030039459467,0.016894226893782616,0.9738654494285583,Positive,0.9646251490339637
0,1965667019,2009-05-29 16:19:33-07:00,NO_QUERY,NikitaBonita,Sick of fighting so it looks like no more burlesque for me,Friday,0.8921363949775696,0.09841584414243698,0.009447655640542507,Negative,-0.8826887393370271
4,1963531604,2009-05-29 12:51:53-07:00,NO_QUERY,JtErvin,"@user haha not this season, but hopefully by next year it'll be the first official TV season!",Friday,0.0033261512871831656,0.15249252319335938,0.8441813588142395,Positive,0.8408552075270563
0,1881102141,2009-05-22 03:36:26-07:00,NO_QUERY,omegatron,"@user Yep, can't get access to the desktop without getting rid of it, and I can't get the thing to boot of the Mac OS 9.0.4 cd either",Friday,0.7441792488098145,0.24147145450115204,0.014349228702485561,Negative,-0.7298300201073289
0,2048952661,2009-06-05 16:02:53-07:00,NO_QUERY,MardellDavis,how long is it going to take to get an answer? getting seriously stressed out here,Friday,0.8706953525543213,0.12109385430812836,0.008210757747292519,Negative,-0.8624845948070288
4,1957287777,2009-05-29 00:03:21-07:00,NO_QUERY,metamorphosisss,Okay...Back to job tracking,Friday,0.09826035797595978,0.7575187683105469,0.14422088861465454,Neutral,0.04596053063869476
4,1960192316,2009-05-29 07:34:18-07:00,NO_QUERY,Lou1510,@user im yours is on! hehehe love it! xxxxx,Friday,0.002649628324434161,0.00787516962736845,0.9894751310348511,Positive,0.9868255027104169
4,1964894269,2009-05-29 14:59:09-07:00,NO_QUERY,shaquib,I like the idea of having a big family,Friday,0.008840850554406643,0.17620602250099182,0.814953088760376,Positive,0.8061122382059693
4,2048389995,2009-06-05 15:07:19-07:00,NO_QUERY,ennnaenna,"i'm @user i can't really do anything, but it's fun.",Friday,0.043462205678224564,0.22927983105182648,0.7272579669952393,Positive,0.6837957613170147
0,2247499703,2009-06-19 19:11:20-07:00,NO_QUERY,sarannfox,@user my little coin purse that said this economy sucks is lost! someone pickpocketed me in hollister i had so much in there ...,Friday,0.9406254887580872,0.051952559500932693,0.007422009017318487,Negative,-0.9332034797407687
0,1964685410,2009-05-29 14:38:09-07:00,NO_QUERY,nedia,@user im going to my dance class now,Friday,0.012332952581346035,0.8141306042671204,0.17353639006614685,Neutral,0.16120343748480082
4,1964734314,2009-05-29 14:43:00-07:00,NO_QUERY,demiwood,@user Hey you're welcome... like the way you change your pic btw... v.clever,Friday,0.0041540577076375484,0.027997244149446487,0.9678487181663513,Positive,0.9636946604587138
0,2051549555,2009-06-05 22:16:48-07:00,NO_QUERY,Joshontheradio2,I'm on the air and not feeling well.,Friday,0.8535290360450745,0.1357513964176178,0.010719669051468372,Negative,-0.8428093669936061
4,1962007670,2009-05-29 10:22:47-07:00,NO_QUERY,AAmyHaanson,@user it just took a while.,Friday,0.1481551080942154,0.8253798484802246,0.0264650397002697,Neutral,-0.1216900683939457
4,1957550264,2009-05-29 00:51:18-07:00,NO_QUERY,SamanthaSlade,[http] don't forget goodnight.,Friday,0.012651524506509304,0.3891221880912781,0.5982263088226318,Positive,0.5855747843161225
0,2240610728,2009-06-19 09:57:13-07:00,NO_QUERY,Faukes,No letter yet this week... Usually it's come by now.,Friday,0.3364826738834381,0.6240178942680359,0.03949939087033272,Neutral,-0.2969832830131054
0,2048821969,2009-06-05 15:49:56-07:00,NO_QUERY,connster9700,@user I'm sorry to hear about your headache. Rest well and feel better soon.,Friday,0.6081357598304749,0.3241335153579712,0.06773072481155396,Negative,-0.5404050350189209
4,1963820020,2009-05-29 13:17:54-07:00,NO_QUERY,EmBee20,@user I don't wear nail polish either so I forgive you.,Friday,0.06751512736082077,0.4576030373573303,0.4748818278312683,Positive,0.40736670047044754
0,1548314484,2009-04-17 20:36:54-07:00,NO_QUERY,oreocookie18,when i go in urban outfitters i mildly freak out because i want EVERYTHING - but then i realize 3/4 of it looks like shit on me,Friday,0.8134464025497437,0.16053491830825806,0.026018697768449783,Negative,-0.7874277047812939
0,2238083803,2009-06-19 06:47:55-07:00,NO_QUERY,LindaaxD,@user Yay! I'm so jealous..,Friday,0.7829087376594543,0.14670239388942719,0.07038881629705429,Negative,-0.7125199213624
4,1967287526,2009-05-29 19:18:18-07:00,NO_QUERY,KidNovice,"@user mela i know ur a freak, u dont have to write me lol",Friday,0.6887586116790771,0.2903093993663788,0.020931947976350784,Negative,-0.6678266637027264
4,1880905117,2009-05-22 02:55:18-07:00,NO_QUERY,GMMR,Big win of the day - @user letting us know that @user was on Twitter. Andrew FTW! My favorite Buffy character (um &amp; Willow too,Friday,0.0017032503383234143,0.010390890762209892,0.9879058599472046,Positive,0.9862026096088812
4,1880857080,2009-05-22 02:45:02-07:00,NO_QUERY,merylpixelmagic,"@user hang in there - will get to your background soon, promise!",Friday,0.0072394167073071,0.10747101157903671,0.8852895498275757,Positive,0.8780501331202686
4,1957702073,2009-05-29 01:20:01-07:00,NO_QUERY,evapoortman,Getting a tour of the eye tracking lab today [http],Friday,0.004673841409385204,0.905083179473877,0.090242899954319,Neutral,0.0855690585449338
0,1965532102,2009-05-29 16:05:10-07:00,NO_QUERY,bubblegumneko,"@user Yeah, it's work. It's been busy all day and I'm tired and hungry.",Friday,0.7661342620849609,0.20470993220806122,0.029155727475881577,Negative,-0.7369785346090794
4,1964195051,2009-05-29 13:52:02-07:00,NO_QUERY,SashaHalima,"&quot;U know 1st date awkwardness? Twitter is just like that. But the more you hang out 2gether, more comfortable u become&quot; (via @user)",Friday,0.045537181198596954,0.6394404172897339,0.31502243876457214,Neutral,0.2694852575659752
4,1966268188,2009-05-29 17:26:52-07:00,NO_QUERY,kimanie14,Nothing else exists when art does - Me,Friday,0.029003148898482323,0.45940783619880676,0.511588990688324,Positive,0.48258584178984165
4,1966802928,2009-05-29 18:25:41-07:00,NO_QUERY,macmaxxx,"playing badugi freeroll on pokerstars....man, thats really a gamble...but i like it",Friday,0.02179451286792755,0.1097487285733223,0.8684567809104919,Positive,0.8466622680425644
0,1969409691,2009-05-29 23:57:09-07:00,NO_QUERY,hollyhalvorsen,Called my momma in aid of an emotional crisis. We're onna go out for a late-night snack. Sad friday's almost over,Friday,0.8069764971733093,0.17099033296108246,0.02203313447535038,Negative,-0.784943362697959
0,1960139893,2009-05-29 07:29:15-07:00,NO_QUERY,bufyluver5,"Finally, a beautiful, sunny day in Atlanta. Too bad I'm stuck inside working...",Friday,0.38654226064682007,0.24401693046092987,0.36944082379341125,Negative,-0.017101436853408813
0,2235783932,2009-06-19 02:03:58-07:00,NO_QUERY,MrTweetALot,#IranElection Khamenei is so full of crap Freedom of speech my ass.....,Friday,0.9443017244338989,0.05059492215514183,0.005103354342281818,Negative,-0.9391983700916171
0,2243322528,2009-06-19 13:18:10-07:00,NO_QUERY,xBlueEyes2x,@user Arghhhhhh msn being stupid and wont let me sign in :@ will keep trying though LoveYouuu xxx,Friday,0.784570574760437,0.15202021598815918,0.06340925395488739,Negative,-0.7211613208055496
0,1882200928,2009-05-22 06:25:46-07:00,NO_QUERY,lesliejam,Hoping to see a time soon when I don't have to answer the question what kind of pain is it? Dull or throbbing.....sigh,Friday,0.6355695724487305,0.29463574290275574,0.0697946697473526,Negative,-0.5657749027013779
4,1548527841,2009-04-17 21:12:13-07:00,NO_QUERY,crazybeauty86,@user Thank you so much!!,Friday,0.007921384647488594,0.016683749854564667,0.9753947854042053,Positive,0.9674734007567167
0,2234931040,2009-06-19 00:03:20-07:00,NO_QUERY,missyosigirl,@user i has donuts! but how to give them to you?,Friday,0.008652862161397934,0.8235520124435425,0.1677950918674469,Neutral,0.15914222970604897
4,2052074681,2009-06-05 23:35:10-07:00,NO_QUERY,rizwandean,Green tea,Friday,0.033543605357408524,0.6031262278556824,0.3633301258087158,Neutral,0.3297865204513073
0,2235885902,2009-06-19 02:19:10-07:00,NO_QUERY,x_Darcey831_x,"@user yes u haveeeeee! near Bath, awesome! but i cant go which means it'll actually be absolutely rubbishhhhh!!",Friday,0.5193377137184143,0.16772036254405975,0.31294190883636475,Negative,-0.20639580488204956
4,1962592051,2009-05-29 11:17:10-07:00,NO_QUERY,Rachel_410,@user Thanks for tweeting the New Moon clip link ! OME! I'm watching it over and over and over....,Friday,0.0019432998960837722,0.030196743085980415,0.9678599834442139,Positive,0.9659166835481301
4,2044896628,2009-06-05 09:57:46-07:00,NO_QUERY,HiImShauna,@user @user you guys entertain me. keep tweeting.,Friday,0.005554539617151022,0.04924030229449272,0.9452051520347595,Positive,0.9396506124176085
0,2240793027,2009-06-19 10:10:09-07:00,NO_QUERY,monzica,"@user im so jealous i want to see it! Its taping, dont get the channel here getting a Mcds too hehe",Friday,0.6980103254318237,0.20953264832496643,0.09245701134204865,Negative,-0.6055533140897751
4,1883116556,2009-05-22 08:02:05-07:00,NO_QUERY,NerdimusPrime,@user Have a good trip and lots of fun in Chicago.,Friday,0.002764367265626788,0.013822041451931,0.9834135174751282,Positive,0.9806491502095014
0,1960382852,2009-05-29 07:52:37-07:00,NO_QUERY,nancy1053,"We need to remodel the house and the thoughts of doing it make me kind of ill He has one way and I have anouther, I just want to move. !",Friday,0.7857047915458679,0.19514945149421692,0.019145691767334938,Negative,-0.766559099778533
4,2048514392,2009-06-05 15:19:27-07:00,NO_QUERY,KristenKBarnett,"Looking forward to the weekend! Celebrating mom's bday, a little scrapbooking, quality time w/my hubby and babies Does it get any better?",Friday,0.001499975100159645,0.010889778845012188,0.9876102209091187,Positive,0.986110245808959
4,2047966663,2009-06-05 14:27:19-07:00,NO_QUERY,mrsxkevxjay,"My computer crashed, but you could still check out my youtube. youtube.com/dRamatica1376",Friday,0.5016064047813416,0.4427063763141632,0.055687207728624344,Negative,-0.4459191970527172
0,2250109652,2009-06-19 23:43:34-07:00,NO_QUERY,liannaaa,phone needs to be repaired maybe,Friday,0.47471311688423157,0.4886895418167114,0.03659737482666969,Neutral,-0.4381157420575619
0,2247829056,2009-06-19 19:41:16-07:00,NO_QUERY,SmittySmiff,@user awe man. I got so excited.,Friday,0.0034676091745495796,0.010399958118796349,0.9861325025558472,Positive,0.9826648933812976
4,1676031358,2009-05-01 20:55:27-07:00,NO_QUERY,Scottiejmurray,Eatin brekky at a bite to eat yummy in my tummy,Friday,0.019831504672765732,0.22983676195144653,0.750331699848175,Positive,0.7305001951754093
0,2051308693,2009-06-05 21:36:16-07:00,NO_QUERY,Dani_Van_S,"I don't know if my heads gonna explode or cave in on itself. Either way, not good.",Friday,0.9301033020019531,0.062315307557582855,0.007581405807286501,Negative,-0.9225218961946666
0,2246126949,2009-06-19 17:07:57-07:00,NO_QUERY,allisonwills,"@user oh no you didnt not,your poor hair haha",Friday,0.7664204835891724,0.19936758279800415,0.03421187028288841,Negative,-0.732208613306284
0,2243289811,2009-06-19 13:15:40-07:00,NO_QUERY,JamesBarronFOX4,"...and as fate would have it, I'm having major voice issue but the show must go on!",Friday,0.38908666372299194,0.40692195296287537,0.2039913684129715,Neutral,-0.18509529531002045
0,2240521935,2009-06-19 09:50:47-07:00,NO_QUERY,haselwand,@user I wish it did! It doesn't include half of them. LOVE YOU!,Friday,0.0354076512157917,0.07383613288402557,0.8907561898231506,Positive,0.8553485386073589
0,1967335228,2009-05-29 19:23:36-07:00,NO_QUERY,_magic8ball,@user My sources say no,Friday,0.36761876940727234,0.6123829483985901,0.019998295232653618,Neutral,-0.3476204741746187
4,1882798663,2009-05-22 07:30:17-07:00,NO_QUERY,Bookworm,"@user Thanks, Mike!",Friday,0.004452623892575502,0.06902991980314255,0.9265174269676208,Positive,0.9220648030750453
4,1967494194,2009-05-29 19:41:02-07:00,NO_QUERY,philphenomenonx,Is going to watch up,Friday,0.03265863284468651,0.8124500513076782,0.154891237616539,Neutral,0.1222326047718525
0,2248846484,2009-06-19 21:16:57-07:00,NO_QUERY,DJTHEFUNNY,Chilling with my cat. I miss my girl and get come to sonic my aunt is rasing money for breast cancer text for details.!,Friday,0.4020323157310486,0.4208237826824188,0.177143856883049,Neutral,-0.22488845884799957
0,1963710302,2009-05-29 13:07:54-07:00,NO_QUERY,lovelyaiko,My last full day of even day classes. I'm a little sad,Friday,0.8845387101173401,0.10413036495447159,0.011330913752317429,Negative,-0.8732077963650227
4,1880400327,2009-05-22 01:06:19-07:00,NO_QUERY,craigrhoward,@user If you're going to bbq on gas you may aswell be cooking inside! where's the challenge if you know the food will cook properly?,Friday,0.3846237361431122,0.5670141577720642,0.04836205020546913,Neutral,-0.33626168593764305
4,1960591791,2009-05-29 08:12:10-07:00,NO_QUERY,Funkypotato,3 more exams to go. Easypeasy. ENGLAND HERE I COME! 10/13,Friday,0.03228991478681564,0.39689144492149353,0.5708186626434326,Positive,0.538528747856617
4,1961765638,2009-05-29 10:00:39-07:00,NO_QUERY,muhr,now you're there,Friday,0.02647762931883335,0.7433441281318665,0.23017823696136475,Neutral,0.2037006076425314
4,1969377445,2009-05-29 23:50:45-07:00,NO_QUERY,limers,"@user English, Filipino, and Japanese. hahaha! I can't curse in any other language hahaha",Friday,0.11652359366416931,0.39882948994636536,0.48464691638946533,Positive,0.368123322725296
0,1882693845,2009-05-22 07:19:28-07:00,NO_QUERY,Hollie_Ainslie,Is in hospital,Friday,0.4811512231826782,0.4736692011356354,0.045179594308137894,Negative,-0.43597162887454033
4,1964706513,2009-05-29 14:40:14-07:00,NO_QUERY,mintedscott,@user season 5 of ghost whisperer? do tell,Friday,0.02243787609040737,0.936634361743927,0.040927767753601074,Neutral,0.018489891663193703
0,1961891984,2009-05-29 10:12:07-07:00,NO_QUERY,RLKeane,wants this summer to actually have some sun in it,Friday,0.03160391002893448,0.27167588472366333,0.6967201828956604,Positive,0.6651162728667259
4,2051562096,2009-06-05 22:18:20-07:00,NO_QUERY,zerohitwonder,"David Sedaris loved my hair He asked what the style was called and I didn't have a name for it, so he dubbed it &quot;The Plexus&quot;.",Friday,0.006341496016830206,0.07203945517539978,0.9216190576553345,Positive,0.9152775616385043
0,1881524754,2009-05-22 04:53:55-07:00,NO_QUERY,mikeyfuzz,About to head off to a beach campsite and no t or internet til Sunday,Friday,0.1178944781422615,0.7878417372703552,0.09426380693912506,Neutral,-0.023630671203136444
4,1881338101,2009-05-22 04:21:59-07:00,NO_QUERY,kricket_rc234,"@user heyy yes, i'm here",Friday,0.0030860635451972485,0.25250306725502014,0.7444108724594116,Positive,0.7413248089142144
0,2048262450,2009-06-05 14:55:16-07:00,NO_QUERY,Nanu_oh,I'm cold Nothing better than a hot coffee and watch movies!,Friday,0.03297722339630127,0.14151574671268463,0.8255070447921753,Positive,0.792529821395874
0,2247395300,2009-06-19 19:02:00-07:00,NO_QUERY,drea510,oh my gosh! cant believe it's barely 7! today is going by SO slooooooow!!!!!,Friday,0.048049841076135635,0.072566919028759,0.8793832063674927,Positive,0.831333365291357
0,1967466256,2009-05-29 19:37:57-07:00,NO_QUERY,j007,Bored out of my gourd. If you're bored then you're boring?,Friday,0.8661690354347229,0.12334471195936203,0.010486224666237831,Negative,-0.8556828107684851
0,1881485449,2009-05-22 04:47:42-07:00,NO_QUERY,lizyrose,Rounders was awesome! One more eam! But it is physics!,Friday,0.003779594786465168,0.011341861449182034,0.9848784804344177,Positive,0.9810988856479526
0,1960448602,2009-05-29 07:58:54-07:00,NO_QUERY,beccabreu,"is just waking up.. not very impressed with my sleep or my dreams. today is going to be a sucky day, I can feel it",Friday,0.9531412720680237,0.04082943871617317,0.0060293227434158325,Negative,-0.9471119493246078
4,1960478635,2009-05-29 08:01:41-07:00,NO_QUERY,giazzpet,"if at first you don't get what you want, keep trying....or think of another avenue first - me",Friday,0.21906261146068573,0.6419591307640076,0.13897831737995148,Neutral,-0.08008429408073425
4,1962486542,2009-05-29 11:07:13-07:00,NO_QUERY,Christina_Sal,Date 3 tonight! 2 CAN PLAY THAT GAME; WAIT &amp;&amp; SEE! ITS NOT ON UR TIME ITS ON MINE &amp; I RUN THIS!!! ? Ready to go to the Lake tonight!!,Friday,0.027333009988069534,0.33443090319633484,0.6382361054420471,Positive,0.6109030954539776
0,2051464354,2009-06-05 22:05:29-07:00,NO_QUERY,ainebegonia,after an hour of maintenance(sp???) Twitter is being flaky for me.,Friday,0.8622447848320007,0.12861549854278564,0.009139626286923885,Negative,-0.8531051585450768
0,2249325399,2009-06-19 22:07:19-07:00,NO_QUERY,Crockettsgirl,Trying to go to sleep I miss the hubby shoulda had him come to Ohio,Friday,0.23665735125541687,0.559827446937561,0.20351524651050568,Neutral,-0.033142104744911194
4,1962867926,2009-05-29 11:49:36-07:00,NO_QUERY,CC_Cassin,@user {{{{{{huggsss}}}}} you,Friday,0.016912981867790222,0.3706292510032654,0.6124576926231384,Positive,0.5955447107553482
0,1880976957,2009-05-22 03:10:09-07:00,NO_QUERY,_emmajane_,"@user I watched another film with zach in last wkend, The Last Kiss, but found it boring though",Friday,0.5327271223068237,0.43462294340133667,0.0326499417424202,Negative,-0.5000771805644035
0,2244702857,2009-06-19 15:06:02-07:00,NO_QUERY,thefatlosskid,IM+ is shit. Keeps losing my Tweets. Gonna stick w/ Tweetie 4 now. On the train to &amp;other boring Sat at work,Friday,0.9377909898757935,0.05498452112078667,0.007224550005048513,Negative,-0.9305664398707449
4,2044407196,2009-06-05 09:18:48-07:00,NO_QUERY,Doc_Remy,@user 'Over there' is absolutely messy! See your smile is soooooo refreshing to me...,Friday,0.04141417145729065,0.09124966710805893,0.8673361539840698,Positive,0.8259219825267792
4,1881168565,2009-05-22 03:49:44-07:00,NO_QUERY,ananelson,yay! mathnet reference in XKCD!,Friday,0.0016403092304244637,0.03373858705163002,0.9646211862564087,Positive,0.9629808770259842
4,2050207484,2009-06-05 18:15:32-07:00,NO_QUERY,frankparker,"@user Me! In the gutter! Never! LOL ;-) Go get some sleep then, im going soon",Friday,0.04486526548862457,0.22053688764572144,0.7345978617668152,Positive,0.6897325962781906
0,2043922002,2009-06-05 08:36:39-07:00,NO_QUERY,Rachana,my throat hurts sooo much,Friday,0.8497731685638428,0.12223884463310242,0.02798798307776451,Negative,-0.8217851854860783
0,1963278132,2009-05-29 12:28:55-07:00,NO_QUERY,asholigee,my phone is dead and my charger is miles away.. @user i'll talk to you in august,Friday,0.9245601296424866,0.06940726190805435,0.006032589823007584,Negative,-0.918527539819479
4,1964063377,2009-05-29 13:40:07-07:00,NO_QUERY,KitaCupcake,just chilling on twitter,Friday,0.16320908069610596,0.729042649269104,0.1077483519911766,Neutral,-0.05546072870492935
0,2243644651,2009-06-19 13:42:53-07:00,NO_QUERY,missdiva27,About to start me shift.....bleh!!!!,Friday,0.5179769396781921,0.3893013298511505,0.09272172302007675,Negative,-0.4252552166581154
0,2247391981,2009-06-19 19:01:42-07:00,NO_QUERY,theKT,"why are they dating?? now they're ALL taken,, i won't have a chance at the concert this is so heart-breaking!",Friday,0.9388406872749329,0.05673302710056305,0.004426244646310806,Negative,-0.934414442628622
0,1880963764,2009-05-22 03:07:19-07:00,NO_QUERY,james_gough,i hate people in the northern hemisphere! summer holidays for those losers,Friday,0.9454155564308167,0.04672461375594139,0.00785981398075819,Negative,-0.9375557424500585
0,2243073188,2009-06-19 12:59:33-07:00,NO_QUERY,stfudemo,nearly KO-ed at work. the word anemic keeps being thrown around,Friday,0.5948635339736938,0.36699363589286804,0.03814282268285751,Negative,-0.5567207112908363
0,1969161371,2009-05-29 23:11:48-07:00,NO_QUERY,joliramos,want that 2 happen. God give me grace n strength to make it idk how else to say i w/o getting emotional...yuck,Friday,0.24874231219291687,0.3210105895996094,0.43024715781211853,Positive,0.18150484561920166
0,1968879225,2009-05-29 22:26:40-07:00,NO_QUERY,alixt,"Panic attacks are painful for me, my chest hurts",Friday,0.9242464900016785,0.06240971013903618,0.01334388181567192,Negative,-0.9109026081860065
0,2247572217,2009-06-19 19:17:53-07:00,NO_QUERY,amytranxo,should have tooken the weekend off still not fully recovered,Friday,0.8803621530532837,0.11074744164943695,0.008890358731150627,Negative,-0.8714717943221331
4,2044465053,2009-06-05 09:23:53-07:00,NO_QUERY,anthonyjohnston,@user I see what you did there .. Very good ! x x x,Friday,0.0025596152991056442,0.010545267723500729,0.9868950843811035,Positive,0.9843354690819979
4,1881130090,2009-05-22 03:42:05-07:00,NO_QUERY,rodet,@user wasnt I the guy with the pocket calculator? ... thanks for letting me discover @user though,Friday,0.005387253127992153,0.16700473427772522,0.8276079893112183,Positive,0.8222207361832261
4,1548319011,2009-04-17 20:37:37-07:00,NO_QUERY,bynjaimyn,So in love...,Friday,0.009904037229716778,0.040014490485191345,0.9500815272331238,Positive,0.940177490003407
4,1880533902,2009-05-22 01:35:06-07:00,NO_QUERY,michaelonabike,"work is fun! (runs away) such a nice sunshiney day, hope it stays like this",Friday,0.0032170868944376707,0.00899409968405962,0.9877888560295105,Positive,0.9845717691350728
0,1880208286,2009-05-22 00:27:11-07:00,NO_QUERY,tysrn,I can't believe final exam is next week! I don't even remember the subject on 1st semester,Friday,0.7859858274459839,0.17475415766239166,0.03926008939743042,Negative,-0.7467257380485535
4,1967117385,2009-05-29 19:00:18-07:00,NO_QUERY,BJoie,"@user ohhmmmm,, Come back heah... ohmmmmm",Friday,0.008620449341833591,0.7159848213195801,0.2753946781158447,Neutral,0.26677422877401114
4,1963114767,2009-05-29 12:13:32-07:00,NO_QUERY,TheHighRoad,@user whew. almost changed my perception of you. Now I can put you back on the pedestal.,Friday,0.11757037788629532,0.3447434902191162,0.5376861691474915,Positive,0.42011579126119614
4,1676483231,2009-05-01 22:10:48-07:00,NO_QUERY,marathonmaritza,@user good. I keep telling everyone I know. We all do it and I don't want any of you to learn the lesson like I did.,Friday,0.39523884654045105,0.42514553666114807,0.17961564660072327,Neutral,-0.21562319993972778
0,2051800172,2009-06-05 22:50:35-07:00,NO_QUERY,Yuleineeee,Jamming to Carrie Underwood &amp; Rascal Flatts in the car with the girls. On our way home! P.S; &quot;Land of the Lost -SUCKED.&quot; I didn't like it,Friday,0.4638267457485199,0.34866759181022644,0.18750572204589844,Negative,-0.27632102370262146
4,2048391709,2009-06-05 15:07:28-07:00,NO_QUERY,midsomerlover,@user Because it aired already I can get BBC 1 and 2 on my television. And Hugh was brilliant! :p,Friday,0.0020963705610483885,0.0296159740537405,0.9682876467704773,Positive,0.9661912762094289
4,2050773367,2009-06-05 19:16:01-07:00,NO_QUERY,dwsmillionthhug,@user [http] - Yeah... come to St. Louis... and Memphis... and Houston... @user,Friday,0.006857714150100946,0.7671549916267395,0.22598731517791748,Neutral,0.21912960102781653
0,1967043408,2009-05-29 18:52:13-07:00,NO_QUERY,PunkieDory,where the f are my pinking shears? rarararrrarararr...babyproofing while cutting stuff makes me stick shears random places &amp; forget them,Friday,0.9178205132484436,0.07427415996789932,0.007905303500592709,Negative,-0.9099152097478509
0,1957756631,2009-05-29 01:30:41-07:00,NO_QUERY,btudor,@user You've got to love fly tippers: [http] Worst I've seen is a dead mule dumped on Holmbury Hill.,Friday,0.7255769371986389,0.1847405731678009,0.08968251943588257,Negative,-0.6358944177627563
0,2239791688,2009-06-19 08:58:22-07:00,NO_QUERY,Ainmer,@user Ugh...,Friday,0.4651901423931122,0.45932748913764954,0.0754823386669159,Negative,-0.3897078037261963
4,2046726639,2009-06-05 12:36:09-07:00,NO_QUERY,BizarroBytes,"@user No bugs, eh? Better stay away from my story &quot;Parasite.&quot;",Friday,0.7964573502540588,0.17982684075832367,0.023715905845165253,Negative,-0.7727414444088936
4,2047988413,2009-06-05 14:29:21-07:00,NO_QUERY,Abbie_xD,@user I personally think you look amazing and back up what you are saying 100%,Friday,0.005552883259952068,0.01558088231831789,0.9788662791252136,Positive,0.9733133958652616
4,2052106587,2009-06-05 23:40:53-07:00,NO_QUERY,Vanellita,@user daaaaani congraaaatulaaaatiooons q fiino! Q emocioon jajaja es lo maximo qndo le dicen a uno q you have been accepted,Friday,0.013388562947511673,0.26311221718788147,0.7234992980957031,Positive,0.7101107351481915
0,2237191086,2009-06-19 05:21:22-07:00,NO_QUERY,lizkerr4sure,Fuck work. I just wanna sleep,Friday,0.857114851474762,0.10901038348674774,0.03387468680739403,Negative,-0.8232401646673679
4,2048801879,2009-06-05 15:47:53-07:00,NO_QUERY,VenusetSerena,Another day of intense running and tennis... hopefully it all pays off womens final in the morning Safina vs. Kuznetsova! Go Sveta!!!!,Friday,0.0023451214656233788,0.043347250670194626,0.9543076157569885,Positive,0.9519624942913651
0,1957522630,2009-05-29 00:46:04-07:00,NO_QUERY,rachellylove,im very sorry.,Friday,0.8005523681640625,0.18343687057495117,0.016010785475373268,Negative,-0.7845415826886892
0,1880228300,2009-05-22 00:31:13-07:00,NO_QUERY,Lizziebeth2586,laying here awake... should be sleeping... but i miss my love,Friday,0.5988219380378723,0.34688374400138855,0.054294291883707047,Negative,-0.5445276461541653
0,2046398455,2009-06-05 12:07:19-07:00,NO_QUERY,VikkSyn,@user Pullin a Cardo on a b.tch. What's been uppp.,Friday,0.17339344322681427,0.7435248494148254,0.08308171480894089,Neutral,-0.09031172841787338
4,2049028133,2009-06-05 16:10:21-07:00,NO_QUERY,sakuraphoto,"@user i have house fever big time, just not sure what we can afford, or if we'll even qualify for anything",Friday,0.8542870879173279,0.13479962944984436,0.010913312435150146,Negative,-0.8433737754821777
4,2045708470,2009-06-05 11:07:13-07:00,NO_QUERY,D_AMAZIN,wake up in the morning turn on music choice and what comes on...MICHAEL JACKSON BAD!!!!!!! this was the cut tho when i was a lil kid lol,Friday,0.34645581245422363,0.3651064932346344,0.28843769431114197,Neutral,-0.058018118143081665
4,2051802221,2009-06-05 22:50:54-07:00,NO_QUERY,coolakool7,Minneapolis tomorrow and Australia on Tuesday yay i love life,Friday,0.002042013918980956,0.022209741175174713,0.9757482409477234,Positive,0.9737062270287424
0,2245668083,2009-06-19 16:27:59-07:00,NO_QUERY,NateLewis,I have (4) $100 Amex gift cards -- want a Kindle but AMZ does not take multiple cards at once. Booooo -- not sure what to do with these,Friday,0.7458186149597168,0.22792980074882507,0.026251699775457382,Negative,-0.7195669151842594
4,2051842538,2009-06-05 22:56:59-07:00,NO_QUERY,tweeteradder6,@user Get 100 followers a day using [http] Once you add everyone you are on the train or pay vip,Friday,0.00840500183403492,0.7979506850242615,0.19364431500434875,Neutral,0.18523931317031384
0,2240139470,2009-06-19 09:23:14-07:00,NO_QUERY,D5quared,Just had blood drawn. Apparently I have bad veins. My Dr. is a bitch. My arm hurts,Friday,0.9549036622047424,0.03939714655280113,0.005699194967746735,Negative,-0.9492044672369957
4,1966114026,2009-05-29 17:09:02-07:00,NO_QUERY,xSummerLovinx,@user I like your Twitter pic!,Friday,0.003581674536690116,0.02729901485145092,0.9691193699836731,Positive,0.965537695446983
0,1966593771,2009-05-29 18:03:03-07:00,NO_QUERY,katshimmers,@user pretty crap! looks like i'm going to have to move out of balcatta,Friday,0.9471824765205383,0.04749922826886177,0.005318291485309601,Negative,-0.9418641850352287
0,1881255121,2009-05-22 04:06:31-07:00,NO_QUERY,EvenInArcadia,@user Same here... Poor show!!,Friday,0.9376561045646667,0.05539698153734207,0.006946915294975042,Negative,-0.9307091892696917
0,1962733435,2009-05-29 11:33:31-07:00,NO_QUERY,BadPC,"My guitar ain't herew yet?, feel like i lost a limb!.",Friday,0.9325414896011353,0.05939647927880287,0.008061938919126987,Negative,-0.9244795506820083
0,2051442804,2009-06-05 22:01:58-07:00,NO_QUERY,wtfitzsoyummiee,"anxious! hope my grades stay the same and raise! hope geometry have more extra credits, 2 pts away from an A!! i want tht A",Friday,0.15096402168273926,0.2605709731578827,0.5884650349617004,Positive,0.4375010132789612
0,2246203126,2009-06-19 17:14:43-07:00,NO_QUERY,princesssrox,becuz of the before we had before the last day of school my bangs have a permanent green highlight dang my mothers gonna kill me,Friday,0.8628153204917908,0.12658654153347015,0.010598189197480679,Negative,-0.8522171312943101
4,2046682446,2009-06-05 12:32:17-07:00,NO_QUERY,PortDiscovery,Thinking of booking a school/group trip to Port Discovery? Contact Kristie Guilick in our Group Sales Dept. at 410.864.2664,Friday,0.007348712533712387,0.9139007329940796,0.07875058799982071,Neutral,0.07140187546610832
4,1882303642,2009-05-22 06:37:33-07:00,NO_QUERY,classimami,@user aww thanks boo,Friday,0.007318653166294098,0.03505895286798477,0.9576223492622375,Positive,0.9503036960959435
0,2245007878,2009-06-19 15:31:30-07:00,NO_QUERY,xxJaviJav,watching nascar qualifying in sonoma. gahhh I wanna be there,Friday,0.012771348468959332,0.09630696475505829,0.8909217119216919,Positive,0.8781503634527326
4,1966672984,2009-05-29 18:11:22-07:00,NO_QUERY,Halleybug36,listening to paranoid... nick makes me smile BUTTERFLIEZZZ,Friday,0.0038301944732666016,0.03754802048206329,0.9586217999458313,Positive,0.9547916054725647
0,2238154752,2009-06-19 06:53:56-07:00,NO_QUERY,firecracker35,"Ok, so the job market sucks big time out there! 2 family members laid off in the last 2 weeks. Let me know if you have any admin jobs.",Friday,0.9302887320518494,0.06344331800937653,0.006267853546887636,Negative,-0.9240208785049617
0,2044026726,2009-06-05 08:45:46-07:00,NO_QUERY,minglemaddie,i've tried my best for not thinking damn much. but its still spinning on my head. anyone reveal insomnia potion pls,Friday,0.8740551471710205,0.1157589703798294,0.010185862891376019,Negative,-0.8638692842796445
0,2234920989,2009-06-19 00:02:03-07:00,NO_QUERY,IslanderBri,i'm wide awake with nothing to do. ugh!,Friday,0.8778710961341858,0.10960343480110168,0.012525543570518494,Negative,-0.8653455525636673
4,2046196131,2009-06-05 11:49:55-07:00,NO_QUERY,rachelmahoney,wanna babysit tonight?,Friday,0.02146013453602791,0.9262099862098694,0.052329789847135544,Neutral,0.030869655311107635
4,1960192831,2009-05-29 07:34:21-07:00,NO_QUERY,starsweeper,"Watching The Office before work. &quot;No, Rose, they are not breathing. And they have no arms or legs.&quot; haha",Friday,0.31286007165908813,0.5012660026550293,0.18587400019168854,Neutral,-0.1269860714673996
0,1882191859,2009-05-22 06:24:44-07:00,NO_QUERY,Jayme1988,@user Good you feel well. I am good thanks. just waiting for the end of work,Friday,0.008258569054305553,0.057220038026571274,0.9345213770866394,Positive,0.9262628080323339
0,1965980697,2009-05-29 16:54:05-07:00,NO_QUERY,joshg85,"ugh gone through 2 new phones and now my screen is black, which means no texting",Friday,0.8507151007652283,0.1356915831565857,0.01359336357563734,Negative,-0.8371217371895909
4,1676222041,2009-05-01 21:25:34-07:00,NO_QUERY,clara018,I'm about to be finish with this story! ha! I'll gonna post it soon,Friday,0.002151245716959238,0.08801348507404327,0.9098352193832397,Positive,0.9076839736662805
0,1961243505,2009-05-29 09:12:08-07:00,NO_QUERY,DonnaWilliams85,extremely bored.,Friday,0.7928990125656128,0.18237966299057007,0.024721423164010048,Negative,-0.7681775894016027
4,2048349307,2009-06-05 15:03:30-07:00,NO_QUERY,CedricDiggory,"Sitting in Mike's apartment while he's at work with Shelbz, Emz, Steph, and Chez Going to Shane's soon",Friday,0.005477193742990494,0.9113413095474243,0.0831814631819725,Neutral,0.07770426943898201
4,1883094142,2009-05-22 07:59:58-07:00,NO_QUERY,pinky_dink82,"Going to use the Dwight (the Office US) method of looking busy, typing his name over and over and over again",Friday,0.0762171670794487,0.8342939019203186,0.08948895335197449,Neutral,0.013271786272525787
0,1676590196,2009-05-01 22:30:55-07:00,NO_QUERY,tuffasnuts,attempting to get PCTV working on Vista Premium. The out of the box install failed.,Friday,0.8065028786659241,0.1820991486310959,0.011397997848689556,Negative,-0.7951048808172345
0,2239592018,2009-06-19 08:43:52-07:00,NO_QUERY,SylvieSOfasho,Ughhh I could have slept in but I'm soo used to waking up early. Work at 10,Friday,0.7993638515472412,0.18201319873332977,0.018622934818267822,Negative,-0.7807409167289734
4,1880936050,2009-05-22 03:01:33-07:00,NO_QUERY,lisabjerre,"@user Social media savvy youngsters know how to tweet smart If they don't, they're not cut out for it?",Friday,0.3556746542453766,0.580808699131012,0.06351657956838608,Neutral,-0.2921580746769905
4,1880848657,2009-05-22 02:43:16-07:00,NO_QUERY,andyenglish,"Last day of this illustration job... seems to be moving nicely but, as usual, I have saved the trickiest until last. Before that, a map",Friday,0.008406644687056541,0.07795999944210052,0.913633406162262,Positive,0.9052267614752054
0,1969142870,2009-05-29 23:08:42-07:00,NO_QUERY,ultraterry,@user its gonna take foreverrrr,Friday,0.8364071249961853,0.1508791744709015,0.01271367073059082,Negative,-0.8236934542655945
0,1966043399,2009-05-29 17:01:05-07:00,NO_QUERY,t_petrillo,Homework &amp; Study Guides,Friday,0.1050572469830513,0.8343633413314819,0.060579460114240646,Neutral,-0.044477786868810654
0,2045284454,2009-06-05 10:30:16-07:00,NO_QUERY,MilanChristophr,@user goodmorning misster although I'm mad at you!,Friday,0.5783870220184326,0.28972765803337097,0.1318853348493576,Negative,-0.446501687169075
0,2247327426,2009-06-19 18:56:01-07:00,NO_QUERY,kingscorpio09,@user Noooo im gonna goo OJ on that chick lol. Nah have fun at the awards,Friday,0.4296877384185791,0.34132179617881775,0.22899049520492554,Negative,-0.20069724321365356
4,1966114878,2009-05-29 17:09:07-07:00,NO_QUERY,reikifurbabies,@user Thanks That is her &quot;crunchy&quot; kittie,Friday,0.004094733856618404,0.10012297332286835,0.8957822918891907,Positive,0.8916875580325723
0,1963131303,2009-05-29 12:15:05-07:00,NO_QUERY,gabiigarcia,my hair won't turn whiiite,Friday,0.6257439255714417,0.35585230588912964,0.018403830006718636,Negative,-0.607340095564723
4,1957740979,2009-05-29 01:27:43-07:00,NO_QUERY,SenjaParkkinen,is going shopping today,Friday,0.02348330244421959,0.8650516867637634,0.11146502941846848,Neutral,0.08798172697424889
4,1881230821,2009-05-22 04:01:53-07:00,NO_QUERY,cjs_3,Give to Charities ........Refer Friends ........ Then Earn.......... Come Join Me [http],Friday,0.003953225910663605,0.4479619264602661,0.5480848550796509,Positive,0.5441316291689873
4,2047571021,2009-06-05 13:51:07-07:00,NO_QUERY,THE_TOPIC,"@user i'll tell you whats up Rich just joined twitter, lol ...I see you still looking as fine as you did @ st. john's what's good V?",Friday,0.00452228682115674,0.11325230449438095,0.8822254538536072,Positive,0.8777031670324504
4,1883432859,2009-05-22 08:32:36-07:00,NO_QUERY,kellypuffs,@user: absolutely! Happy vacation!,Friday,0.0031755424570292234,0.00955294631421566,0.9872714877128601,Positive,0.9840959452558309
0,1957524173,2009-05-29 00:46:21-07:00,NO_QUERY,biglime,"Ghhh! Went an hour earlier to bed thinking ill get an area hr of sleep, woke up an hr earlier. Today is gonna be a looooong one again.",Friday,0.6833508014678955,0.25206711888313293,0.06458204984664917,Negative,-0.6187687516212463
0,2051452301,2009-06-05 22:03:30-07:00,NO_QUERY,mzsonia,Boy! Twitter really not like'in me right now.,Friday,0.9152971506118774,0.07187800109386444,0.012824798934161663,Negative,-0.9024723516777158
4,1880830575,2009-05-22 02:39:29-07:00,NO_QUERY,ChellyBum,yayyay getaway and amity next weekend,Friday,0.002130560576915741,0.034371357411146164,0.963498055934906,Positive,0.9613674953579903
0,2243378221,2009-06-19 13:22:26-07:00,NO_QUERY,aggiieee,30stm playin at london tommorow &amp; only london in england,Friday,0.005335386376827955,0.9183973073959351,0.07626737654209137,Neutral,0.07093199016526341
0,2247196320,2009-06-19 18:44:03-07:00,NO_QUERY,Rockin_Robyn,"Monster migraine all day- meds not working, might as well be popping candy.",Friday,0.8993498086929321,0.08524011075496674,0.01541010569781065,Negative,-0.8839397029951215
4,1957394055,2009-05-29 00:21:54-07:00,NO_QUERY,rtirado,@user I bet it was...,Friday,0.10297834873199463,0.618720531463623,0.27830109000205994,Neutral,0.1753227412700653
0,2239370649,2009-06-19 08:27:40-07:00,NO_QUERY,Serescobar,@user: well have fun call me when u get a change,Friday,0.002776299836114049,0.04085821658372879,0.9563655257225037,Positive,0.9535892258863896
0,2049536637,2009-06-05 17:03:14-07:00,NO_QUERY,dropdeadcaveman,I miss my xbox 360,Friday,0.16918647289276123,0.3543390929698944,0.47647449374198914,Positive,0.3072880208492279
4,1548284813,2009-04-17 20:32:10-07:00,NO_QUERY,DanteSephiroth,I'm thinking of you. [http],Friday,0.021772351115942,0.5259777307510376,0.4522498846054077,Neutral,0.4304775334894657
0,2049702086,2009-06-05 17:20:47-07:00,NO_QUERY,GreenEyedGrin,@user,Friday,0.07691410183906555,0.6813771724700928,0.24170877039432526,Neutral,0.1647946685552597
0,1880173440,2009-05-22 00:20:09-07:00,NO_QUERY,Asilady,Anyone else feel alone tonight,Friday,0.7293647527694702,0.2521493136882782,0.01848588138818741,Negative,-0.7108788713812828
4,1968317485,2009-05-29 21:11:28-07:00,NO_QUERY,treewatcher21,"@user yeah,that's true !",Friday,0.011063318699598312,0.1775585263967514,0.8113781213760376,Positive,0.8003148026764393
4,2047703361,2009-06-05 14:03:02-07:00,NO_QUERY,lizzyv12,.... ditching.....,Friday,0.49575528502464294,0.4771251380443573,0.027119487524032593,Negative,-0.46863579750061035
4,2050528535,2009-06-05 18:49:56-07:00,NO_QUERY,Sh3G4,"The good thing is tha today is FRIDAY!! And that means, is weekend!! And thereÂ´s no school! Yayyyy!",Friday,0.002766794292256236,0.010234118439257145,0.9869990944862366,Positive,0.9842323001939803
0,2045260887,2009-06-05 10:28:15-07:00,NO_QUERY,familychoice,"@user I'm so fed up with this site, it's taken ten times longer to build and worst of all it's a freebie",Friday,0.9559194445610046,0.03839169442653656,0.005688844248652458,Negative,-0.9502306003123522
0,2050947345,2009-06-05 19:34:58-07:00,NO_QUERY,feathersong,"@user yeah, I'm catching up on tweets and saw it's been a day to forget for you, so sorry",Friday,0.7653275728225708,0.21876254677772522,0.015909891575574875,Negative,-0.7494176812469959
4,1961004215,2009-05-29 08:50:22-07:00,NO_QUERY,SedonaClarke,[http] - The Best movie i have seen in my life! 3D Made it alot better,Friday,0.002810666337609291,0.007939429022371769,0.9892499446868896,Positive,0.9864392783492804
0,2248806891,2009-06-19 21:12:56-07:00,NO_QUERY,imsobakedrtnow,gonna ATTEMPT to fall asleep..this shall be funnnn,Friday,0.0036426852457225323,0.057116635143756866,0.9392406344413757,Positive,0.9355979491956532
0,1966568172,2009-05-29 18:00:21-07:00,NO_QUERY,lonemat,@user i want teddys to love me,Friday,0.025584720075130463,0.3606526255607605,0.613762617111206,Positive,0.5881778970360756
0,2245949331,2009-06-19 16:52:33-07:00,NO_QUERY,rhaay,@user eu sempre tenho vou te add no heybroccoli!,Friday,0.01623675972223282,0.8563916683197021,0.12737154960632324,Neutral,0.11113478988409042
0,2248138607,2009-06-19 20:09:40-07:00,NO_QUERY,susiegirltellem,Last night in California.,Friday,0.019908035174012184,0.9172971248626709,0.06279483437538147,Neutral,0.042886799201369286
0,1965477238,2009-05-29 15:59:31-07:00,NO_QUERY,luduhkris,too bad i'm @ work ...,Friday,0.9067348837852478,0.08526179194450378,0.008003249764442444,Negative,-0.8987316340208054
0,2249190560,2009-06-19 21:52:52-07:00,NO_QUERY,ohbernbern,@user aw I missed you! I had to work,Friday,0.5110902786254883,0.29538941383361816,0.19352029263973236,Negative,-0.3175699859857559
4,1676065801,2009-05-01 21:00:40-07:00,NO_QUERY,nkotbblockhead,@user good knight don't tink! ;P,Friday,0.006494917906820774,0.0428151860833168,0.9506898522377014,Positive,0.9441949343308806
0,2046723350,2009-06-05 12:35:52-07:00,NO_QUERY,nicole328,@user what song? I'm at lunch,Friday,0.0063099912367761135,0.871448814868927,0.12224123626947403,Neutral,0.11593124503269792
0,2244347480,2009-06-19 14:37:42-07:00,NO_QUERY,bratt,@user sorry to hear that. hope it gets better.,Friday,0.5044875144958496,0.3956359624862671,0.0998765155673027,Negative,-0.4046109989285469
4,1957467663,2009-05-29 00:35:37-07:00,NO_QUERY,perfectdeath,Congrats Gerard and Lindsey! You guys are gonna make AMAZING parents!,Friday,0.0033447376918047667,0.007749828509986401,0.9889054298400879,Positive,0.9855606921482831
4,2051250112,2009-06-05 21:20:05-07:00,NO_QUERY,jproudfo,"Really feel like an American tonight... Drove 15 mins and was in line for 20 mins for a free donut. The economics seem wrong, somehow.",Friday,0.6684988737106323,0.26083970069885254,0.07066144049167633,Negative,-0.597837433218956
0,1967165275,2009-05-29 19:05:25-07:00,NO_QUERY,kellyske,"took a nap with Micah just now and I'm still exhausted...Might resort to coffee...wait no, it's too late in the day for coffee",Friday,0.3487991690635681,0.5674387216567993,0.08376209437847137,Neutral,-0.26503707468509674
4,1966373728,2009-05-29 17:38:55-07:00,NO_QUERY,Money_all_day,"@user ROFL! For real, the Hills, Harlem Heights,Charm School,etc. etc. aint got nothing on what could be!!! But soon-trust &amp; believe!",Friday,0.05143380165100098,0.2795102894306183,0.6690558791160583,Positive,0.6176220774650574
4,1966764595,2009-05-29 18:21:27-07:00,NO_QUERY,sjaydacapricorn,"Okay denver let's do this, let's win this game please. Happy b day by the way melo",Friday,0.003143060952425003,0.03747769445180893,0.959379255771637,Positive,0.956236194819212
4,1882248137,2009-05-22 06:31:14-07:00,NO_QUERY,DarkPiano,"@user Hey there, Catrina! Happy Friday.",Friday,0.0026439004577696323,0.015362278558313847,0.9819938540458679,Positive,0.9793499535880983
0,2047614848,2009-06-05 13:55:06-07:00,NO_QUERY,SearaNicole,Been sicky in bed all day,Friday,0.8916806578636169,0.0925307348370552,0.015788603574037552,Negative,-0.8758920542895794
0,2044456141,2009-06-05 09:23:05-07:00,NO_QUERY,janita7,my heand hurts,Friday,0.7693084478378296,0.1789761334657669,0.051715362817049026,Negative,-0.7175930850207806
0,2051156535,2009-06-05 19:57:59-07:00,NO_QUERY,ChrisIsWrong,First day of summer is over. Starting to sink in is the fact that my girlfriend time has been severely limited,Friday,0.6362591981887817,0.328779011964798,0.034961849451065063,Negative,-0.6012973487377167
4,1881578993,2009-05-22 05:02:20-07:00,NO_QUERY,Meghuber,Morning y'all. I am off to sub for PE. Can I make them run laps all day? No? Darn.,Friday,0.3210742473602295,0.5282416939735413,0.15068404376506805,Neutral,-0.17039020359516144
0,2047902497,2009-06-05 14:21:14-07:00,NO_QUERY,jedidiah08,The pirates do suck. Sorry nacho. Its never gonna happen,Friday,0.9300416111946106,0.06178353354334831,0.008174841292202473,Negative,-0.9218667699024081
4,1957720392,2009-05-29 01:23:35-07:00,NO_QUERY,Ilariat93,@user i agree... Love italy...,Friday,0.003769579576328397,0.016290485858917236,0.979939877986908,Positive,0.9761702984105796
4,1967983394,2009-05-29 20:33:28-07:00,NO_QUERY,Devynn323,readingg,Friday,0.11254004389047623,0.6558185815811157,0.23164138197898865,Neutral,0.11910133808851242
0,2247040254,2009-06-19 18:30:02-07:00,NO_QUERY,WhatsTheT,@user it rarely happens but I'm human.,Friday,0.2552361786365509,0.663558304309845,0.08120546489953995,Neutral,-0.17403071373701096
0,1967551587,2009-05-29 19:47:22-07:00,NO_QUERY,ohrio,@user were u at wonderland today? we did the beep test,Friday,0.0051193623803555965,0.8010726571083069,0.1938079297542572,Neutral,0.1886885673739016
4,1676562465,2009-05-01 22:25:38-07:00,NO_QUERY,itfeltsoweird,"@user I don't care. Assuming you're posting either lyrics or a title, I'm doing the same. Apocalyptica",Friday,0.213485449552536,0.6868393421173096,0.09967520087957382,Neutral,-0.11381024867296219
0,2247038033,2009-06-19 18:29:50-07:00,NO_QUERY,esposj,@user sorry to hear happy thoughts beamed your way.,Friday,0.20114666223526,0.3775063753128052,0.4213469326496124,Positive,0.22020027041435242
4,1676455548,2009-05-01 22:05:48-07:00,NO_QUERY,chrissylvester,Finished marshalling at the triathlon - off to find beer and food,Friday,0.006103340536355972,0.5650344491004944,0.42886218428611755,Neutral,0.4227588437497616
4,2048093503,2009-06-05 14:39:11-07:00,NO_QUERY,kellymarie4,happy birthday to my brother bologna and @user. hope you both are having fantastic days!,Friday,0.002102981321513653,0.006043766159564257,0.9918532967567444,Positive,0.9897503154352307
4,1548499787,2009-04-17 21:07:27-07:00,NO_QUERY,edgar_ardon,@user watching Shockwave !!,Friday,0.00471779890358448,0.5612929463386536,0.4339892864227295,Neutral,0.429271487519145
0,1967360378,2009-05-29 19:26:19-07:00,NO_QUERY,Twit_WorLd,#TWRF My besties. If only @user was there. on Twitpic: [http] - My besties. If only.. [http],Friday,0.004868875257670879,0.07784818112850189,0.9172829985618591,Positive,0.9124141233041883
4,1965697204,2009-05-29 16:22:43-07:00,NO_QUERY,FraBernal,@user YEAHHH,Friday,0.01919938065111637,0.2984308898448944,0.6823697090148926,Positive,0.6631703283637762
4,1967419282,2009-05-29 19:32:41-07:00,NO_QUERY,rehes,@user grass is always greener,Friday,0.00930348876863718,0.11723536998033524,0.873461127281189,Positive,0.8641576385125518
4,1960874130,2009-05-29 08:38:16-07:00,NO_QUERY,Elliecan,Workout time... Lets go!!!,Friday,0.004241910297423601,0.08253245055675507,0.9132256507873535,Positive,0.9089837404899299
4,1882356697,2009-05-22 06:43:28-07:00,NO_QUERY,MeGgy,What a happy lunchtime - New shoes at a bargain price,Friday,0.0020950534380972385,0.00851180125027895,0.9893931150436401,Positive,0.9872980616055429
0,2246656577,2009-06-19 17:55:47-07:00,NO_QUERY,iTomath,Ah damn I'm tired. Never anyone online at this time to talk to I'm like the only person who stays up late out of my friends.. pfft,Friday,0.8895900249481201,0.10072910785675049,0.00968088023364544,Negative,-0.8799091447144747
4,1965525966,2009-05-29 16:04:30-07:00,NO_QUERY,MrsAtwood,@user Feel good about it. Failure is just a learning experience.,Friday,0.029422959312796593,0.1126452386379242,0.8579317927360535,Positive,0.8285088334232569
0,1881656987,2009-05-22 05:14:28-07:00,NO_QUERY,Brett_Terry,For some reason I was wide awake at 6:00 this morning even though I didn't go to bed until after 3:00. Sad day...no sleep.,Friday,0.8699188828468323,0.12010683119297028,0.00997425802052021,Negative,-0.8599446248263121
4,1961047352,2009-05-29 08:54:19-07:00,NO_QUERY,TayHartsMusic,it's acctually sunny today,Friday,0.0030420999974012375,0.030693989247083664,0.9662639498710632,Positive,0.963221849873662
4,1965932493,2009-05-29 16:48:38-07:00,NO_QUERY,RickyNichols,At Alfresco Fridays festival DTown at the outside of the plaza theatre. Free. 202 playing. Till 730. come play,Friday,0.0040860408917069435,0.7051584720611572,0.2907554507255554,Neutral,0.2866694098338485
0,2236256337,2009-06-19 03:14:22-07:00,NO_QUERY,bemadder,I wanna play with my dogs but they're asleep.,Friday,0.6148859262466431,0.34353455901145935,0.04157952591776848,Negative,-0.5733064003288746
4,1880839101,2009-05-22 02:41:17-07:00,NO_QUERY,tpphotography,@user congratulations - lisa - they are one lucky couple,Friday,0.0038667561020702124,0.012847657315433025,0.9832856059074402,Positive,0.97941884980537
0,1968173758,2009-05-29 20:54:16-07:00,NO_QUERY,Nchalada,@user need a delete button on Thumbwhere... the 2 photos i sent dint' come out very well this mornin',Friday,0.89316725730896,0.09885510057210922,0.007977664470672607,Negative,-0.8851895928382874
0,2052055129,2009-06-05 23:31:45-07:00,NO_QUERY,miss_alliev,@user shattered that they're already bringing out a better iPhone.. I thought I was safe for 12 months at least!!,Friday,0.13060571253299713,0.3146434426307678,0.5547508001327515,Positive,0.42414508759975433
4,2049895788,2009-06-05 17:41:36-07:00,NO_QUERY,Florrciita,"@user seriously Demi, you're amazing!! apart from having a wonderful voice, it's so kind of you to say those words!",Friday,0.00888806488364935,0.01188029907643795,0.979231595993042,Positive,0.9703435311093926
0,2240626976,2009-06-19 09:58:22-07:00,NO_QUERY,codePrincess,"know i'm a bit late on this, but: the season final of heroes was... ridiculous",Friday,0.8666987419128418,0.11693647503852844,0.016364838927984238,Negative,-0.8503339029848576
4,2049744096,2009-06-05 17:25:21-07:00,NO_QUERY,mattmaloney,@user awesome,Friday,0.008470344357192516,0.0332842655479908,0.9582454562187195,Positive,0.949775111861527
0,1961261937,2009-05-29 09:13:50-07:00,NO_QUERY,d0rsch,Hallooo bayern!hallooo stau!,Friday,0.022515347227454185,0.4531649649143219,0.5243196487426758,Positive,0.5018043015152216
4,1964480780,2009-05-29 14:18:12-07:00,NO_QUERY,Tanya_xO,can't get Fly With Me out if my head...not that I want to,Friday,0.6488990187644958,0.31841614842414856,0.03268482908606529,Negative,-0.6162141896784306
0,1881880683,2009-05-22 05:46:16-07:00,NO_QUERY,mcraddictal,@user you have enough stuff to worry about...,Friday,0.33735984563827515,0.6091018915176392,0.053538281470537186,Neutral,-0.28382156416773796
4,1961594303,2009-05-29 09:44:45-07:00,NO_QUERY,patte3992,"Good night! Early day tomorrow! Youth Aflame, &quot;Palarong Pinoy&quot; tomorrow @ church, 8am. Don't be late!",Friday,0.004706225823611021,0.1309732049703598,0.8643205761909485,Positive,0.8596143503673375
4,1881947808,2009-05-22 05:55:07-07:00,NO_QUERY,SharitaBBJ,Is headed to Alabama to see my little big brother graduate from high school,Friday,0.006775268819183111,0.7518258094787598,0.2413988560438156,Neutral,0.2346235872246325
0,2238781835,2009-06-19 07:43:58-07:00,NO_QUERY,baileso,@user can that count as a carb and a protein for me???,Friday,0.03542495146393776,0.9168209433555603,0.04775411635637283,Neutral,0.012329164892435074
0,2051227046,2009-06-05 21:13:28-07:00,NO_QUERY,wynsters,FTW: bought many books today FTL: bit my tongue so hard it bled,Friday,0.1604846566915512,0.5021886825561523,0.33732667565345764,Neutral,0.17684201896190643
0,2244893813,2009-06-19 15:21:56-07:00,NO_QUERY,Glitter_City,My bunny died,Friday,0.7890583276748657,0.1845109462738037,0.0264306478202343,Negative,-0.7626276798546314
0,1957303384,2009-05-29 00:06:00-07:00,NO_QUERY,AyoMillions,@user No twitpic? lol,Friday,0.09019587934017181,0.8282479047775269,0.0815563052892685,Neutral,-0.00863957405090332
0,2247413241,2009-06-19 19:03:37-07:00,NO_QUERY,belenneleb,"@user i need they to come back here. i sin chiruzas, solitos por favor POR FAVORRRRR",Friday,0.012747599743306637,0.15616659820079803,0.8310858011245728,Positive,0.8183382013812661
4,1964241277,2009-05-29 13:56:11-07:00,NO_QUERY,SaraGray89,hot pink nail polish makes me,Friday,0.05096352472901344,0.20169399678707123,0.7473424673080444,Positive,0.696378942579031
4,1960293242,2009-05-29 07:44:05-07:00,NO_QUERY,StudioDaCapo,"Recently retouched. [http] Finally got it to work, I think. An old dog can learn new tricks, see?",Friday,0.007848517037928104,0.25506412982940674,0.7370873093605042,Positive,0.729238792322576
4,1960389854,2009-05-29 07:53:17-07:00,NO_QUERY,anambanana,@user thanks.,Friday,0.011482778936624527,0.29057934880256653,0.6979378461837769,Positive,0.6864550672471523
0,2049555023,2009-06-05 17:05:09-07:00,NO_QUERY,zaurav,@user yeah I'm still working on it. Theres a LOT of stuff left to do,Friday,0.22204788029193878,0.6151207089424133,0.1628313958644867,Neutral,-0.05921648442745209
0,2048789247,2009-06-05 15:46:38-07:00,NO_QUERY,meggytron,@user It's such BULLSHIT. I'm sorry &lt;3333333,Friday,0.9540873765945435,0.03980167210102081,0.006110953167080879,Negative,-0.9479764234274626
4,1967250968,2009-05-29 19:14:22-07:00,NO_QUERY,BookishlyFab,@user I meant &quot;worse&quot; not &quot;worst.&quot;,Friday,0.6937880516052246,0.2725588083267212,0.03365310654044151,Negative,-0.6601349450647831
4,1963908839,2009-05-29 13:26:02-07:00,NO_QUERY,TheRealAngelena,"ANYWAYS, FOLLOW FRIDAY FOLLOW ME @user AND I WILL FOLLOW YOU BACK. HOPEFULLY I GET 1000 FOLLOWERS BY THE END OF THE WEEK. HAHA",Friday,0.00415518693625927,0.05805850401520729,0.9377862811088562,Positive,0.9336310941725969
0,1963963696,2009-05-29 13:30:59-07:00,NO_QUERY,kaylapotter89,This Water Horse movie is totally making me want to go to Scotland. I want a water horse lol,Friday,0.0062330798245966434,0.042348094284534454,0.9514187574386597,Positive,0.945185677614063
0,2051134402,2009-06-05 19:55:34-07:00,NO_QUERY,matthewfong,"@user not out, there never is any",Friday,0.31585177779197693,0.6346288919448853,0.04951934143900871,Neutral,-0.2663324363529682
4,1967849060,2009-05-29 20:19:18-07:00,NO_QUERY,Hueeezy,i love my momma. she treats me like im still 5 years old.,Friday,0.0077390847727656364,0.015699993818998337,0.9765609502792358,Positive,0.9688218655064702
4,1958076347,2009-05-29 02:34:46-07:00,NO_QUERY,conversegirl101,parttyy tonightt. off to dubaii-lermall tweet outtt.,Friday,0.014838368631899357,0.6369864344596863,0.3481752276420593,Neutral,0.33333685901015997
4,1991718378,2009-06-01 07:32:30-07:00,NO_QUERY,Casserella,@user I've felt like that,Monday,0.3437556326389313,0.5798514485359192,0.07639295607805252,Neutral,-0.26736267656087875
4,1997873374,2009-06-01 17:36:14-07:00,NO_QUERY,Missmikelah,@user soon I hope! I'm still getting better myself but def want to take her out soon,Monday,0.008921219035983086,0.10589735954999924,0.8851814866065979,Positive,0.8762602675706148
4,1993905582,2009-06-01 11:06:41-07:00,NO_QUERY,ShiyamaE,"Hwk, Class, Laying out all day, more crazy amounts of hwk but nothing is better than laying out in this sun and getting my tan on",Monday,0.01603042148053646,0.08848929405212402,0.8954803347587585,Positive,0.8794499132782221
4,1564469591,2009-04-20 03:38:30-07:00,NO_QUERY,rwwr,@user do you own any cologne? that's for your Q&amp;A.,Monday,0.06499925255775452,0.8914139270782471,0.043586842715740204,Neutral,-0.021412409842014313
0,2177704475,2009-06-15 06:33:49-07:00,NO_QUERY,keeyoe,I came back home from work. So tired today 4days interval influenced probably.,Monday,0.7819969058036804,0.19879531860351562,0.019207797944545746,Negative,-0.7627891078591347
4,1696003612,2009-05-04 07:24:40-07:00,NO_QUERY,agibsmith,This is great! I just found out that it's Star Wars Day. &quot;May the 4th&quot; be with you! Have you hugged your Ewok today?,Monday,0.0019170459127053618,0.008004006929695606,0.9900789260864258,Positive,0.9881618801737204
4,2188031215,2009-06-15 21:11:16-07:00,NO_QUERY,charlotte_yo,"trying to convice my mum 2 stop eating red meat, and to buy me a puppy it aint workin so far yet tho, ill keep yooh all posted xx",Monday,0.37480032444000244,0.5265945792198181,0.09860511869192123,Neutral,-0.2761952057480812
0,1989919124,2009-06-01 03:16:07-07:00,NO_QUERY,NANCY___,@user the clash are too good for their armand van halen ears.,Monday,0.11468492448329926,0.40508827567100525,0.4802267253398895,Positive,0.36554180085659027
4,1992708625,2009-06-01 09:11:41-07:00,NO_QUERY,KandiceLeigh,I had forgotten how therapeutic a cigarette was.,Monday,0.14825952053070068,0.22042587399482727,0.6313146352767944,Positive,0.48305511474609375
4,1573026392,2009-04-20 23:25:56-07:00,NO_QUERY,simonsolli,Just arrived at school. We're talking about meat and stuff mmmmmmmm..,Monday,0.01822727359831333,0.7436767816543579,0.23809590935707092,Neutral,0.2198686357587576
4,2176849898,2009-06-15 04:54:06-07:00,NO_QUERY,donyablaze,Truly excited about this Monday and expecting greatness. Shouts to Coka for the inspiration!,Monday,0.002441350370645523,0.0071250335313379765,0.9904335737228394,Positive,0.9879922233521938
0,2178448319,2009-06-15 07:42:59-07:00,NO_QUERY,Nawel_xx,@user I WANNA MOVE TO LONDON!!!!!!!! LOOOOOOOOOOL!! it sucks living in kent.. haha,Monday,0.8910537362098694,0.08599230647087097,0.022953925654292107,Negative,-0.8680998105555773
4,1995939902,2009-06-01 14:17:01-07:00,NO_QUERY,KristinFOD,YAY for cheap flights!!!,Monday,0.0028077056631445885,0.013366427272558212,0.9838258624076843,Positive,0.9810181567445397
0,2180167127,2009-06-15 10:06:02-07:00,NO_QUERY,MissTonix,I bet it gets worse,Monday,0.8613386154174805,0.12028361856937408,0.01837780699133873,Negative,-0.8429608084261417
0,1990389975,2009-06-01 04:44:24-07:00,NO_QUERY,jasdans,@user the thing is i had iberry's horlics choc cake for lunch and am still feeling sick,Monday,0.8733766674995422,0.11329179257154465,0.013331538997590542,Negative,-0.8600451285019517
4,1999511025,2009-06-01 20:20:42-07:00,NO_QUERY,nthmost,"You know, @user, you might be right.",Monday,0.04005727916955948,0.5802867412567139,0.37965595722198486,Neutral,0.3395986780524254
0,2181508307,2009-06-15 11:55:26-07:00,NO_QUERY,DanaK6,@user totally! I'm jealous! cake &amp; flapjack!,Monday,0.783519983291626,0.15829169750213623,0.058188267052173615,Negative,-0.7253317162394524
0,2282823120,2009-06-22 11:51:14-07:00,NO_QUERY,wondergirlsarah,today i'm obsessed with sailor moon i want to make a video but sony vegas wont go,Monday,0.02163619175553322,0.08097869902849197,0.8973851203918457,Positive,0.8757489286363125
4,1834488420,2009-05-18 03:07:40-07:00,NO_QUERY,dinosaurrrrs,Wheeeeeeeeeeeeeeeeeeeeeeeeeeeeeeeeeeeeeeee,Monday,0.05311383306980133,0.6817077398300171,0.265178382396698,Neutral,0.21206454932689667
0,1989963916,2009-06-01 03:25:28-07:00,NO_QUERY,gingermail,I'm not allowed outside today. I got too burnt yesterday,Monday,0.861588716506958,0.1259153038263321,0.012495918199419975,Negative,-0.849092798307538
0,1991129189,2009-06-01 06:27:36-07:00,NO_QUERY,keeksmiele,missing all time low...,Monday,0.28377240896224976,0.6415329575538635,0.0746946632862091,Neutral,-0.20907774567604065
0,2287990169,2009-06-22 18:34:12-07:00,NO_QUERY,mellynn30052,i really want my mac to come back on,Monday,0.022713659331202507,0.2000616043806076,0.7772247195243835,Positive,0.754511060193181
0,2286044085,2009-06-22 15:55:22-07:00,NO_QUERY,Drayshawn,"@user AWW man that sucks. That whip is the shit, with it's WI-Fi....LMAO!!!",Monday,0.9506591558456421,0.042188338935375214,0.007152420934289694,Negative,-0.9435067349113524
4,1696133938,2009-05-04 07:40:47-07:00,NO_QUERY,comzeradd,back to athens. ????? ? ??????,Monday,0.3291352093219757,0.6457740664482117,0.025090640410780907,Neutral,-0.3040445689111948
4,2176737431,2009-06-15 04:38:03-07:00,NO_QUERY,genvongrimm,Twitterrific works again. Yayyyy,Monday,0.00330737023614347,0.025429870933294296,0.9712627530097961,Positive,0.9679553827736527
0,2181617284,2009-06-15 12:04:13-07:00,NO_QUERY,inkgypsy,@user Season 2 - Amazing wonderful! And then Season 3!! Jackzilla is too young to be Buffy friendly yet have to sneak in viewings...,Monday,0.01933511532843113,0.07781261950731277,0.9028522372245789,Positive,0.8835171218961477
4,2184184343,2009-06-15 15:32:30-07:00,NO_QUERY,RadioKiller87,B-O-O-S-I-E B-A-D-A-Z-Z that's me! wipe me down,Monday,0.2206820398569107,0.4656510651111603,0.3136668801307678,Neutral,0.09298484027385712
4,1835547673,2009-05-18 06:14:21-07:00,NO_QUERY,kayasmith,@user @user so guys did u enjoy my muffins? x,Monday,0.0026321089826524258,0.10913268476724625,0.8882352113723755,Positive,0.8856031023897231
0,1997499239,2009-06-01 16:57:34-07:00,NO_QUERY,katewalling,@user Thanks! The Blackberry app isn't as good I think I'll sign in/ sign out for now.,Monday,0.840653657913208,0.14802005887031555,0.011326291598379612,Negative,-0.8293273663148284
0,1833903753,2009-05-18 00:52:55-07:00,NO_QUERY,appieschot,virtual machine beta doesn't support disk sizes of 172 gb,Monday,0.7375116348266602,0.24734310805797577,0.01514520775526762,Negative,-0.7223664270713925
4,1834010767,2009-05-18 01:17:06-07:00,NO_QUERY,sugartastic,"@user Nah, you're not old! XD Lots of people don't know what &quot;XD&quot; means. But it's good you know &quot;LOL&quot;.",Monday,0.057555586099624634,0.21029111742973328,0.7321532964706421,Positive,0.6745977103710175
0,1997453425,2009-06-01 16:52:39-07:00,NO_QUERY,emilykatee,@user come back to adelaide!! i miss you your two shows in adelaide were amazing!! and cant wait to see it for a third time in augus &lt;3,Monday,0.0022051818668842316,0.007818939164280891,0.9899758696556091,Positive,0.9877706877887249
4,2180102220,2009-06-15 10:00:49-07:00,NO_QUERY,wendy_fred6,"@user Hehe yeah, the beer bike is becoming a normal thing in #Amsterdam. Quite fun imho [http]",Monday,0.0017795910825952888,0.01732020266354084,0.9809002876281738,Positive,0.9791206965455785
4,1996616085,2009-06-01 15:23:19-07:00,NO_QUERY,evilbobby,"@user good point, but I would need to see some twitpics too otherwise not much fun",Monday,0.4556885361671448,0.4403360188007355,0.10397543758153915,Negative,-0.3517130985856056
0,2175120927,2009-06-15 00:08:18-07:00,NO_QUERY,ladyliin,"testweek, here I come.",Monday,0.05760326609015465,0.6490799188613892,0.2933168411254883,Neutral,0.23571357503533363
4,2185804523,2009-06-15 17:55:53-07:00,NO_QUERY,savina_donitia,@user ...my favorite rapper Jay Z (he is a great rapper but not my favorite lyricist) ...fav lyricist is Common &quot;Be&quot; album,Monday,0.010103720240294933,0.09837833791971207,0.8915179371833801,Positive,0.8814142169430852
4,1991624899,2009-06-01 07:22:35-07:00,NO_QUERY,gregstephenson,"@user As I typed that, I was thinking something like that and was hoping no one would pounce on it. Git.",Monday,0.4954870045185089,0.4576539397239685,0.046858999878168106,Negative,-0.4486280046403408
0,1989944859,2009-06-01 03:21:29-07:00,NO_QUERY,maheshpai,but not exactly the photo i wanted,Monday,0.6119758486747742,0.3682717978954315,0.019752351567149162,Negative,-0.592223497107625
0,2188529265,2009-06-15 22:03:58-07:00,NO_QUERY,no_ware_land,purchased sum travel size shampoo bottles &amp; just realized tht they dont hv the plastic recycle logo. does tht mean theyre not recyclable?,Monday,0.5151786208152771,0.46634235978126526,0.01847902499139309,Negative,-0.496699595823884
0,1835306082,2009-05-18 05:40:42-07:00,NO_QUERY,Mal_de_Mer,@user Hope you work things out I can tell you really love each other and we all have these moments in marriage...work through it,Monday,0.012052440084517002,0.06890048086643219,0.9190471172332764,Positive,0.9069946771487594
0,2178320965,2009-06-15 07:31:40-07:00,NO_QUERY,mmariulaand,"@user *suerte que no fui ! y DO YOU KNOW WHAT? no esta cosa tiene que ser si o si por msn ,",Monday,0.3716740906238556,0.5892317295074463,0.03909417614340782,Neutral,-0.33257991448044777
0,2283769744,2009-06-22 13:02:48-07:00,NO_QUERY,dangerrD,"@user: me freakin toooo, and I'm making goals on an empty tummmy",Monday,0.2539437413215637,0.36433491110801697,0.3817213475704193,Positive,0.1277776062488556
4,1835424330,2009-05-18 05:57:48-07:00,NO_QUERY,MissShivi,"@user umm, not overlly well but I'll have a go, with whatever you need",Monday,0.05520406737923622,0.7211371064186096,0.22365878522396088,Neutral,0.16845471784472466
0,1835629069,2009-05-18 06:25:02-07:00,NO_QUERY,DaSkalar,This ride seem long as hell I'M BORED,Monday,0.9189507365226746,0.06892933696508408,0.012119945138692856,Negative,-0.9068307913839817
0,1834287863,2009-05-18 02:21:14-07:00,NO_QUERY,_alexxxx,exams why are you so lame. Go away,Monday,0.9212992191314697,0.07148359715938568,0.0072172293439507484,Negative,-0.914081989787519
4,1990938972,2009-06-01 06:04:28-07:00,NO_QUERY,jasonbetts,@user Love the fact u got that pic as ur profile now.. How come ur allowed to sleep ??? Do you not work?!?!,Monday,0.09820248186588287,0.23137925565242767,0.6704182624816895,Positive,0.5722157806158066
4,1992541205,2009-06-01 08:55:18-07:00,NO_QUERY,luckiethirteen,i.DO.NOT.HOOK.UP,Monday,0.621527373790741,0.3349410891532898,0.043531518429517746,Negative,-0.5779958553612232
4,2000644563,2009-06-01 22:35:47-07:00,NO_QUERY,gabeevictoriaxo,@user yesss please &lt;3,Monday,0.005028661340475082,0.04739982634782791,0.9475715160369873,Positive,0.9425428546965122
4,1834622251,2009-05-18 03:37:53-07:00,NO_QUERY,buffyc,@user aw how lovely! hope you had a fantastic time such a wonderful part of the country,Monday,0.004278997890651226,0.008985384367406368,0.9867357015609741,Positive,0.9824567036703229
4,1989107358,2009-06-01 00:22:07-07:00,NO_QUERY,JayJay512,Contemplating whether or not to turn in my Blackberry Pearl for 60 swagbucks!!,Monday,0.1251334547996521,0.7618291974067688,0.1130373403429985,Neutral,-0.012096114456653595
4,2181924384,2009-06-15 12:29:04-07:00,NO_QUERY,clayray3290,@user CONGRATS ON THE TEEN CHOICE AWARD NOM!!!!,Monday,0.004361395258456469,0.019039608538150787,0.9765989780426025,Positive,0.9722375827841461
4,1990685644,2009-06-01 05:30:08-07:00,NO_QUERY,jameswoodcock,"If you have a YouTube account, please register on my channel to monitor all my gaming HD features - [http] - Please re-tweet",Monday,0.003551101079210639,0.6564474701881409,0.3400014340877533,Neutral,0.33645033300854266
4,1998574638,2009-06-01 18:46:35-07:00,NO_QUERY,iamsuperbianca,"@user congratulaaaaations!!!!!!!!! soo proud of you!! see?! you can sooo do it! now, you'll miss school, i tell you! haha!",Monday,0.0037489780224859715,0.006902498193085194,0.9893485307693481,Positive,0.9855995527468622
4,1991513143,2009-06-01 07:10:26-07:00,NO_QUERY,Yntet,Nokia 5800 XpressMusic or iPhone 3G??? whaddaya think guys?? GuEve!!,Monday,0.023967182263731956,0.7181938290596008,0.25783899426460266,Neutral,0.2338718120008707
4,1995764384,2009-06-01 14:00:39-07:00,NO_QUERY,QueenBee77,@user Well how fun is that!!! I will try that with my family! Happy birthday whenever the fuck it is!!! LOL!,Monday,0.03842126578092575,0.05290877819061279,0.9086698889732361,Positive,0.8702486231923103
4,2177294345,2009-06-15 05:50:36-07:00,NO_QUERY,Noodlez,woo! Time to watch the first ep of True Blood season 2! I am of course currently in the US of A,Monday,0.002545079682022333,0.2056785374879837,0.7917764186859131,Positive,0.7892313390038908
4,1563866203,2009-04-20 00:37:46-07:00,NO_QUERY,SusanB920,Vote your opinion on Susan Boyle! [http],Monday,0.031485751271247864,0.9115594029426575,0.05695488676428795,Neutral,0.025469135493040085
0,1994539850,2009-06-01 12:04:31-07:00,NO_QUERY,yosoyian,I need a haircut,Monday,0.20347659289836884,0.5468854308128357,0.24963802099227905,Neutral,0.04616142809391022
0,2179838505,2009-06-15 09:39:14-07:00,NO_QUERY,Jansy9,I think God is giving me stuff to prove that the last stuff that I thought was so awful wasn't really that bad...,Monday,0.11708571761846542,0.239711731672287,0.643202543258667,Positive,0.5261168256402016
0,2188828452,2009-06-15 22:38:52-07:00,NO_QUERY,liz777ann2,I love kitties...(and I am missing two right now) ...but it's okay...,Monday,0.028704019263386726,0.08148195594549179,0.889814019203186,Positive,0.8611099999397993
0,1991062239,2009-06-01 06:19:39-07:00,NO_QUERY,emymsm,wants to play sims3!!,Monday,0.006295154802501202,0.1819067895412445,0.8117980360984802,Positive,0.805502881295979
4,1992559262,2009-06-01 08:57:07-07:00,NO_QUERY,poojajose,@user OMG!!! I AM SO happy you won!! You looked amazing last night! COngratulations big time!! You deserve it!,Monday,0.005346405319869518,0.006614473648369312,0.9880390763282776,Positive,0.9826926710084081
4,1989211071,2009-06-01 00:43:41-07:00,NO_QUERY,Solidblue22,"I have to say, Star Trek is the best movie ive seen all year and i hate science fiction !!",Monday,0.028283728286623955,0.0441218763589859,0.9275943636894226,Positive,0.8993106354027987
4,1564056290,2009-04-20 01:32:46-07:00,NO_QUERY,AmberDeeS,"is at work, on another beautiful day wish i could be outside playing xoxo",Monday,0.006061771418899298,0.02246025577187538,0.9714779257774353,Positive,0.965416154358536
4,1993906014,2009-06-01 11:06:44-07:00,NO_QUERY,Fallingupagain5,Lunch date with my girlfriend in law!,Monday,0.001992304576560855,0.2055971920490265,0.7924104928970337,Positive,0.7904181883204728
0,1834041917,2009-05-18 01:24:14-07:00,NO_QUERY,Saaamanthaaa,"off to learn some more, i dont wanna learn anymore oh well, bye!",Monday,0.8702343106269836,0.11798501014709473,0.011780709959566593,Negative,-0.858453600667417
4,2179253055,2009-06-15 08:51:14-07:00,NO_QUERY,AndrewKeys,@user super excited for you guys to come to VA,Monday,0.001723553752526641,0.008115197531878948,0.9901611804962158,Positive,0.9884376267436892
0,2180748655,2009-06-15 10:53:31-07:00,NO_QUERY,EllieLeddra,"@user i would love to me at the concert right now x I have no idea, about the poor laws, i get all the rest of it, but not thatx",Monday,0.15710891783237457,0.23843921720981598,0.6044518947601318,Positive,0.44734297692775726
4,1993861169,2009-06-01 11:02:39-07:00,NO_QUERY,sheb57,"@user How your exam go ?, I finally got completion today on ex OH part-buying me out !",Monday,0.03914780914783478,0.6073805689811707,0.35347163677215576,Neutral,0.314323827624321
4,1833929974,2009-05-18 00:59:01-07:00,NO_QUERY,Starpiss,"@user Aww, i just read your first comment. You're really sweet Yeah i'm startin to, i mean he moved on it's about time i do!",Monday,0.007392271421849728,0.03407170996069908,0.9585360288619995,Positive,0.9511437574401498
0,1991142169,2009-06-01 06:29:08-07:00,NO_QUERY,camillamjy,shit im bored,Monday,0.8342124223709106,0.14298637211322784,0.022801263257861137,Negative,-0.8114111591130495
4,1835310949,2009-05-18 05:41:24-07:00,NO_QUERY,nurezki19,@user I really love ur handworks dyy. it's all beautiful&amp; awesome! reallyy nice job,Monday,0.006880828645080328,0.009738738648593426,0.9833804368972778,Positive,0.9764996082521975
4,1564282851,2009-04-20 02:43:11-07:00,NO_QUERY,MarLo2332,Pay your tribute to bob today...ONE LOVE...,Monday,0.011203363537788391,0.2741246819496155,0.7146719694137573,Positive,0.7034686058759689
4,1990485273,2009-06-01 04:59:56-07:00,NO_QUERY,JoDuxbury,@user @user I'm with you. Not keen to hire staff - practice what I preach and outsource to freelancers,Monday,0.7066575288772583,0.27834805846214294,0.014994440600275993,Negative,-0.6916630882769823
0,1467881897,2009-04-06 22:38:30-07:00,NO_QUERY,drtaru,@user but i cant figure out how to get there / back / pay for a hotel etc,Monday,0.7176546454429626,0.2718678116798401,0.010477568954229355,Negative,-0.7071770764887333
0,2186435456,2009-06-15 18:50:11-07:00,NO_QUERY,bridgetitty,@user That's no fun! Have a happy birthday anyway!! lots of love!!!!!!!,Monday,0.05069262161850929,0.08106720447540283,0.8682401180267334,Positive,0.8175474964082241
4,2000446395,2009-06-01 22:08:03-07:00,NO_QUERY,stromcarlson,"@user Hey, if you can make it down to los feliz, youre welcome to come with. Otherwise, a trip to SJ is in order",Monday,0.006825750693678856,0.3634936511516571,0.6296806335449219,Positive,0.622854882851243
4,1989732480,2009-06-01 02:36:49-07:00,NO_QUERY,jeffeio,Gnight everybody,Monday,0.034865424036979675,0.34083595871925354,0.624298632144928,Positive,0.5894332081079483
4,1998958869,2009-06-01 19:24:29-07:00,NO_QUERY,lovestoned420,watching never before seen footage from my life on the d list. yay! miss kathy!,Monday,0.0156152518466115,0.1381017565727234,0.846282958984375,Positive,0.8306677071377635
0,2178671573,2009-06-15 08:02:29-07:00,NO_QUERY,jrwho,Was sooooo not wanting to get up this morning! *yawn* I'm still sleepy!,Monday,0.8738934397697449,0.10501297563314438,0.021093646064400673,Negative,-0.8527997937053442
0,1695107676,2009-05-04 05:13:28-07:00,NO_QUERY,VanityDemented,My ipod just died.,Monday,0.8812583088874817,0.10072404146194458,0.01801765151321888,Negative,-0.8632406573742628
0,1997025484,2009-06-01 16:07:08-07:00,NO_QUERY,grantmcherron,"@user @user Yup - appears to be a combo of turbulance, lightning and a massive electrical failure",Monday,0.8196329474449158,0.165127694606781,0.015239417552947998,Negative,-0.8043935298919678
4,1695805232,2009-05-04 06:59:16-07:00,NO_QUERY,mlexiehayden,Good Morning Twits! Let's makes today x100 better than the one before! Start runnin,Monday,0.002481083618476987,0.01286347210407257,0.984655499458313,Positive,0.982174415839836
4,2184764174,2009-06-15 16:23:11-07:00,NO_QUERY,Missjz,hey after hours of trying 2 upload a tut i finally got it done please check my beauty blog at [http],Monday,0.004592625889927149,0.22427335381507874,0.7711340188980103,Positive,0.7665413930080831
4,2177946138,2009-06-15 06:57:35-07:00,NO_QUERY,silly_kookie,off for a bit. toodle-pip! xx,Monday,0.010235016234219074,0.45022663474082947,0.5395383238792419,Positive,0.5293033076450229
0,1997571211,2009-06-01 17:04:57-07:00,NO_QUERY,TinaManzano,@user hey timmay! nah giant step tonight. still at work have fun sonnnnn,Monday,0.003801046870648861,0.04469932243227959,0.9514995813369751,Positive,0.9476985344663262
0,2188633169,2009-06-15 22:15:37-07:00,NO_QUERY,alvinordonez,@user i can sign onto iChat but my buddy list is empty. n on my mom's laptop it says my stuff is temporarily unavailable,Monday,0.751206636428833,0.23995722830295563,0.008836126886308193,Negative,-0.7423705095425248
4,1998230032,2009-06-01 18:12:28-07:00,NO_QUERY,JavierPradilla,@user: &quot;Bet you were aching to log on to blip. @user Blink 182 â I Miss You&quot;- I did!!! LOL â« [http],Monday,0.04342659190297127,0.3480389416217804,0.6085344552993774,Positive,0.5651078633964062
0,2175955753,2009-06-15 02:29:32-07:00,NO_QUERY,emilieburt,i hate pollen!! woke up and had a sneezing attack asthma and hayfever = BIGGEST ANNOYANCE EVER!!,Monday,0.9588375687599182,0.03292429819703102,0.008238144218921661,Negative,-0.9505994245409966
4,1836153464,2009-05-18 07:28:30-07:00,NO_QUERY,MelissAcevedo,dammnit I'm lit. &amp;dammnit I kn0 ders b0ut2be kiLLer traFFic! &amp; ya d0nt even kn0 h0w haPPy I am dats its back2sch00l,Monday,0.024176279082894325,0.10401776432991028,0.8718060255050659,Positive,0.8476297464221716
4,1836062952,2009-05-18 07:17:55-07:00,NO_QUERY,MariCreagh,"Waking going to finish the God Father Part Three, clean my house and work on my book",Monday,0.009985205717384815,0.669552743434906,0.32046207785606384,Neutral,0.310476872138679
4,2176698950,2009-06-15 04:32:27-07:00,NO_QUERY,tekkiepinay,@user that's an exaggeration. LOL.. Connection is too slow. google.com takes &gt;5secs to load.,Monday,0.8088960647583008,0.15710502862930298,0.03399889916181564,Negative,-0.7748971655964851
4,1999966483,2009-06-01 21:09:11-07:00,NO_QUERY,cashexpert,"@user A full CPA you might not be, but you never know when other CPA's need someone on the inside.",Monday,0.14428748190402985,0.7749585509300232,0.0807538777589798,Neutral,-0.06353360414505005
0,2175559528,2009-06-15 01:19:59-07:00,NO_QUERY,mikeySTRENGTH,good movie :\ wish she was watching it,Monday,0.007815904915332794,0.03537135571241379,0.9568127393722534,Positive,0.9489968344569206
4,1565295158,2009-04-20 06:24:32-07:00,NO_QUERY,dakegra,"@user chocolate tea? Hmm. Not sure about that one. Chocolate *and* tea, yes. Oh, yes.",Monday,0.04492157697677612,0.5449327826499939,0.41014564037323,Neutral,0.36522406339645386
0,2176512469,2009-06-15 04:04:19-07:00,NO_QUERY,xxrawkstarx,"damn i want to go to school,, urggg",Monday,0.19151772558689117,0.47968295216560364,0.32879936695098877,Neutral,0.1372816413640976
0,1994093295,2009-06-01 11:24:12-07:00,NO_QUERY,ifka_j,I should learn history now. and chemistry. and maths. and I just really really don't wanna do it.,Monday,0.9077860713005066,0.08465155959129333,0.0075624058954417706,Negative,-0.9002236654050648
0,2282248529,2009-06-22 11:07:42-07:00,NO_QUERY,litlestar23,"doing admission on a 26! year old girl. i wonder what happens in a lifetime that can bring you here, by the time you are 26. sad",Monday,0.7632740139961243,0.22393392026424408,0.012792116031050682,Negative,-0.7504818979650736
0,1563850348,2009-04-20 00:33:10-07:00,NO_QUERY,TangyFruits,@user then theres this one what always gets to me [http] big what if...,Monday,0.5678750872612,0.40327420830726624,0.028850702568888664,Negative,-0.5390243846923113
0,2175330689,2009-06-15 00:41:23-07:00,NO_QUERY,SelenaShines,Oh that was a lame one,Monday,0.8024661540985107,0.17193205654621124,0.025601815432310104,Negative,-0.7768643386662006
4,2179220906,2009-06-15 08:48:37-07:00,NO_QUERY,_katusha_,Distance would be nice! 6 miles today,Monday,0.00918031856417656,0.1050761416554451,0.8857435584068298,Positive,0.8765632398426533
4,1999708036,2009-06-01 20:40:59-07:00,NO_QUERY,lestockdrop,@user drink more!!! pretty please,Monday,0.004003705456852913,0.0348513089120388,0.9611449837684631,Positive,0.9571412783116102
4,2178235007,2009-06-15 07:23:56-07:00,NO_QUERY,R_Arblaster,@user a warm weekend,Monday,0.005078621208667755,0.12700706720352173,0.8679143190383911,Positive,0.8628356978297234
4,2000790982,2009-06-01 22:58:32-07:00,NO_QUERY,shivaranjan,@user @user liked your blog posts series on Guys should cry or not..,Monday,0.021486975252628326,0.3866519629955292,0.5918610692024231,Positive,0.5703740939497948
4,1996554054,2009-06-01 15:16:50-07:00,NO_QUERY,chantellmarie,@user O ok... Well have fun and handle business,Monday,0.010186875239014626,0.17601175606250763,0.8138014078140259,Positive,0.8036145325750113
4,2184065088,2009-06-15 15:22:16-07:00,NO_QUERY,tweeteradder7,@user Get 100 followers a day using [http] Once you add everyone you are on the train or pay vip,Monday,0.008405004628002644,0.7979509234428406,0.19364407658576965,Neutral,0.185239071957767
4,2182530486,2009-06-15 13:17:36-07:00,NO_QUERY,Lexi_JAKE,"@user Hello Tom, how are you? How feels Marvin? The others are nice with him? Xxxx",Monday,0.006702500861138105,0.14885663986206055,0.8444408774375916,Positive,0.8377383765764534
0,2288006465,2009-06-22 18:35:33-07:00,NO_QUERY,candacemurphy,@user ily&lt;3 I miss you already! see you thursday?,Monday,0.0041519952937960625,0.01671125926077366,0.9791367053985596,Positive,0.9749847101047635
0,2176206182,2009-06-15 03:13:14-07:00,NO_QUERY,daniyaatmawan,"since i moved to twitter, ive lost lot of my friends. ahh bad.",Monday,0.9191185235977173,0.074692003428936,0.006189470179378986,Negative,-0.9129290534183383
4,1564253387,2009-04-20 02:33:52-07:00,NO_QUERY,ashleystunning,@user i have the funniest thing to tell you,Monday,0.009808124974370003,0.040269944816827774,0.9499219655990601,Positive,0.9401138406246901
4,1999256363,2009-06-01 19:54:31-07:00,NO_QUERY,heyyitsryan,@user Yess! Can't wait!,Monday,0.003469462040811777,0.011783705092966557,0.9847468137741089,Positive,0.9812773517332971
4,2185034700,2009-06-15 16:47:12-07:00,NO_QUERY,sweetmonimons,@user - you'll be happy to know that @user is making his tron helmet right now!,Monday,0.0020277940202504396,0.04407873749732971,0.9538934826850891,Positive,0.9518656886648387
4,1999609872,2009-06-01 20:30:58-07:00,NO_QUERY,levibouska,Paranoid. - mmmmmm. why did you download it..hahaÂ Iâm ashamed of myself. [http],Monday,0.9368002414703369,0.056240443140268326,0.006959305144846439,Negative,-0.9298409363254905
4,1694477337,2009-05-04 02:48:26-07:00,NO_QUERY,davtoole,@user Ah now Comedy Central have Frasier all morning till twelve. So I guess there goes my morning,Monday,0.46173620223999023,0.46546870470046997,0.07279502600431442,Neutral,-0.3889411762356758
0,1989623403,2009-06-01 02:12:51-07:00,NO_QUERY,rossw9,@user Yup. Far too hot in this room.,Monday,0.5426301956176758,0.38621991872787476,0.07114993780851364,Negative,-0.47148025780916214
0,2181302315,2009-06-15 11:38:37-07:00,NO_QUERY,clubalektrablue,A pic of us wicked girls yesterday.. ;) missing stormy [http],Monday,0.2469784915447235,0.506368100643158,0.24665340781211853,Neutral,-0.00032508373260498047
0,1564619968,2009-04-20 04:17:51-07:00,NO_QUERY,Purelyfood,trying to get my head round how twitter works! Will have to wait till later - got to go to work way too sunny!,Monday,0.37291303277015686,0.537051796913147,0.09003511816263199,Neutral,-0.28287791460752487
4,1770924312,2009-05-11 22:38:30-07:00,NO_QUERY,hannahrivera,is updating her plurk [http],Monday,0.021167458966374397,0.937727153301239,0.04110537841916084,Neutral,0.019937919452786446
4,1992771669,2009-06-01 09:17:45-07:00,NO_QUERY,xHelloCallie,@user omg 54 days?! or 55 still....lets go with 54 IM SO EXCITEDDD!!!!!!!,Monday,0.0018104101764038205,0.010103355161845684,0.9880862236022949,Positive,0.9862758134258911
0,1694762743,2009-05-04 04:01:36-07:00,NO_QUERY,roguemm,At least I still have the bourbon,Monday,0.026784494519233704,0.34748148918151855,0.6257340312004089,Positive,0.5989495366811752
0,1989116684,2009-06-01 00:24:00-07:00,NO_QUERY,madlymint,my ethnography is gonna suck so hard. it's worth 50% of my entire grade. fml,Monday,0.9549936652183533,0.0394120067358017,0.005594348534941673,Negative,-0.9493993166834116
4,2182888800,2009-06-15 13:46:05-07:00,NO_QUERY,mvidaure,Heading out to an interview! Wish me luck,Monday,0.006022332701832056,0.15263399481773376,0.8413437008857727,Positive,0.8353213681839406
0,1994836022,2009-06-01 12:32:03-07:00,NO_QUERY,swanx065,"@user Also, if you were watching, why didn't you liveblog with gamer and I",Monday,0.10492181777954102,0.8641162514686584,0.030961912125349045,Neutral,-0.07395990565419197
4,2182427946,2009-06-15 13:09:23-07:00,NO_QUERY,pandora_radio,@user Hi Hunter - You can suggest music for our collection at suggest-music@user.com. Thanks! Lucia,Monday,0.003460499458014965,0.2150816023349762,0.7814579010009766,Positive,0.7779974015429616
0,2184361338,2009-06-15 15:47:52-07:00,NO_QUERY,treehousedays,"I got all excited when I saw Transformers in the free movie section on On Demand, but it turned out to be a cartoon version.",Monday,0.0695713460445404,0.29936403036117554,0.6310645937919617,Positive,0.5614932477474213
0,2284230039,2009-06-22 13:37:36-07:00,NO_QUERY,sparklyboo89,Misses her mum already ! .,Monday,0.24519851803779602,0.3832486569881439,0.37155288457870483,Neutral,0.1263543665409088
0,1992823613,2009-06-01 09:22:47-07:00,NO_QUERY,MLynn4Heas,Don't feel good at all today,Monday,0.8770585656166077,0.1011429876089096,0.021798498928546906,Negative,-0.8552600666880608
0,2180019829,2009-06-15 09:54:11-07:00,NO_QUERY,RicardoFranke,@user ieks,Monday,0.07021640986204147,0.799801230430603,0.12998239696025848,Neutral,0.05976598709821701
0,1994012184,2009-06-01 11:16:31-07:00,NO_QUERY,vickyjones91,"Air France, its so sad.",Monday,0.924365758895874,0.06759939342737198,0.008034821599721909,Negative,-0.9163309372961521
4,1992687809,2009-06-01 09:09:41-07:00,NO_QUERY,RapidRevision,Booked lunch for two in August for a very special event at Le Manoir. Even though Menu du Jour Luncheon better start saving up now,Monday,0.009609287604689598,0.22510240972042084,0.7652882933616638,Positive,0.7556790057569742
0,1990535198,2009-06-01 05:07:22-07:00,NO_QUERY,silverSpoon,"@user i m so pissed of with this, i know a lot of people affected by it",Monday,0.9527027010917664,0.042948413640260696,0.00434883963316679,Negative,-0.9483538614585996
0,1565421457,2009-04-20 06:43:03-07:00,NO_QUERY,jfulldotcom,@user man i want a sleeve too! but the Man ain't gonna hire me looking like that,Monday,0.6685404181480408,0.28481751680374146,0.04664202407002449,Negative,-0.6218983940780163
0,1996558068,2009-06-01 15:17:15-07:00,NO_QUERY,Andreabelen14,he's is teh reason for the teardrops on muy guitar ! is so really..,Monday,0.009922207333147526,0.21685846149921417,0.7732192873954773,Positive,0.7632970800623298
4,1993815343,2009-06-01 10:58:29-07:00,NO_QUERY,KevinEdwardsJr,@user if you like 2 laugh..have a good time..follow me..its just that simple,Monday,0.009317596442997456,0.11230705678462982,0.8783752918243408,Positive,0.8690576953813434
4,1563956020,2009-04-20 01:02:51-07:00,NO_QUERY,ricky703ca,@user tere achee khasi excecise ho jaati hogi Ruhaan ke saath,Monday,0.12523962557315826,0.8304688334465027,0.044291507452726364,Neutral,-0.0809481181204319
4,1995528481,2009-06-01 13:38:08-07:00,NO_QUERY,Miss_McKayla,@user I love that song! I was listening to it earlier,Monday,0.0032374607399106026,0.008205079473555088,0.9885574579238892,Positive,0.9853199971839786
4,1834589574,2009-05-18 03:30:37-07:00,NO_QUERY,Kirstyy09xX,@user i was just wondering if your a fan of The sat you might wanna see this clip [http],Monday,0.01800249144434929,0.889441967010498,0.09255554527044296,Neutral,0.07455305382609367
0,1989826270,2009-06-01 02:57:01-07:00,NO_QUERY,MissKate06,@user Whyyyyyy?,Monday,0.09501266479492188,0.8751513957977295,0.02983589842915535,Neutral,-0.06517676636576653
0,1989093502,2009-06-01 00:19:28-07:00,NO_QUERY,ahhamber,Why do I always sit in the drive thru foreverr at fatburger,Monday,0.5794597268104553,0.380567729473114,0.03997257724404335,Negative,-0.539487149566412
4,2180254109,2009-06-15 10:13:06-07:00,NO_QUERY,AlexxKayy,i woke up with a smile on my face.,Monday,0.0037271634209901094,0.03734860196709633,0.9589242339134216,Positive,0.9551970704924315
4,1565803024,2009-04-20 07:35:13-07:00,NO_QUERY,sandruhhhhh,cindies lol it was my first time lol,Monday,0.005981513764709234,0.31410419940948486,0.6799142360687256,Positive,0.6739327223040164
0,2182265280,2009-06-15 12:56:37-07:00,NO_QUERY,purplevelvet09,@user ee mara a7eba bs ma fe on the east coast,Monday,0.6313841342926025,0.35336971282958984,0.015246148221194744,Negative,-0.6161379860714078
4,1990552272,2009-06-01 05:10:03-07:00,NO_QUERY,markhallCC,Taking a group of guys from church to a camp to work on a kitchen floor today. I'm at Lowes Lowes is to men as walmart is to women.,Monday,0.030733011662960052,0.8085775375366211,0.16068945825099945,Neutral,0.1299564465880394
0,1770640638,2009-05-11 21:51:35-07:00,NO_QUERY,munkyxx,Missed a good game judging from the scores now i can cry myself to sleep,Monday,0.8545252084732056,0.12379222363233566,0.021682562306523323,Negative,-0.8328426461666822
4,1994229984,2009-06-01 11:36:50-07:00,NO_QUERY,mmsolomon,@user love that song.,Monday,0.005897081457078457,0.016812004148960114,0.9772909283638,Positive,0.9713938469067216
0,2283607337,2009-06-22 12:50:34-07:00,NO_QUERY,RatheeshP,"Gotta do all the chores on my own now- cooking,washing,ironing... and i hate it",Monday,0.8944270014762878,0.09558529406785965,0.009987669065594673,Negative,-0.8844393324106932
4,1996257328,2009-06-01 14:47:12-07:00,NO_QUERY,arnn,yo girl doNt like me how long has she been GAY!,Monday,0.92485511302948,0.06930951774120331,0.005835419055074453,Negative,-0.9190196939744055
4,2185058149,2009-06-15 16:49:20-07:00,NO_QUERY,tweeteradder5,@user Get 100 followers a day using [http] Once you add everyone you are on the train or pay vip,Monday,0.008405004628002644,0.7979509234428406,0.19364407658576965,Neutral,0.185239071957767
4,2188787390,2009-06-15 22:33:51-07:00,NO_QUERY,phillipquin,"@user It can't hurt, well, not much anyway... ;) @user, can you bring stickers/printouts of our faces?",Monday,0.01935974694788456,0.244572713971138,0.7360674738883972,Positive,0.7167077269405127
0,2175117371,2009-06-15 00:07:44-07:00,NO_QUERY,eidann,@user Last time I got checked I got news I didnt like,Monday,0.7688198089599609,0.22169308364391327,0.009487062692642212,Negative,-0.7593327462673187
0,2185483680,2009-06-15 17:27:02-07:00,NO_QUERY,annach0c19,omg my hair is totally messeeeeeeeed !,Monday,0.0055248490534722805,0.046967651695013046,0.9475075006484985,Positive,0.9419826515950263
4,2178812580,2009-06-15 08:14:24-07:00,NO_QUERY,chucktowndeals,"Good morning, peeps!",Monday,0.003992647863924503,0.020896565169095993,0.9751107692718506,Positive,0.9711181214079261
4,1999856744,2009-06-01 20:57:04-07:00,NO_QUERY,HeatherBradley,*FSM* The song in my heart....it keeps playin' over and over &amp; I can't get it out!,Monday,0.024094443768262863,0.14691218733787537,0.8289933800697327,Positive,0.8048989363014698
0,1994676688,2009-06-01 12:17:13-07:00,NO_QUERY,mosesmonster,"Thanks to Lionhead studios, we are one step closer to having Hall 9000 computers.",Monday,0.001636718981899321,0.02803390473127365,0.9703293442726135,Positive,0.9686926252907142
4,2176603163,2009-06-15 04:18:09-07:00,NO_QUERY,byDeL,persistent good actor and manipulative byatch really are true match,Monday,0.24453629553318024,0.4816987216472626,0.273764967918396,Neutral,0.02922867238521576
4,1833884115,2009-05-18 00:48:27-07:00,NO_QUERY,Roddykat,@user Got it. Thanks!,Monday,0.012877730652689934,0.2624379098415375,0.7246843576431274,Positive,0.7118066269904375
0,1994057878,2009-06-01 11:20:48-07:00,NO_QUERY,bballhoney,Sadddd people can be really mean (not to me tho. I don't take that) and HUNGRY! :],Monday,0.9274159669876099,0.06350235641002655,0.009081714786589146,Negative,-0.9183342522010207
0,1997484324,2009-06-01 16:55:57-07:00,NO_QUERY,NickStarr,@user Just got fired I feel so bad....damn the economy.,Monday,0.9448508620262146,0.049833737313747406,0.0053153205662965775,Negative,-0.939535541459918
4,2000379809,2009-06-01 21:59:32-07:00,NO_QUERY,SwaggCertified,@user happy birthday sweetheart.,Monday,0.0038310831878334284,0.009024200960993767,0.9871447682380676,Positive,0.9833136850502342
4,2189337303,2009-06-15 23:48:16-07:00,NO_QUERY,CateDeansSmith,"@user and a peanut is a kidney shaped nut, and a kidney is a peanut shaped organ of the body",Monday,0.053704146295785904,0.9096507430076599,0.03664521500468254,Neutral,-0.017058931291103363
4,2000854769,2009-06-01 23:08:33-07:00,NO_QUERY,thomaskyan,Monkey Island,Monday,0.0838588997721672,0.7551635503768921,0.1609775274991989,Neutral,0.07711862772703171
4,1989103562,2009-06-01 00:21:22-07:00,NO_QUERY,ivettecupcake,Aw k4ce lounge celebration for xiaos bday. His gf brought us cupcakes,Monday,0.002534394385293126,0.06275864690542221,0.93470698595047,Positive,0.9321725915651768
4,2000319653,2009-06-01 21:51:47-07:00,NO_QUERY,Nobodey,"@user reverse the colors on both so it matches the page, black font, white bg. Three simple steps would rock your 2ndary pages.",Monday,0.0136177409440279,0.2591748833656311,0.727207362651825,Positive,0.713589621707797
0,2177326834,2009-06-15 05:54:22-07:00,NO_QUERY,Atarimonkey,"Wow it's quite today, no phone calls, no Emails, no nothing! I'm lonely!",Monday,0.8817446231842041,0.09894844889640808,0.01930689439177513,Negative,-0.862437728792429
4,1995340314,2009-06-01 13:20:02-07:00,NO_QUERY,lexia,@user woo,Monday,0.04221951216459274,0.7207528352737427,0.23702767491340637,Neutral,0.19480816274881363
4,1995829486,2009-06-01 14:06:41-07:00,NO_QUERY,dabhaid,"@user as in &quot;a bullet with my name on it&quot;, or &quot;barman, two Heathcotes, heavy on the gin&quot; - the latter gets my vote",Monday,0.037784233689308167,0.7282465696334839,0.23396918177604675,Neutral,0.1961849480867386
0,1992092602,2009-06-01 08:11:08-07:00,NO_QUERY,chynagyrl1980,Ahhhhh bunny roadkill is so sad and where's the sun today? I'm cold already!,Monday,0.9534353017807007,0.04022865742444992,0.0063360147178173065,Negative,-0.9470992870628834
0,2177000304,2009-06-15 05:14:06-07:00,NO_QUERY,Kimber5,getting ready to be in class all day. I will miss being at the pool or lake. husb and kids will have fun without me.,Monday,0.14217650890350342,0.385721355676651,0.4721020758152008,Positive,0.3299255669116974
4,1834236865,2009-05-18 02:09:28-07:00,NO_QUERY,roxymelody,@user thank u,Monday,0.013137509115040302,0.1240934506058693,0.8627690672874451,Positive,0.8496315581724048
4,2183823107,2009-06-15 15:02:03-07:00,NO_QUERY,DionneSouth,"survived the film. It was quite scary, but not the worst i've seen. Just finished a session on the dancemat, off to bed now. Night",Monday,0.2025812566280365,0.5021213293075562,0.29529738426208496,Neutral,0.09271612763404846
4,1989183212,2009-06-01 00:37:39-07:00,NO_QUERY,geekachu,"@user A better plan would be to just make the rest of the year awesome! I'll help, I can bring alcohols!",Monday,0.004960990510880947,0.023739077150821686,0.9713000059127808,Positive,0.9663390154018998
4,2185871828,2009-06-15 18:01:40-07:00,NO_QUERY,MLM216,@user ADORO these fotos of you and Leo....tooooooooo cute/lindas Muito obrigada for sharing them with all of us Abracos!,Monday,0.0038406671956181526,0.010474671609699726,0.9856846332550049,Positive,0.9818439660593867
4,1564469562,2009-04-20 03:38:30-07:00,NO_QUERY,daliuhh,"@user alright,see ya later :*",Monday,0.00442501762881875,0.177299365401268,0.8182756304740906,Positive,0.8138506128452718
4,1572937462,2009-04-20 23:05:33-07:00,NO_QUERY,myapplemenu,"Sometimes I should listen to my own advice. After all, it's just a job.",Monday,0.31122297048568726,0.6084049940109253,0.08037204295396805,Neutral,-0.2308509275317192
4,1994412168,2009-06-01 11:53:09-07:00,NO_QUERY,elizabeth_92,I can't wait ti'll new moon comes out!! robert &amp;&amp; taylor are sooooo HOT,Monday,0.0022955522872507572,0.01073329895734787,0.9869711399078369,Positive,0.9846755876205862
4,1998940748,2009-06-01 19:22:36-07:00,NO_QUERY,sarahsj,It's a Mayer kind of night. Amazing the memories listening to his music bring back. Makes me happy.,Monday,0.0030623164493590593,0.00765997264534235,0.989277720451355,Positive,0.9862154040019959
0,2186766005,2009-06-15 19:18:20-07:00,NO_QUERY,Roshiii,@user I know trust me. I just sat to a guy that reminded me so much of a certain somebody. That didn't help,Monday,0.8028411865234375,0.18341988325119019,0.013739027082920074,Negative,-0.7891021594405174
0,2182019210,2009-06-15 12:36:39-07:00,NO_QUERY,allysona,Mmm. Tio's. Wisdom teeth out in Friday.,Monday,0.051176946610212326,0.8486371040344238,0.10018598288297653,Neutral,0.049009036272764206
4,2000399869,2009-06-01 22:01:58-07:00,NO_QUERY,jasmineem,"@user lol, why oh fark? i got 97%",Monday,0.2038106471300125,0.5480121970176697,0.2481771856546402,Neutral,0.044366538524627686
4,2176945136,2009-06-15 05:06:50-07:00,NO_QUERY,ryanmaxx,says bagong gupit (funkydance) [http],Monday,0.011091872118413448,0.7761332988739014,0.212774857878685,Neutral,0.20168298576027155
0,1994624730,2009-06-01 12:12:34-07:00,NO_QUERY,henrysharman,"Beach lifeguard training is the hardest thing I have ever done, and 5 days to go yet!!",Monday,0.8738181591033936,0.10336384177207947,0.02281799539923668,Negative,-0.8510001637041569
4,1990499790,2009-06-01 05:01:58-07:00,NO_QUERY,hadez2000,managed to get some headache tablets over lunch.. now just to wait for it to kick in,Monday,0.1141088604927063,0.5658113360404968,0.3200797736644745,Neutral,0.2059709131717682
4,1989425626,2009-06-01 01:29:41-07:00,NO_QUERY,numb3rb0y,"Heh, so sunny even I'm enjoying it",Monday,0.003255261806771159,0.011066299863159657,0.9856783747673035,Positive,0.9824231129605323
4,1996766497,2009-06-01 15:39:13-07:00,NO_QUERY,avacancy,"@user haha my kitchen could use you, if youre up for it",Monday,0.003725615795701742,0.05282612517476082,0.9434482455253601,Positive,0.9397226297296584
4,1565576323,2009-04-20 07:04:49-07:00,NO_QUERY,mpanny,Chill chill chilling in bed,Monday,0.028506778180599213,0.5782157778739929,0.39327743649482727,Neutral,0.36477065831422806
4,1834552024,2009-05-18 03:22:09-07:00,NO_QUERY,fromfirsttolast,Tired in work this morning. One delivery done. Another to go. At least it's money,Monday,0.7259822487831116,0.22992584109306335,0.04409192129969597,Negative,-0.6818903274834156
0,1834764100,2009-05-18 04:07:31-07:00,NO_QUERY,xxmichellezz,i hate chemistry dont wanna go to that class tomorrow x[,Monday,0.9453131556510925,0.046080395579338074,0.00860643107444048,Negative,-0.936706724576652
4,1998612499,2009-06-01 18:50:19-07:00,NO_QUERY,skribe,@user keep telling yourself that,Monday,0.494121789932251,0.460880845785141,0.04499733820557594,Negative,-0.44912445172667503
4,2186836067,2009-06-15 19:24:27-07:00,NO_QUERY,dinosaresexxii,now talking to sara and jake on the phone and justine on facebook. listening to sara sing as usual.,Monday,0.003581366268917918,0.652614176273346,0.3438044786453247,Neutral,0.3402231123764068
0,1997986063,2009-06-01 17:48:02-07:00,NO_QUERY,rhispect,"@user Yeah I can't afford that either! I miss pedicures too. I remember yours. You didn't tip her, right? lol",Monday,0.866755485534668,0.11394717544317245,0.019297340884804726,Negative,-0.8474581446498632
0,1991574364,2009-06-01 07:17:10-07:00,NO_QUERY,marcgozlan,"up and at the local libary... today is payday for some, and me but thats okay...",Monday,0.007640307303518057,0.27696692943573,0.7153927683830261,Positive,0.7077524610795081
4,1564251684,2009-04-20 02:33:19-07:00,NO_QUERY,gautamghosh,Got @user's book Me 2.0 on the mail Looking forward to reading it!,Monday,0.00129809626378119,0.01268068328499794,0.9860212206840515,Positive,0.9847231244202703
0,2182429932,2009-06-15 13:09:33-07:00,NO_QUERY,chik_ster,argh! mondays suck at work. weekends are never long enough!,Monday,0.9507495760917664,0.04098513349890709,0.008265345357358456,Negative,-0.9424842307344079
4,1835850509,2009-05-18 06:52:51-07:00,NO_QUERY,D_Rox,G'morning @user @user @user @user @user @user @user,Monday,0.007796608842909336,0.6871329545974731,0.3050704300403595,Neutral,0.29727382119745016
0,2179823890,2009-06-15 09:38:02-07:00,NO_QUERY,LisaRayArnold,I'm not feeling very productive today.,Monday,0.8491376638412476,0.13587068021297455,0.014991621486842632,Negative,-0.8341460423544049
0,2284519564,2009-06-22 13:59:03-07:00,NO_QUERY,jboMaria,being jealous and missing everyone,Monday,0.8271198272705078,0.1522730439901352,0.02060704492032528,Negative,-0.8065127823501825
4,2184065767,2009-06-15 15:22:19-07:00,NO_QUERY,eviegarland,@user coursing river. It's from &quot;I'll Make a Man Out Of You&quot; from Mulan. XD,Monday,0.011586079373955727,0.6403730511665344,0.3480408191680908,Neutral,0.3364547397941351
4,2180551819,2009-06-15 10:37:29-07:00,NO_QUERY,tonybetts,@user Just voted for you!,Monday,0.003269623965024948,0.08767960965633392,0.9090508222579956,Positive,0.9057811982929707
4,2183176151,2009-06-15 14:08:55-07:00,NO_QUERY,Melliemula,"@user Its not letting me vote again either Lyn and I haven`t voted for about 3 hours! Lol, hey everyone.",Monday,0.8386980891227722,0.14998094737529755,0.011320998892188072,Negative,-0.8273770902305841
4,1997083649,2009-06-01 16:13:25-07:00,NO_QUERY,Zoe_E_W,"@user No, This is a job interview with a vampire.",Monday,0.36628592014312744,0.605587363243103,0.0281266737729311,Neutral,-0.33815924637019634
4,2180128824,2009-06-15 10:02:58-07:00,NO_QUERY,heytherekristen,@user [http] - haha i like that. the bible on DVD! lmfao true though,Monday,0.004264891147613525,0.03431844711303711,0.9614166021347046,Positive,0.9571517109870911
4,1989094642,2009-06-01 00:19:41-07:00,NO_QUERY,miketc,"@user [http] - thanks! funny, huh, how I'm the front Israelite dancer, but I'm also the most clueless?",Monday,0.08077060431241989,0.26101064682006836,0.6582187414169312,Positive,0.5774481371045113
0,2177229549,2009-06-15 05:42:58-07:00,NO_QUERY,joyhajassad,@user stressing! and now my belly feels like it may explode not good! Have you called the agency people yet? Don't forget!!xxxx,Monday,0.7987868785858154,0.16067178547382355,0.040541358292102814,Negative,-0.7582455202937126
0,1992083659,2009-06-01 08:10:15-07:00,NO_QUERY,edd9116,"up now ... gonna have a lonnnnnnnnnnnnnnnng day and night ,,, my son sick",Monday,0.9144490957260132,0.07598339021205902,0.009567508473992348,Negative,-0.9048815872520208
0,1467871844,2009-04-06 22:35:44-07:00,NO_QUERY,larsgunnarf,Tuesdayï¿½ll start with reflection ï¿½n then a lecture in Stress reducing techniques. That sure might become very useful for us accompaniers,Monday,0.004111745394766331,0.10428702086210251,0.8916012644767761,Positive,0.8874895190820098
4,1695693600,2009-05-04 06:44:15-07:00,NO_QUERY,amylockaby,"@user thanks, Mandy! What a good sister you are. @user That may be true, but unfortunately my road tires can't say the same.",Monday,0.09916666895151138,0.11579086631536484,0.7850424647331238,Positive,0.6858757957816124
4,1834330756,2009-05-18 02:31:27-07:00,NO_QUERY,imtalia,@user tuning in now,Monday,0.006373617332428694,0.7553167939186096,0.2383096069097519,Neutral,0.2319359895773232
0,2189228423,2009-06-15 23:32:26-07:00,NO_QUERY,jodi_ice,"urfglhg.... ran out of nytol last night, had a shit night's sleep&amp;feel like death warmed up",Monday,0.9499195218086243,0.043804723769426346,0.0062758722342550755,Negative,-0.9436436495743692
0,1997966762,2009-06-01 17:46:00-07:00,NO_QUERY,jwlms,@user - missing you here. And thanks for the congrats!,Monday,0.004903846886008978,0.025398463010787964,0.9696976542472839,Positive,0.964793807361275
0,2186404676,2009-06-15 18:47:31-07:00,NO_QUERY,adashadisini,butuh c aygst [http],Monday,0.11879490315914154,0.827691912651062,0.053513143211603165,Neutral,-0.06528175994753838
4,1993622422,2009-06-01 10:40:22-07:00,NO_QUERY,hollapapabear,"hot coco while shoppin again, i found really cool jewelry yesterday, a love ring, i get to punch ppl with love aww. ima high 5 ur face",Monday,0.003609288251027465,0.011400281451642513,0.9849904179573059,Positive,0.9813811297062784
4,1990564809,2009-06-01 05:11:58-07:00,NO_QUERY,ashutosh_gupta,@user its a duet.. pat both yourselves ..,Monday,0.027096934616565704,0.7195509672164917,0.2533521056175232,Neutral,0.2262551710009575
0,2175960302,2009-06-15 02:30:18-07:00,NO_QUERY,LocalJoost,I wonder if Iran is now getting its own Tien An Min square episode,Monday,0.06149586662650108,0.9103716015815735,0.02813258208334446,Neutral,-0.033363284543156624
0,2188036664,2009-06-15 21:11:48-07:00,NO_QUERY,crystaliberty27,"ok. peeps any ideas on how to get my iphone to work?? it looks like its turning on, but i can't see the screen enough to do anything!!",Monday,0.707810640335083,0.26613783836364746,0.026051536202430725,Negative,-0.6817591041326523
4,2001009361,2009-06-01 23:34:40-07:00,NO_QUERY,rabisquei,@user so lets for the next cruise! Haha Yes! he is coming on this sat!,Monday,0.0016501133795827627,0.08319547772407532,0.9151543974876404,Positive,0.9135042841080576
4,2000891111,2009-06-01 23:14:30-07:00,NO_QUERY,simmonet,@user Welcome 'home',Monday,0.002907383255660534,0.07602947950363159,0.9210631251335144,Positive,0.9181557418778539
4,1993665520,2009-06-01 10:44:28-07:00,NO_QUERY,primsessions,BTW London bookings for July being taken,Monday,0.00914545077830553,0.9297500848770142,0.061104483902454376,Neutral,0.051959033124148846
4,1990856517,2009-06-01 05:53:58-07:00,NO_QUERY,booksellercrow,"@user [http] is very good and kind, but we are not as old as we look, honest.",Monday,0.02649521827697754,0.14629268646240234,0.8272120952606201,Positive,0.8007168769836426
0,1996469845,2009-06-01 15:08:14-07:00,NO_QUERY,FallingBullets,@user you smoke?!!? oh noez!!! you just fell in my estimation,Monday,0.700776994228363,0.25155118107795715,0.0476718507707119,Negative,-0.6531051434576511
0,2176005726,2009-06-15 02:38:21-07:00,NO_QUERY,xmagicgraffitix,"made a AIM or whatever, why is it so freakin confusing??",Monday,0.8786702752113342,0.11426576972007751,0.007063977885991335,Negative,-0.8716062973253429
0,2181195551,2009-06-15 11:29:55-07:00,NO_QUERY,infernalserpent,Today I feel like shit because 1) Oz woke me up every two hours last night and 2) I yelled at him every two hours last night. Also: Iran.,Monday,0.9525289535522461,0.04155255854129791,0.005918422713875771,Negative,-0.9466105308383703
0,2176056533,2009-06-15 02:47:14-07:00,NO_QUERY,mariaa_ep,then my phone died so i coodnt get a lift then we got a $113 fine then i drank red bull ;),Monday,0.6990412473678589,0.24304069578647614,0.05791807919740677,Negative,-0.6411231681704521
0,1994998247,2009-06-01 12:47:22-07:00,NO_QUERY,MsBlewBoogie,@user Thanks Jammy! @user i'm sick,Monday,0.03807348757982254,0.12338332831859589,0.838543176651001,Positive,0.8004696890711784
4,2184274618,2009-06-15 15:40:19-07:00,NO_QUERY,jailynpr,Got 2 spend some time with john today @user and discuss some business over a private show. Lucky girl... I know. check him out.,Monday,0.002480349037796259,0.025781353935599327,0.971738338470459,Positive,0.9692579894326627
0,1992667452,2009-06-01 09:07:41-07:00,NO_QUERY,Jasmine_Roberts,is in serious pain!!!! Sprained god dam ankle!!,Monday,0.9210327863693237,0.06524782627820969,0.013719421811401844,Negative,-0.9073133645579219
4,1695924132,2009-05-04 07:14:41-07:00,NO_QUERY,AlvaFarrow,@user thankyou,Monday,0.018661977723240852,0.1868889480829239,0.7944490909576416,Positive,0.7757871132344007
0,2175140869,2009-06-15 00:11:19-07:00,NO_QUERY,hiiikelly,"I really, really hate Bellatrix, and I really, really miss Sirius Siriusly...",Monday,0.9527843594551086,0.04035428911447525,0.00686133885756135,Negative,-0.9459230205975473
0,2176897054,2009-06-15 05:00:32-07:00,NO_QUERY,MarkCorden,#squarespace birthday on saturday! shame about the driving,Monday,0.7886786460876465,0.17454330623149872,0.036778029054403305,Negative,-0.7519006170332432
4,1993666901,2009-06-01 10:44:35-07:00,NO_QUERY,bodywisdominc,@user Csikszentmihalyi ...I was taught to pronounce it &quot;Chicks make me high&quot; .&lt;= Better than saying &quot;You know that Flow guy&quot; ...,Monday,0.12575221061706543,0.6451759934425354,0.22907181084156036,Neutral,0.10331960022449493
4,1835423967,2009-05-18 05:57:45-07:00,NO_QUERY,jethier,Thinks that Lucky Charms are magically delicious,Monday,0.0219330545514822,0.11274071037769318,0.8653262853622437,Positive,0.8433932308107615
0,2175731221,2009-06-15 01:50:00-07:00,NO_QUERY,lululabella,@user bad music taste??,Monday,0.8495253324508667,0.14359314739704132,0.0068815224803984165,Negative,-0.8426438099704683
0,1996058155,2009-06-01 14:28:11-07:00,NO_QUERY,hay0u,roller coaster in my stomach,Monday,0.4201606512069702,0.48401787877082825,0.09582144021987915,Neutral,-0.32433921098709106
4,1994500487,2009-06-01 12:00:53-07:00,NO_QUERY,KimberleyLove,BUSY WATCHING EASTENDERS ON BBC1,Monday,0.017353620380163193,0.5930873155593872,0.3895590901374817,Neutral,0.3722054697573185
4,2178932107,2009-06-15 08:24:37-07:00,NO_QUERY,danmatutina,il be in tacloban on thursday. was invited to give a workshop on social communications and design by the Dept of Health.,Monday,0.0029290381353348494,0.6400464177131653,0.35702458024024963,Neutral,0.3540955421049148
0,1998771857,2009-06-01 19:05:55-07:00,NO_QUERY,HELLOkaraaa,we always hurt the the ones we never loved. early night. bio&amp;french in the morning.,Monday,0.7917161583900452,0.19433613121509552,0.013947752304375172,Negative,-0.77776840608567
0,2287981221,2009-06-22 18:33:28-07:00,NO_QUERY,Sposilkin,I want a Slow Loris. Too bed they are illegal,Monday,0.4905802309513092,0.3832765519618988,0.126143217086792,Negative,-0.3644370138645172
0,1992009345,2009-06-01 08:02:43-07:00,NO_QUERY,NickyLovesMcFly,Wee! Home! It's so hot Xx My internet is going off soon While Mum moves in and Dad moves out Bad times. Try not to miss me!,Monday,0.4586748480796814,0.28669217228889465,0.25463294982910156,Negative,-0.20404189825057983
4,2000775513,2009-06-01 22:56:02-07:00,NO_QUERY,mtsumpton,@user NO maam im not!!! im going to work at a summer camp near Conroe...ima get to come visit cuz im off on weekends!!!,Monday,0.02643214724957943,0.48250219225883484,0.4910656213760376,Positive,0.46463347412645817
0,1991847388,2009-06-01 07:46:06-07:00,NO_QUERY,alliftw,I wish I posted on the forum more. instead I just lurk. /fail,Monday,0.82471764087677,0.16005800664424896,0.01522442139685154,Negative,-0.8094932194799185
0,1991881184,2009-06-01 07:49:41-07:00,NO_QUERY,Cherrim,@user I have no idea what that smells like.,Monday,0.8370252847671509,0.14542661607265472,0.017548082396388054,Negative,-0.8194772023707628
0,1770675326,2009-05-11 21:56:57-07:00,NO_QUERY,ErinScandalous,"Again, thank you all for the lovely birthday wishes! I had an absolutely lovelyday! But I didn't get free @user with my Gold Card!",Monday,0.007277010474354029,0.01571328565478325,0.977009654045105,Positive,0.969732643570751
0,2000496946,2009-06-01 22:14:55-07:00,NO_QUERY,Lillysun,Should have been in bed a few hours ago. Gotta be at the salon at the crack of dawn,Monday,0.550432562828064,0.41885262727737427,0.0307148490101099,Negative,-0.5197177138179541
4,2178370019,2009-06-15 07:36:06-07:00,NO_QUERY,Wateronfire25,Happy Monday! Lov'n my Monday Why you ask? I'm off Tuesday Every Monday should be like today.,Monday,0.0036204007919877768,0.012303277850151062,0.9840763211250305,Positive,0.9804559203330427
0,1989069259,2009-06-01 00:14:43-07:00,NO_QUERY,dolcelaalaa,"@user I know sorry, ermm nah nothing new except the weathers warming up over here lol; i just really need to get mre organized",Monday,0.369606077671051,0.5005620121955872,0.1298319697380066,Neutral,-0.23977410793304443
0,2181536719,2009-06-15 11:57:47-07:00,NO_QUERY,rebeccaloft,heading to the dentist. Ick!,Monday,0.5104991793632507,0.4088534414768219,0.08064735680818558,Negative,-0.42985182255506516
0,1998655009,2009-06-01 18:54:35-07:00,NO_QUERY,kellygirl3,"@user yes, I miss your face as well. And I dont want to just see you at work every now and then",Monday,0.567909300327301,0.3442734181880951,0.08781726658344269,Negative,-0.48009203374385834
4,1990471146,2009-06-01 04:57:40-07:00,NO_QUERY,Natalie1Mae8,Taking the kiddies to the pool,Monday,0.007562284357845783,0.7515616416931152,0.24087606370449066,Neutral,0.23331377934664488
0,1833924821,2009-05-18 00:57:47-07:00,NO_QUERY,MzStephieMarie,@user I'm at work,Monday,0.07417496293783188,0.8454779982566833,0.08034703880548477,Neutral,0.006172075867652893
0,1468015006,2009-04-06 23:16:04-07:00,NO_QUERY,TaraEn,@user why do you put up with him!!!!! You should listen to your mom,Monday,0.9388644099235535,0.055806323885917664,0.005329223815351725,Negative,-0.9335351861082017
0,2184636445,2009-06-15 16:11:53-07:00,NO_QUERY,svensiitan,had a decent day at work finally! B2B final table bubbles though,Monday,0.006717198062688112,0.042175933718681335,0.9511067867279053,Positive,0.9443895886652172
0,1977875034,2009-05-30 21:54:32-07:00,NO_QUERY,spiralsxxx,getting pissed how shit this day is,Saturday,0.941546618938446,0.04787106812000275,0.01058236788958311,Negative,-0.9309642510488629
4,2055256129,2009-06-06 08:59:28-07:00,NO_QUERY,what_bugs_u,@user why limit your story to 140 ch. Tell all what is #annoying you at [http],Saturday,0.8727182745933533,0.12163048982620239,0.005651283077895641,Negative,-0.8670669915154576
4,1972918352,2009-05-30 10:07:53-07:00,NO_QUERY,KTL87,Still recovering from a longg morning yesterday at the Today Show with Taylor Swift!! SO FUNN,Saturday,0.002061128616333008,0.012182516045868397,0.9857563376426697,Positive,0.9836952090263367
0,2256135071,2009-06-20 12:18:49-07:00,NO_QUERY,ashleycb,"@user ahh, okay. That is sad",Saturday,0.8903956413269043,0.1006864607334137,0.008917859755456448,Negative,-0.8814777815714478
0,1975573553,2009-05-30 15:26:44-07:00,NO_QUERY,dskjfhklgvirley,i lost my phone,Saturday,0.5906651616096497,0.36500826478004456,0.044326502829790115,Negative,-0.5463386587798595
0,2252499707,2009-06-20 06:24:11-07:00,NO_QUERY,VodkaChik,"@user Aw please, bloody agony woke up and the right side of my face is swollen slightly not good",Saturday,0.9346041679382324,0.05656961724162102,0.008826193399727345,Negative,-0.9257779745385051
0,2256658677,2009-06-20 13:06:32-07:00,NO_QUERY,BleuCaldwell,@user You're at Navy Pier? I rode right past you! And I missed the pirates!,Saturday,0.2956453859806061,0.3898206651210785,0.3145339787006378,Neutral,0.01888859272003174
4,2054139966,2009-06-06 06:39:28-07:00,NO_QUERY,bipolarbearr,Lol. Wow. Hope none of yous are knocked up,Saturday,0.5328826904296875,0.2787304222583771,0.18838687241077423,Negative,-0.34449581801891327
0,2252805061,2009-06-20 07:01:53-07:00,NO_QUERY,rickyrescue,watching a re-run of Keeping up with the Kardashians. It's about their dads' death.,Saturday,0.15527743101119995,0.8103227615356445,0.034399837255477905,Neutral,-0.12087759375572205
4,1823321153,2009-05-16 21:39:58-07:00,NO_QUERY,chummy_chum07,&quot;just think about it.&quot; haha.,Saturday,0.16949570178985596,0.5959561467170715,0.2345481663942337,Neutral,0.06505246460437775
4,1751503636,2009-05-09 19:36:13-07:00,NO_QUERY,alyssakochan,"@user Hey did you get any more info about your graduation? And I think my mom's gonna let me go to CP, if you guys still wanna go!",Saturday,0.0033593217376619577,0.3432658016681671,0.6533748507499695,Positive,0.6500155290123075
0,1969721872,2009-05-30 00:59:36-07:00,NO_QUERY,xGeorgiaEloisex,@user So Do I. I love them. but i can't eat them with love LOL.,Saturday,0.034011609852313995,0.07518412172794342,0.8908042907714844,Positive,0.8567926809191704
0,2256104588,2009-06-20 12:16:01-07:00,NO_QUERY,BlondiB,Didn't rain on our parade today- but now it seems to be raining on my buddy's birthday... Hope we can fix the cake and make it work!,Saturday,0.19649440050125122,0.3948768079280853,0.40862879157066345,Positive,0.21213439106941223
4,1970479333,2009-05-30 04:01:59-07:00,NO_QUERY,laurirottmayer,"@user Coffee, Leo and Jesus.",Saturday,0.008997476659715176,0.6403852105140686,0.35061728954315186,Neutral,0.3416198128834367
4,1975281880,2009-05-30 14:49:52-07:00,NO_QUERY,SB_tRiLLBaw,Incredible Pizza today!! With the family and the Bestii!!!!,Saturday,0.002865369198843837,0.006715031340718269,0.9904195666313171,Positive,0.9875541974324733
4,1976922286,2009-05-30 19:34:31-07:00,NO_QUERY,AndyfknInfinity,@user mmm well I'm having authenic Mexican I'm down the street at Ricardo's on Flamingo and Decatur lol,Saturday,0.009388222359120846,0.6178592443466187,0.3727525770664215,Neutral,0.36336435470730066
4,1970385514,2009-05-30 03:39:18-07:00,NO_QUERY,Danni_xOx,@user [http] - does trace ever where a shirt?! lol poor noah.... =(,Saturday,0.8691859841346741,0.12085463106632233,0.009959409013390541,Negative,-0.8592265751212835
0,2053217619,2009-06-06 03:44:11-07:00,NO_QUERY,Allyeatscat,Fuck driving at 730 in the morning!,Saturday,0.9314784407615662,0.05788227543234825,0.010639218613505363,Negative,-0.9208392221480608
4,1970106503,2009-05-30 02:28:55-07:00,NO_QUERY,cheeyanie,just got home from Baby Love's 1st birthday party.. she's soooo cute..,Saturday,0.003049494931474328,0.0196834709495306,0.9772670269012451,Positive,0.9742175319697708
4,1976397624,2009-05-30 17:14:24-07:00,NO_QUERY,CortneyHarrison,Watching Dr. Jekyll and Mr. Hyde and relaxing.,Saturday,0.009326082654297352,0.44616565108299255,0.5445083379745483,Positive,0.535182255320251
0,2058778800,2009-06-06 15:36:37-07:00,NO_QUERY,LJones521,Is lying in bed watching a dvd but wants a cwtch - preferably off Alun but hes not home 'til the 7th July from S'A x,Saturday,0.1291104406118393,0.6854365468025208,0.18545305728912354,Neutral,0.05634261667728424
4,2054061190,2009-06-06 06:27:25-07:00,NO_QUERY,supermansGF,"man costa's is such a cool place- people do funny things when affected by large amounts of coffee,",Saturday,0.005015598144382238,0.019346652552485466,0.9756377935409546,Positive,0.9706221953965724
4,1750928665,2009-05-09 18:15:27-07:00,NO_QUERY,TessaTweets,Next to my birthday- Mother's Day is my favorite day of the year. The one day I don't feel guilty for slacking just a little. Aaaahh...,Saturday,0.005333487410098314,0.01524109672755003,0.9794253706932068,Positive,0.9740918832831085
4,1751819150,2009-05-09 20:21:10-07:00,NO_QUERY,thejenncarroll,"&quot;She threatened me, I patronized her, we didn't have anything to eat, but I thought there was a connection.&quot; Movie night.",Saturday,0.8170623183250427,0.1718594878911972,0.011078212410211563,Negative,-0.8059841059148312
4,2053235542,2009-06-06 03:48:27-07:00,NO_QUERY,derbygrrl,"geeking over skating, WFTDA rules and training programmes on my saturday night.. love it! might even change my wheels ooooh exciting!",Saturday,0.0017311528790742159,0.011205819435417652,0.9870629906654358,Positive,0.9853318377863616
4,1978440530,2009-05-30 23:21:52-07:00,NO_QUERY,ageLOC4theworld,@user Send me your e-mail address at [http] and I'll give you the details. Thanks for the tweet.,Saturday,0.011914612725377083,0.716177761554718,0.27190762758255005,Neutral,0.25999301485717297
0,2254364851,2009-06-20 09:38:09-07:00,NO_QUERY,Pawitforwardllc,Getting ready for a family picnic..... in the rain,Saturday,0.08047882467508316,0.699587345123291,0.21993376314640045,Neutral,0.1394549384713173
0,2251492660,2009-06-20 03:40:53-07:00,NO_QUERY,sporkhead,@user Nice. Has the sun Disappeared for you too? It's Looking really dark outside now,Saturday,0.06982098519802094,0.46942567825317383,0.46075329184532166,Neutral,0.3909323066473007
0,2252753662,2009-06-20 06:55:54-07:00,NO_QUERY,steph_an_ie,@user he wants megan to be his momma,Saturday,0.10703040659427643,0.7983368039131165,0.09463278949260712,Neutral,-0.012397617101669312
0,1972772360,2009-05-30 09:51:30-07:00,NO_QUERY,stephenhugh3s,@user what happened last night? I wasnt too impressed... was hoping they were better,Saturday,0.8791096210479736,0.11418544501066208,0.006704980507493019,Negative,-0.8724046405404806
0,1974190092,2009-05-30 12:37:21-07:00,NO_QUERY,katsalvante,Way too hot to be a doggy today,Saturday,0.7449446320533752,0.21392881870269775,0.04112652689218521,Negative,-0.70381810516119
0,2259259070,2009-06-20 17:16:40-07:00,NO_QUERY,Speed2007,"@user well I can't, I only have the 1st Gen IPhone, it won't take the download",Saturday,0.8019945621490479,0.18457287549972534,0.013432495296001434,Negative,-0.7885620668530464
4,1970026376,2009-05-30 02:09:08-07:00,NO_QUERY,brianwelburn,Oooh ! Got an email request for an alyssa milano painting ! What do you think ? should I ?,Saturday,0.01007520966231823,0.835536777973175,0.15438798069953918,Neutral,0.14431277103722095
0,2060562056,2009-06-06 19:08:19-07:00,NO_QUERY,alexandrosrahn,"on the floor with @user, kiki and the guys are in bed",Saturday,0.011833598837256432,0.9238384962081909,0.0643279105424881,Neutral,0.05249431170523167
0,1685054347,2009-05-02 22:54:23-07:00,NO_QUERY,rxbz,Bostons won by 10. @user so manny won in how many rounds? 1-2? Lol,Saturday,0.014100664295256138,0.6236317753791809,0.3622675836086273,Neutral,0.3481669193133712
4,1971355808,2009-05-30 06:54:36-07:00,NO_QUERY,edonald,@user I keep forgetting what you're working on right now?,Saturday,0.49503543972969055,0.4864470362663269,0.01851752959191799,Negative,-0.47651791013777256
4,1975941342,2009-05-30 16:14:09-07:00,NO_QUERY,nutaaaa,Just testing,Saturday,0.09521646797657013,0.6961833834648132,0.20860011875629425,Neutral,0.11338365077972412
4,1975998463,2009-05-30 16:21:58-07:00,NO_QUERY,northernangel1,@user I know u love that song! Did u go out to eat anywhere special?,Saturday,0.0035167078021913767,0.040336012840270996,0.9561472535133362,Positive,0.9526305457111448
0,1677625619,2009-05-02 03:06:06-07:00,NO_QUERY,samanthablythex,whatttttt?! why wont topshop online put the dress up im in love with,Saturday,0.2811427116394043,0.2978765368461609,0.4209807515144348,Positive,0.13983803987503052
4,1970691337,2009-05-30 04:51:48-07:00,NO_QUERY,NatMParmenter,"@user Hey Bec, sorry, there really is not much point to Twitter. Just another source of procrastination! Get better soon x",Saturday,0.7932281494140625,0.16865324974060059,0.038118626922369,Negative,-0.7551095224916935
4,1969594309,2009-05-30 00:33:02-07:00,NO_QUERY,Dcharmgcr,"@user lol if you need a shoulder to cry on, i can provide you one...but u gotta strip first lol",Saturday,0.1417834311723709,0.6471830606460571,0.21103346347808838,Neutral,0.06925003230571747
4,1752382859,2009-05-09 21:46:22-07:00,NO_QUERY,nabejero,@user do u hav a garden? bunny probs r decidedly uncool. thanks 4d link!,Saturday,0.3427191376686096,0.502604067325592,0.15467673540115356,Neutral,-0.18804240226745605
4,1677876090,2009-05-02 04:27:21-07:00,NO_QUERY,pamingram,David Micah and Jr. get up way to early on Saturday. Waiting on Sissy to wake up so we can make Cinniamon Rolls. hope she takes a minute,Saturday,0.2995900809764862,0.5957583785057068,0.10465158522129059,Neutral,-0.19493849575519562
4,2052963628,2009-06-06 02:43:35-07:00,NO_QUERY,Ewoodite,Can't believe I'm up this early on a Saturday. Have to go to Blackpool to meet a friend before getting the train to Manchester for Aiden!,Saturday,0.47916290163993835,0.4498949944972992,0.07094205915927887,Negative,-0.4082208424806595
0,1977346580,2009-05-30 20:45:48-07:00,NO_QUERY,DuceDaPrivilege,@user im on dat goose 2....no patron tho,Saturday,0.027628326788544655,0.8022356629371643,0.17013590037822723,Neutral,0.14250757358968258
0,2054306214,2009-06-06 07:03:27-07:00,NO_QUERY,samjallen,Housework. On a Saturday. Unbelievable.,Saturday,0.7331839799880981,0.2153448462486267,0.051471173763275146,Negative,-0.681712806224823
4,2061184166,2009-06-06 20:20:55-07:00,NO_QUERY,DrNoodle,@user,Saturday,0.07691407203674316,0.6813768744468689,0.24170905351638794,Neutral,0.16479498147964478
4,2052796994,2009-06-06 02:03:32-07:00,NO_QUERY,OrlandoWomenRun,Orlando Women Runners UNITE! Can't wait to see everyone this morning,Saturday,0.0013194032944738865,0.008417177945375443,0.9902634620666504,Positive,0.9889440587721765
4,2057405220,2009-06-06 12:56:41-07:00,NO_QUERY,sofsterrawr,"@user DONT YOU DARE CALLIN ME A BITCH, BITCH and btw i said i would CONSIDER it. it doesnt mean im not going!! :O",Saturday,0.6069669723510742,0.32512110471725464,0.06791190057992935,Negative,-0.5390550717711449
0,1823656848,2009-05-16 22:35:08-07:00,NO_QUERY,Shawn_ED,Need Food,Saturday,0.20437239110469818,0.6109757423400879,0.18465183675289154,Neutral,-0.01972055435180664
4,2057082828,2009-06-06 12:20:20-07:00,NO_QUERY,Applecored,@user ok thanks,Saturday,0.014061328954994678,0.36679038405418396,0.619148313999176,Positive,0.6050869850441813
0,2060623425,2009-06-06 19:15:24-07:00,NO_QUERY,AmyBabyxox,@user - that is so sick....i will definitely be praying for them..especially heidi.....i'm sure she'll be okay.. in my prayers,Saturday,0.35891827940940857,0.38867998123168945,0.2524017095565796,Neutral,-0.10651656985282898
4,2058623523,2009-06-06 15:18:24-07:00,NO_QUERY,TanukiMaki,@user Lol yeaaah. A couple people but you were the only one who sounded sure of themselves!,Saturday,0.011480353772640228,0.18029120564460754,0.8082284331321716,Positive,0.7967480793595314
4,1677611264,2009-05-02 03:01:31-07:00,NO_QUERY,ronvanrutten,@user lucky you I can understand that certain changes need to be made but Deadpool really didn't need any change.,Saturday,0.36410391330718994,0.5000478029251099,0.13584831357002258,Neutral,-0.22825559973716736
4,1550879922,2009-04-18 07:31:35-07:00,NO_QUERY,allenmickle,@user Not concerned?,Saturday,0.10260310769081116,0.866269588470459,0.031127341091632843,Neutral,-0.07147576659917831
0,1678599383,2009-05-02 07:12:04-07:00,NO_QUERY,ch_seanmartin,Time for work,Saturday,0.10670939832925797,0.7103899121284485,0.18290066719055176,Neutral,0.07619126886129379
4,1553985776,2009-04-18 15:45:19-07:00,NO_QUERY,alisongow,@user lol! You get mail from 'Mr Hunglow' too huh?,Saturday,0.03338339924812317,0.7231615781784058,0.24345500767230988,Neutral,0.2100716084241867
4,1970010713,2009-05-30 02:05:17-07:00,NO_QUERY,laurenrigby,Loving the sunshine in my shorts and t-shirt enjoy it while it lasts,Saturday,0.002506114076822996,0.011086499318480492,0.9864073991775513,Positive,0.9839012851007283
4,1677611930,2009-05-02 03:01:44-07:00,NO_QUERY,jonsie,"Blue skies, Saturday morning, Bank Holiday weekend. I like this",Saturday,0.0020500204991549253,0.016798021271824837,0.9811519980430603,Positive,0.9791019775439054
4,1976558259,2009-05-30 18:26:19-07:00,NO_QUERY,radiochica,@user: Charlie wearing jorts. Sexy! That's worth a trip. Tell'em hi 4 me. Gina G.,Saturday,0.0057951840572059155,0.05214492231607437,0.9420598745346069,Positive,0.936264690477401
0,1972397859,2009-05-30 09:08:57-07:00,NO_QUERY,kristenbraxton,Wow this is a lil of a schoker,Saturday,0.7511714696884155,0.19968664646148682,0.049141962081193924,Negative,-0.7020295076072216
0,2058167955,2009-06-06 14:24:05-07:00,NO_QUERY,jearle,"@user Damn, I've not got the budget for twice as much.",Saturday,0.8304145932197571,0.1461067497730255,0.023478716611862183,Negative,-0.8069358766078949
4,1971562273,2009-05-30 07:23:14-07:00,NO_QUERY,shanthegirl,"@user If you pass through Lima, I'll be stuck in Ohio most of the day.",Saturday,0.3638060688972473,0.6112847924232483,0.024909110739827156,Neutral,-0.33889695815742016
0,1977440651,2009-05-30 20:59:07-07:00,NO_QUERY,KathrynLampi,"is back from Panama, and thinking about home visits!!! Emmitt is &quot;needs foster&quot; -- doesn't like kids",Saturday,0.7169111371040344,0.2603418231010437,0.022747009992599487,Negative,-0.6941641271114349
4,1556685258,2009-04-18 23:52:28-07:00,NO_QUERY,harry_jerry,@user oye....BRRRrrrrrrrrrruah! Congrats mate...God bless you and your life partner!,Saturday,0.0031873704865574837,0.008296187035739422,0.9885164499282837,Positive,0.9853290794417262
4,1553983677,2009-04-18 15:45:00-07:00,NO_QUERY,uniquely_moi,"chilling out with sis had Ben &amp; Jerry's half baked cookie doh ice cweam was amashzine now listenin2music,watchin TV &amp; surfin Inet hee!",Saturday,0.004160142969340086,0.20553138852119446,0.7903085350990295,Positive,0.7861483921296895
0,2253567000,2009-06-20 08:23:06-07:00,NO_QUERY,buhrayaaan,@user @user oohh we have more than a hundred here haha it's now up to 300+ but officials say that 70% are fine now,Saturday,0.004696620628237724,0.11029381304979324,0.8850095272064209,Positive,0.8803129065781832
0,1553823403,2009-04-18 15:18:30-07:00,NO_QUERY,Zetura,"Bientï¿½t dï¿½collage vacances, bye bye Twitterï¿½",Saturday,0.508670449256897,0.4537087380886078,0.037620801478624344,Negative,-0.47104964777827263
4,1823765160,2009-05-16 22:55:02-07:00,NO_QUERY,yessimelle,just got in....chill nite w/my faves. but so ready for sleepville. Gnite twitlovers,Saturday,0.00490166712552309,0.04778242111206055,0.9473158717155457,Positive,0.9424142045900226
4,1678264403,2009-05-02 06:07:16-07:00,NO_QUERY,TheCake,"Our windows #Homeserver now with 1,5 Terabytes Memory",Saturday,0.008168650791049004,0.8477301001548767,0.14410121738910675,Neutral,0.13593256659805775
4,2061459960,2009-06-06 20:55:02-07:00,NO_QUERY,haleyysy,UP Was sooo cute!,Saturday,0.00505237840116024,0.010646979324519634,0.9843006730079651,Positive,0.9792482946068048
4,2053405599,2009-06-06 04:26:22-07:00,NO_QUERY,jokela,@user I did not know that about you &amp; Johnny Depp. If someone pinches you does he say ouch?,Saturday,0.1553000658750534,0.7628306746482849,0.08186927437782288,Neutral,-0.07343079149723053
4,2062079422,2009-06-06 22:17:07-07:00,NO_QUERY,kiarapop,back to maths. i wish i could stab it. but at least i have another red bull,Saturday,0.7021194100379944,0.2184959053993225,0.0793847143650055,Negative,-0.6227346956729889
0,1970100208,2009-05-30 02:27:18-07:00,NO_QUERY,Lizzie169,has just got up.. reallly don't want to go back to school on mondayy!,Saturday,0.8678113222122192,0.11699234694242477,0.015196322463452816,Negative,-0.8526149997487664
0,2261677517,2009-06-20 21:10:06-07:00,NO_QUERY,monicaaxl3,feeling like shit,Saturday,0.8389670848846436,0.12951356172561646,0.03151930123567581,Negative,-0.8074477836489677
4,2056484803,2009-06-06 11:13:45-07:00,NO_QUERY,mandyhale23,@user OMG! I just saw an article that says Charlie is still alive and is coming back on Lost!!! Yay!,Saturday,0.0018453029915690422,0.020341146737337112,0.9778136014938354,Positive,0.9759682985022664
0,2258596209,2009-06-20 16:10:58-07:00,NO_QUERY,raiannasz,"@user please say hi to lauren, to duda, and to me!",Saturday,0.0031005432829260826,0.20423036813735962,0.7926691174507141,Positive,0.789568574167788
4,2059397227,2009-06-06 16:51:06-07:00,NO_QUERY,xubean,nice weather for momos! thank god we're having momos!,Saturday,0.0025133895687758923,0.008046568371355534,0.9894400238990784,Positive,0.9869266343303025
0,2250242958,2009-06-20 00:02:28-07:00,NO_QUERY,savannahperkins,how do i reply to peoples twitter things on my phone? godddd twitters so confusing,Saturday,0.7882258296012878,0.20048977434635162,0.011284386739134789,Negative,-0.776941442862153
0,1550755280,2009-04-18 07:10:13-07:00,NO_QUERY,unahealyfan,is still gutted she couldnt see diana sing last night! but bring on halmiton park in july!,Saturday,0.40037181973457336,0.38683563470840454,0.21279245615005493,Negative,-0.18757936358451843
4,2057551667,2009-06-06 13:12:55-07:00,NO_QUERY,ConnieHoney,drinking some hot chocolate,Saturday,0.023083707317709923,0.7153750658035278,0.2615412473678589,Neutral,0.23845754005014896
4,1678088709,2009-05-02 05:26:51-07:00,NO_QUERY,Marlonious,I like the way all my agents are making an effort on quality!,Saturday,0.0063399807550013065,0.039194270968437195,0.9544658064842224,Positive,0.9481258257292211
0,1973929350,2009-05-30 12:06:30-07:00,NO_QUERY,winterone51,wishes there were some #aslym -type goodness in her city!!,Saturday,0.012099683284759521,0.08994200080633163,0.8979583382606506,Positive,0.8858586549758911
4,2060650527,2009-06-06 19:18:38-07:00,NO_QUERY,jaquetx,[http] - SOUZA COrinthians 2 x 0 Coritiba,Saturday,0.03784560039639473,0.9282980561256409,0.03385625034570694,Neutral,-0.00398935005068779
0,2254743444,2009-06-20 10:12:59-07:00,NO_QUERY,luellawitches,did three washings and cleaning the kitchen. nice day off,Saturday,0.006891325116157532,0.07454919070005417,0.9185595512390137,Positive,0.9116682261228561
4,2052343253,2009-06-06 00:24:50-07:00,NO_QUERY,ninetien,"heading to shangrila,let's burn some fat [http]",Saturday,0.0373142845928669,0.7331701517105103,0.22951555252075195,Neutral,0.19220126792788506
0,2055503426,2009-06-06 09:26:11-07:00,NO_QUERY,MatteoScavo,HOLY CROW!!...who knew that a TTC employee would sexually assault someone on the TTC...people these days,Saturday,0.9238620400428772,0.06823158264160156,0.007906476967036724,Negative,-0.9159555630758405
4,2061507059,2009-06-06 21:00:53-07:00,NO_QUERY,beautyandbedlam,@user love your wife - met her at Blissdom....she gave you a shout out.,Saturday,0.0031721924897283316,0.01681564562022686,0.9800121188163757,Positive,0.9768399263266474
4,1973743664,2009-05-30 11:44:55-07:00,NO_QUERY,TanveerNaseer,Want to say thank you and welcome to the many great people now in my stream. Need to update my Tweetdeck now to get conversing with you.,Saturday,0.0023689696099609137,0.021989667788147926,0.9756413102149963,Positive,0.9732723406050354
0,2261914476,2009-06-20 21:33:51-07:00,NO_QUERY,mr_billiam,"#reasonsihatewinter my nose runs all the time, whether I'm sick or not",Saturday,0.917812705039978,0.07300715148448944,0.00918018352240324,Negative,-0.9086325215175748
0,2053705446,2009-06-06 05:26:55-07:00,NO_QUERY,MagicMarek,Can't wait to play BFH!!! I'm dying of hunger for BFH!!! And it's still down,Saturday,0.02513756789267063,0.05851628631353378,0.9163461327552795,Positive,0.8912085648626089
4,2062593031,2009-06-06 23:41:29-07:00,NO_QUERY,mzungubeck,@user cause im coughing,Saturday,0.21315889060497284,0.7070881128311157,0.07975296676158905,Neutral,-0.1334059238433838
4,2058027312,2009-06-06 14:07:22-07:00,NO_QUERY,eslikinslautner,i want posole...yum,Saturday,0.02522721327841282,0.14998386800289154,0.8247889280319214,Positive,0.7995617147535086
0,2261324098,2009-06-20 20:36:47-07:00,NO_QUERY,Minnmess,Watching Travis-Live in Glasgow and then headed to bed. For 6 hours or less,Saturday,0.003929442726075649,0.8512166142463684,0.14485390484333038,Neutral,0.14092446211725473
0,1970778508,2009-05-30 05:10:41-07:00,NO_QUERY,hellodello,straightening my hair in this heat is killing me. today sucks. i need to get out of this house or i may lose my mind,Saturday,0.9472912549972534,0.045879341661930084,0.006829455960541964,Negative,-0.9404617990367115
4,1974942467,2009-05-30 14:07:17-07:00,NO_QUERY,MatthewCWhite,Is watching UP with @user and @user Super Excited!!,Saturday,0.0014587395126000047,0.007919871248304844,0.9906214475631714,Positive,0.9891627080505714
0,1680264889,2009-05-02 11:16:57-07:00,NO_QUERY,brightiiC,@user I want to go ! ! !,Saturday,0.008370711468160152,0.14512941241264343,0.8464998602867126,Positive,0.8381291488185525
0,2058996997,2009-06-06 16:02:34-07:00,NO_QUERY,OINKOINKLOVE,"I'm sorry if i was super worried, concern and cared so much. I didn't know you left your fone, I know its my fault.",Saturday,0.7723512649536133,0.21273201704025269,0.014916801825165749,Negative,-0.7574344631284475
4,2056280481,2009-06-06 10:51:27-07:00,NO_QUERY,lalithsuresh,"A Puma t-shirt for Rs 150? @ Spencer's plaza, Chennai only.",Saturday,0.015742922201752663,0.9078173041343689,0.0764397606253624,Neutral,0.060696838423609734
0,2052338549,2009-06-06 00:23:52-07:00,NO_QUERY,dubbcee,@user No winning but always fun. The drunk Irishman came and sat with us and made no sense...we politely made him go away and...,Saturday,0.5633554458618164,0.3367385268211365,0.09990601986646652,Negative,-0.4634494259953499
4,1972162363,2009-05-30 08:41:17-07:00,NO_QUERY,Chicarita6680,I love lazy Saturday mornings,Saturday,0.025261059403419495,0.05358191207051277,0.9211570620536804,Positive,0.8958960026502609
4,1978054332,2009-05-30 22:19:36-07:00,NO_QUERY,NiNAAA__x3,Going home ah. Tonight !,Saturday,0.010365208610892296,0.6954217553138733,0.2942129969596863,Neutral,0.283847788348794
0,1969615823,2009-05-30 00:37:15-07:00,NO_QUERY,itszacefron,"im not zac, PLEASE ADD again @user!! His account @user was hacked ! tell everyone to add him again please! god bless you!",Saturday,0.0363336019217968,0.2050696462392807,0.7585967183113098,Positive,0.722263116389513
4,2062251754,2009-06-06 22:43:12-07:00,NO_QUERY,renz15renz,due and girls come and see my facebook ... renz.toribio@user.com ..,Saturday,0.013924804516136646,0.876361072063446,0.10971406102180481,Neutral,0.09578925650566816
0,1973646486,2009-05-30 11:33:28-07:00,NO_QUERY,ashaazaaa,a part of me was hoping Hollie Steel would cry again.. i'm evil,Saturday,0.9046840071678162,0.08643973618745804,0.008876318112015724,Negative,-0.8958076890558004
0,2057184660,2009-06-06 12:31:49-07:00,NO_QUERY,raptattention,No Tony Hawk skate board for me Oh well..it might have helped had i read the directions a little closer...lol,Saturday,0.47760209441185,0.4105067253112793,0.11189115792512894,Negative,-0.36571093648672104
4,2056501468,2009-06-06 11:15:36-07:00,NO_QUERY,hotjez68,Chilling out with his second vodka and coke and reading an ebook on my Sony reader. Great combo,Saturday,0.002843659371137619,0.06041888892650604,0.9367374181747437,Positive,0.933893758803606
4,2060819265,2009-06-06 19:38:21-07:00,NO_QUERY,drjudyblando,#joy ~ Doesn't 'supercalifragilisticexpialidocious' just make you smile.,Saturday,0.004291781689971685,0.023419544100761414,0.9722886681556702,Positive,0.9679968864656985
4,1977926408,2009-05-30 22:01:24-07:00,NO_QUERY,gladthinking,"anyways, be happy everyone-philosophy!",Saturday,0.0059218378737568855,0.021802755072712898,0.9722753763198853,Positive,0.9663535384461284
0,1974849421,2009-05-30 13:56:59-07:00,NO_QUERY,heavyheartthat,Sooooo gutted that Aidan didn't win!!! I've never been so upset in my life!! Soo gutted xx,Saturday,0.9165838956832886,0.06918033957481384,0.014235766604542732,Negative,-0.9023481290787458
4,2061365128,2009-06-06 20:42:59-07:00,NO_QUERY,Meilowski,lol black dont crack and white u gotta light right...ha...snl is funny...NOT..yea it is tho,Saturday,0.1950448751449585,0.418716162443161,0.3862389922142029,Neutral,0.19119411706924438
4,1972971013,2009-05-30 10:13:52-07:00,NO_QUERY,CallMe_Goddess,"Current Track: Dead End Countdown by The New Cities via @user I love this song If you haven't heard it, check it out!",Saturday,0.0017007995629683137,0.014791657216846943,0.983507513999939,Positive,0.9818067144369707
4,1970596719,2009-05-30 04:30:07-07:00,NO_QUERY,EmmaFranzen,@user you can sun too! It's a lovely weather! You can listen to your ipod while doing it,Saturday,0.002109211403876543,0.013084287755191326,0.984806478023529,Positive,0.9826972666196525
4,1975136434,2009-05-30 14:31:22-07:00,NO_QUERY,PaazG,I see iCarly,Saturday,0.013901001773774624,0.7253474593162537,0.26075154542922974,Neutral,0.2468505436554551
0,2261329540,2009-06-20 20:37:18-07:00,NO_QUERY,marialovesjb9,@user oh em gee. Can I cry? I'm crying! I wiiiish I was there I love NILEY and before the storm!,Saturday,0.017146581783890724,0.028946856036782265,0.9539064764976501,Positive,0.9367598947137594
0,1971568908,2009-05-30 07:24:04-07:00,NO_QUERY,Galiiit,@user aw man I am jealous. can't believe I missed the ~last Sydney show :| i will never forgive myself,Saturday,0.9397026300430298,0.05195136368274689,0.008346082642674446,Negative,-0.9313565474003553
4,1556093366,2009-04-18 21:37:27-07:00,NO_QUERY,mystnightclub,The Ikki twins from double shot at love are hosting at myst tonight! Text for guestlist free till 11 6023803141,Saturday,0.0029015287291258574,0.7073895335197449,0.2897089123725891,Neutral,0.28680738364346325
4,1970811728,2009-05-30 05:17:45-07:00,NO_QUERY,ktbenson,graduated,Saturday,0.05542496219277382,0.5481864809989929,0.39638853073120117,Neutral,0.34096356853842735
4,1822650241,2009-05-16 20:04:05-07:00,NO_QUERY,MsLuxe,omg..I cant believe I watchd that Jonas show...hahh..but there was nothin else on...n that girl Maria was really pretty...lol...eww Jonas,Saturday,0.060406435281038284,0.12813955545425415,0.8114539980888367,Positive,0.7510475628077984
4,1970585587,2009-05-30 04:27:23-07:00,NO_QUERY,mooshud,@user yes it will be babe,Saturday,0.004254707135260105,0.07802256941795349,0.917722761631012,Positive,0.9134680544957519
4,1971135358,2009-05-30 06:18:51-07:00,NO_QUERY,MarkOOakes,"@user Recovery day today. I'll spend my day focusing on those that make everything else worthwhile,... my family",Saturday,0.008178322575986385,0.1339133083820343,0.8579084277153015,Positive,0.8497301051393151
4,2057674221,2009-06-06 13:26:54-07:00,NO_QUERY,munkiefly,[http] - he is hot stuff what i would give to be loved by Trace Cyrus!,Saturday,0.008176336996257305,0.037151943892240524,0.9546717405319214,Positive,0.9464954035356641
0,2259643592,2009-06-20 17:55:40-07:00,NO_QUERY,chrisluvssixxam,@user my belly is not full and my nails look like shit...for shame lol,Saturday,0.9162663221359253,0.07466719299554825,0.009066430851817131,Negative,-0.9071998912841082
4,1680992515,2009-05-02 12:58:08-07:00,NO_QUERY,jessica_lee,more friends are getting onto twitter. they + fam say my feed is soooo boring. HR this HR that. won't be offended if ya stopped following,Saturday,0.5981859564781189,0.33416256308555603,0.06765143573284149,Negative,-0.5305345207452774
0,1552028065,2009-04-18 10:35:55-07:00,NO_QUERY,moxie_b,...beautiful weather...LONg day ahead..so much to do so little time,Saturday,0.004688266199082136,0.01026794034987688,0.9850437641143799,Positive,0.9803554979152977
4,2059714638,2009-06-06 17:29:26-07:00,NO_QUERY,aylanha,nice quiet weekend,Saturday,0.014075647108256817,0.06473533064126968,0.92118901014328,Positive,0.9071133630350232
4,2060562393,2009-06-06 19:08:21-07:00,NO_QUERY,QMG,@user @user @user @user @user thanks for the travel recommendations! Added 2 the list,Saturday,0.0033327946439385414,0.055320437997579575,0.9413467049598694,Positive,0.9380139103159308
4,2061805296,2009-06-06 21:39:21-07:00,NO_QUERY,JustA_Girl,@user there's 9 of them! They r pretty good and easy reading too.,Saturday,0.002318772254511714,0.019160674884915352,0.9785205125808716,Positive,0.9762017403263599
4,1974608964,2009-05-30 13:29:01-07:00,NO_QUERY,line5250,@user live a little...have a dog and a cold beer,Saturday,0.01820344105362892,0.7902500033378601,0.19154658913612366,Neutral,0.17334314808249474
0,2256337301,2009-06-20 12:37:22-07:00,NO_QUERY,19_Clare_86,Chill'axin at home.....bk to the fun factory sunday night!! xx,Saturday,0.003369338111951947,0.1104547306895256,0.8861759305000305,Positive,0.8828065923880786
0,2259316030,2009-06-20 17:22:28-07:00,NO_QUERY,kelseyhopper,Just used the wind shield wipers to knock a spider off the wind shield. I fuckin hate spiders.,Saturday,0.8984444737434387,0.08588593453168869,0.01566953770816326,Negative,-0.8827749360352755
0,1823441624,2009-05-16 21:59:04-07:00,NO_QUERY,thefreshkidlos,Chillin layinqq down watchinqq a movie can't sleep n i got work in the AM,Saturday,0.2343137562274933,0.6797836422920227,0.08590257167816162,Neutral,-0.14841118454933167
4,2053922655,2009-06-06 06:05:24-07:00,NO_QUERY,BiiGGi,&quot;there would'nd be a swineflu if we treated the pig's better!&quot;.. haha that was soo funny,Saturday,0.060697827488183975,0.17800787091255188,0.7612943053245544,Positive,0.7005964778363705
4,1970436338,2009-05-30 03:51:43-07:00,NO_QUERY,crushtor,"@user thanks mate, didn't know I was competing, but it makes me feel good inside",Saturday,0.009896301664412022,0.03203926607966423,0.9580644369125366,Positive,0.9481681352481246
4,2057785157,2009-06-06 13:39:23-07:00,NO_QUERY,elaboratedream,@user Yep! i am !,Saturday,0.0043271188624203205,0.14909237623214722,0.8465805053710938,Positive,0.8422533865086734
0,1978008380,2009-05-30 22:12:58-07:00,NO_QUERY,StephenMCollins,Finally in the apt. It's lonely and empty inflating my bed getting ready for sleep time,Saturday,0.32900893688201904,0.5117006301879883,0.15929049253463745,Neutral,-0.1697184443473816
4,2058758675,2009-06-06 15:34:23-07:00,NO_QUERY,talkrubbish,@user I like that,Saturday,0.010730248875916004,0.07885437458753586,0.9104153513908386,Positive,0.8996851025149226
0,1551645362,2009-04-18 09:36:10-07:00,NO_QUERY,dannidinosawwrr,dyed her hair... not all the way black sadly just got a job at arbys,Saturday,0.169531911611557,0.7393820285797119,0.09108603000640869,Neutral,-0.07844588160514832
0,2262158192,2009-06-20 21:59:35-07:00,NO_QUERY,sherabey,wishes bisa sekali &quot;blink&quot; bisa ke CN Tower liat stadioum Raptors ... [http],Saturday,0.04814145714044571,0.818611204624176,0.13324730098247528,Neutral,0.08510584384202957
0,1970789107,2009-05-30 05:12:59-07:00,NO_QUERY,aeris84,@user wish I could be at the party too,Saturday,0.03889477252960205,0.24223363399505615,0.7188716530799866,Positive,0.6799768805503845
4,2053537281,2009-06-06 04:54:18-07:00,NO_QUERY,platinumpanties,I am off to snuggle under the covers........love to all my tweeps â¥ and I'll be back tomorrow...send me a private msg if you want me,Saturday,0.003457906423136592,0.06774193048477173,0.9288001656532288,Positive,0.9253422592300922
0,1555895840,2009-04-18 21:00:36-07:00,NO_QUERY,osora,man i'm so sad right now. can i get a few more hours of live mixing? #asot400,Saturday,0.9403456449508667,0.053823232650756836,0.00583110935986042,Negative,-0.9345145355910063
0,2054991361,2009-06-06 08:29:19-07:00,NO_QUERY,GodFirst08,"@user then it's just unstoppable. Twitter cannot even stop us! Okay, they probably could for a little while.",Saturday,0.03272233158349991,0.22711507976055145,0.7401626110076904,Positive,0.7074402794241905
0,2061948883,2009-06-06 21:58:58-07:00,NO_QUERY,AshleySuperfly,"I know its 12AM and H.I. aired like 4 hours ago but OMG - I thought it'd make sense for the person that died to die, but didn't expect it",Saturday,0.7008612751960754,0.2755461633205414,0.023592529818415642,Negative,-0.6772687453776598
4,1677207381,2009-05-02 00:56:41-07:00,NO_QUERY,scifiartist,"@user Thanks for following and for the kind words about my artwork, the Anakin Skywalker painting is one of my favourites too",Saturday,0.0025662637781351805,0.019133951514959335,0.9782998561859131,Positive,0.9757335924077779
4,2055433954,2009-06-06 09:18:31-07:00,NO_QUERY,aislynngrey,@user Really good. Getting things done. Slowly. Baking again.,Saturday,0.003191339783370495,0.02383030764758587,0.9729783535003662,Positive,0.9697870137169957
4,1677076275,2009-05-02 00:21:23-07:00,NO_QUERY,mokujen,"@user yeah, welcome home bill! Ps: looking forward to seeing you in Nottingham in July",Saturday,0.0013555416371673346,0.012902696616947651,0.9857417345046997,Positive,0.9843861928675324
4,1752918668,2009-05-09 23:26:41-07:00,NO_QUERY,JennyandTiffOTR,"@user LOL...oh, man, can I un-twit something? haha! I mean my lean mean fighting machine. I sooo can't believe you called me out!",Saturday,0.38157418370246887,0.2655736804008484,0.3528521656990051,Negative,-0.028722018003463745
0,1977834891,2009-05-30 21:49:03-07:00,NO_QUERY,somemandy,@user first you have coffeeTU and then (possibly) sushiTU... I'm so jealous... *sniff*,Saturday,0.8250027894973755,0.15074892342090607,0.024248285219073296,Negative,-0.8007545042783022
0,2251685063,2009-06-20 04:16:23-07:00,NO_QUERY,Viki_T,@user No problem Wifey... Just wish I was with you. Damn my lack of money!! @user,Saturday,0.36537933349609375,0.27112433314323425,0.3634963035583496,Negative,-0.0018830299377441406
0,1978251141,2009-05-30 22:49:54-07:00,NO_QUERY,OriginalGata,@user dammit..I'm going to miss it,Saturday,0.8515473008155823,0.12102235108613968,0.027430381625890732,Negative,-0.8241169191896915
4,1974759510,2009-05-30 13:47:20-07:00,NO_QUERY,peaceluvnemily,@user that would be me and my bff who just came to say hi. haha,Saturday,0.003973168786615133,0.30772852897644043,0.6882982850074768,Positive,0.6843251162208617
0,1970964874,2009-05-30 05:48:31-07:00,NO_QUERY,bbd_russ,"Work now busy as, never going to leave this place thanks for tweets of support @user although cut this pescetarian rubbish!",Saturday,0.480734646320343,0.26148512959480286,0.2577802836894989,Negative,-0.22295436263084412
0,1555790214,2009-04-18 20:42:04-07:00,NO_QUERY,NastySteve,Fuuuuuck! Chuck got knocked out again.jesus I hope he retires now,Saturday,0.9352823495864868,0.056593913584947586,0.00812382809817791,Negative,-0.9271585214883089
4,2061525993,2009-06-06 21:03:12-07:00,NO_QUERY,crvenk,@user What is Blackberry Bold or is it Blackberry Old?,Saturday,0.020778503268957138,0.937092661857605,0.04212881997227669,Neutral,0.02135031670331955
4,1971133917,2009-05-30 06:18:35-07:00,NO_QUERY,brewster_d,Just been up the empire state building. One of the best experiences I've ever had in my life. Bloody amazing,Saturday,0.0065734791569411755,0.009923873469233513,0.9835026860237122,Positive,0.976929206866771
0,1977346001,2009-05-30 20:45:41-07:00,NO_QUERY,Joshuawhalen,I need some followers.,Saturday,0.10694791376590729,0.7387056946754456,0.15434643626213074,Neutral,0.04739852249622345
0,2056876238,2009-06-06 11:57:43-07:00,NO_QUERY,mattpicasso,At Cinci zoo with Pam. Cat House should be renamed Sad Cat House. All of them made this face,Saturday,0.6058887243270874,0.33591073751449585,0.05820056051015854,Negative,-0.5476881638169289
4,2060667304,2009-06-06 19:20:36-07:00,NO_QUERY,Juls_W,attempting to install the firms sims game on my laptop,Saturday,0.08214157074689865,0.8119789958000183,0.10587940365076065,Neutral,0.023737832903862
0,1685191097,2009-05-02 23:23:38-07:00,NO_QUERY,just_reva,Me and @user havin a Movie Marathon here. @user leaving for home tonight But it has been a wonderful weekend! YAY!!!,Saturday,0.0017396160401403904,0.01020774245262146,0.9880526065826416,Positive,0.9863129905425012
4,1677686280,2009-05-02 03:26:02-07:00,NO_QUERY,sandrasrockinit,@user you probably know this already...but that was a joke,Saturday,0.2543700635433197,0.6657459735870361,0.07988392561674118,Neutral,-0.17448613792657852
0,1553299058,2009-04-18 13:53:49-07:00,NO_QUERY,shazyck,Has decided against the tattoo as I promised the agency I haven't made any changes. Does a new nose count?,Saturday,0.4170133173465729,0.5624396800994873,0.02054700069129467,Neutral,-0.3964663166552782
4,2057728084,2009-06-06 13:33:00-07:00,NO_QUERY,beccajonas,145 people in @user 's chat,Saturday,0.009756463579833508,0.9373684525489807,0.05287496745586395,Neutral,0.043118503876030445
0,1677940021,2009-05-02 04:46:35-07:00,NO_QUERY,mustntgrumble,"@user 9, but with his difficulties, he is much more vulnerable physically &amp; emotionally",Saturday,0.4407140016555786,0.5256841778755188,0.03360188379883766,Neutral,-0.40711211785674095
4,1823993463,2009-05-16 23:40:18-07:00,NO_QUERY,sweetthaang19,Truthfulness is the foundation of all human virtues.,Saturday,0.016264749690890312,0.12450583279132843,0.8592294454574585,Positive,0.8429646957665682
0,2257794047,2009-06-20 14:54:17-07:00,NO_QUERY,sophielockley,Matt was allowed a McDonalds. I wasnt. So unfair! All I had was yoghart!,Saturday,0.8401456475257874,0.14324137568473816,0.016613028943538666,Negative,-0.8235326185822487
4,2053944788,2009-06-06 06:09:00-07:00,NO_QUERY,irisvarsi,Today planning to watch movies and going to the city with my bestfriend Mirjam,Saturday,0.0017825509421527386,0.13112810254096985,0.8670893311500549,Positive,0.8653067802079022
4,2059998997,2009-06-06 18:03:38-07:00,NO_QUERY,ComplicatedMama,@user priceless!!!,Saturday,0.010694853961467743,0.03039143979549408,0.9589137434959412,Positive,0.9482188895344734
0,2057171106,2009-06-06 12:30:20-07:00,NO_QUERY,felicityjade,kam sucks! i have a huge bruise thanks to him,Saturday,0.9590355157852173,0.035473473370075226,0.005490909796208143,Negative,-0.9535446059890091
0,2052218855,2009-06-06 00:01:24-07:00,NO_QUERY,chantellmarie,"@user LMAO. Sometimes those dairy products really pick fights w/ my stomach... Sadly, I can't end my love affair w/ dairy",Saturday,0.8889390826225281,0.09980490058660507,0.011255990713834763,Negative,-0.8776830919086933
4,1973263478,2009-05-30 10:48:39-07:00,NO_QUERY,caty118,@user you are ruining summer by being sick. hope you feel better,Saturday,0.941918671131134,0.05226660519838333,0.005814719945192337,Negative,-0.9361039511859417
4,2053434841,2009-06-06 04:32:36-07:00,NO_QUERY,jennimoon,enjoying some quality &quot;me&quot; time,Saturday,0.004808937199413776,0.09680858999490738,0.8983824849128723,Positive,0.8935735477134585
4,1977476252,2009-05-30 21:03:10-07:00,NO_QUERY,Decinces,@user and you too i drugged the chocolate i put out for the zipper-rompa-roos. so you don't have to worry about them tonight ;),Saturday,0.013154525309801102,0.16753004491329193,0.8193154335021973,Positive,0.8061609081923962
0,2061991760,2009-06-06 22:04:37-07:00,NO_QUERY,egoins22,Hey @user not fair drakes not there (treysongz live &gt; [http],Saturday,0.8863686323165894,0.10762518644332886,0.006006153300404549,Negative,-0.8803624790161848
0,2261121803,2009-06-20 20:17:47-07:00,NO_QUERY,DEAHHNAH,@user jaja i know siempre me decia abusor.i gues she took one of my intense shits for reals lo k me pasa x ser intensa uhh jaja,Saturday,0.47515806555747986,0.47704434394836426,0.04779764637351036,Neutral,-0.4273604191839695
4,2059050440,2009-06-06 16:08:53-07:00,NO_QUERY,ThaBusDriva,@user Nice Pic!!! Very Nice Pic!!! If I was ballin I would buy!!,Saturday,0.003562050638720393,0.0159987211227417,0.9804392457008362,Positive,0.9768771950621158
4,1752619888,2009-05-09 22:26:56-07:00,NO_QUERY,meilindasetio,happy mother's day to all the mothers in the world.,Saturday,0.004243089351803064,0.01236712746322155,0.9833897948265076,Positive,0.9791467054747045
4,1975106552,2009-05-30 14:27:41-07:00,NO_QUERY,xx3GEM,"Diversity &lt;333 we all had a bet.. i won saying them simon, amanda, piers (Y) thumbs up !! &lt;3 xxx",Saturday,0.002238933928310871,0.02046230435371399,0.9772987961769104,Positive,0.9750598622485995
4,2057012021,2009-06-06 12:12:26-07:00,NO_QUERY,kmjohnson14,Hanging out with Carson and Taylor!,Saturday,0.0027057661209255457,0.6894888281822205,0.30780544877052307,Neutral,0.3050996826495975
0,1972470453,2009-05-30 09:17:12-07:00,NO_QUERY,ratusyura,"@user tu la, nak kumpul org pun cam payah.patut tday but last minit i plak pening so cancel. just go la tmrw lemme knw how it goes",Saturday,0.380262553691864,0.5953153967857361,0.024422038346529007,Neutral,-0.355840515345335
0,1977932194,2009-05-30 22:02:11-07:00,NO_QUERY,BrookeOToole,Cake pops finally done. Sick husband asleep in the middle of the bed. A night on the couch for me.,Saturday,0.08190466463565826,0.5201424956321716,0.3979528546333313,Neutral,0.31604818999767303
4,2062275585,2009-06-06 22:47:02-07:00,NO_QUERY,arttherapy2heal,"And to those who will b up &amp; on like six hours, I will be back and twittering at church on IPod so it will be slow to respond",Saturday,0.11857227236032486,0.7984052896499634,0.08302245289087296,Neutral,-0.035549819469451904
0,2056497840,2009-06-06 11:15:13-07:00,NO_QUERY,apache_rose,"@user done the Germany trip at school, but they only did it every other year and I couldn't",Saturday,0.4078986942768097,0.5295848250389099,0.06251644343137741,Neutral,-0.3453822508454323
0,2055710891,2009-06-06 09:48:59-07:00,NO_QUERY,lauramichelin,@user i'm just wondering if you guys will ever have a meet and greet in brazil?? we deserve it as much as argentina!,Saturday,0.008644099347293377,0.1786772906780243,0.8126786351203918,Positive,0.8040345357730985
4,2058248116,2009-06-06 14:33:42-07:00,NO_QUERY,BonnieLowe,"@user I enjoyed that flick, too. Wish J-Lo would do more movies.",Saturday,0.003690764307975769,0.02017567679286003,0.9761335849761963,Positive,0.9724428206682205
4,1976820962,2009-05-30 19:10:46-07:00,NO_QUERY,LovedSince88,"o, had a grt day at work; worked my first prom (idk why prom is so late) and booked a wedding go me!",Saturday,0.007950609549880028,0.13100838661193848,0.8610410690307617,Positive,0.8530904594808817
0,2253115909,2009-06-20 07:36:49-07:00,NO_QUERY,rbeardwood,Raining - no cricket today,Saturday,0.6326416730880737,0.34833523631095886,0.01902308501303196,Negative,-0.6136185880750418
4,1977941376,2009-05-30 22:03:28-07:00,NO_QUERY,davar,nothing like a rainy un-productive saturday. wifey made up for it with some fantastic food,Saturday,0.013092471286654472,0.030785860493779182,0.9561216831207275,Positive,0.9430292118340731
4,1970964700,2009-05-30 05:48:29-07:00,NO_QUERY,Boy_Kill_Boy,"hmm.... shit goes wrong so im the one who puts it all right for people, i can live with that",Saturday,0.8240645527839661,0.16382262110710144,0.012112848460674286,Negative,-0.8119517043232918
4,1971230910,2009-05-30 06:34:34-07:00,NO_QUERY,Katerrss,Had an awsome time at Tiger Tiger thursday night I fell asleep on the beach yesterday and now im sun burnt lol,Saturday,0.005061081610620022,0.02205170877277851,0.9728872179985046,Positive,0.9678261363878846
0,1970888422,2009-05-30 05:33:24-07:00,NO_QUERY,AnneMariePH,attending my hangover,Saturday,0.24868060648441315,0.6811913847923279,0.07012797892093658,Neutral,-0.17855262756347656
0,2062522879,2009-06-06 23:28:49-07:00,NO_QUERY,Licokitty,Watching Dan in Real Life one of my faves* many ppl don't like it.. I can relate in many ways &lt;3 -- about to feed the babies,Saturday,0.5391735434532166,0.3139764070510864,0.14684997498989105,Negative,-0.3923235684633255
4,1969428826,2009-05-30 00:00:37-07:00,NO_QUERY,v_a_l_,@user It's good to hear. Never let yourself be bothered by all those high school dramas,Saturday,0.15917401015758514,0.3365754783153534,0.5042505264282227,Positive,0.3450765162706375
0,2061371844,2009-06-06 20:43:49-07:00,NO_QUERY,erinnncatherine,lame...txt me. ill be waiting. cant sleep.,Saturday,0.9245079755783081,0.06745173037052155,0.008040257729589939,Negative,-0.9164677178487182
4,1978325287,2009-05-30 23:01:47-07:00,NO_QUERY,Sterling72,@user Damn right. Take a &quot;mental health&quot; day and just relax once in a while.,Saturday,0.29514458775520325,0.4580780267715454,0.24677738547325134,Neutral,-0.048367202281951904
0,2056589996,2009-06-06 11:25:26-07:00,NO_QUERY,pung101,just got back from socce we lost,Saturday,0.8784781694412231,0.11344071477651596,0.00808118935674429,Negative,-0.8703969800844789
0,2256301112,2009-06-20 12:34:03-07:00,NO_QUERY,AshfordTalk,@user am I able to test the 2.0 theme?? The link you gave me to the 1.0 didn't work!!,Saturday,0.7101278305053711,0.2736910581588745,0.016181090846657753,Negative,-0.6939467396587133
0,1971148755,2009-05-30 06:21:04-07:00,NO_QUERY,sabzero,is unfortunately back from Nicaragua,Saturday,0.6772415041923523,0.30701684951782227,0.015741681680083275,Negative,-0.661499822512269
4,1978200119,2009-05-30 22:41:44-07:00,NO_QUERY,sbyeeeee,Dmoms if you never peel the orange you won't taste the fruits of your labor!!!,Saturday,0.7518166303634644,0.21528260409832,0.032900769263505936,Negative,-0.7189158610999584
4,1556466093,2009-04-18 22:56:52-07:00,NO_QUERY,staceylovesDW,@user whats a cock rocket tell me lmfao,Saturday,0.4805799722671509,0.46252503991127014,0.05689498782157898,Negative,-0.4236849844455719
4,1969837763,2009-05-30 01:25:04-07:00,NO_QUERY,Mamas2000,"is gonna try 2 have a great weekend.. @user when are you guys coming down, we can go swiming.. ashers is looking for Isa..",Saturday,0.0028109843842685223,0.05587530881166458,0.9413136839866638,Positive,0.9385026996023953
4,1976561289,2009-05-30 18:26:48-07:00,NO_QUERY,psa2,We in the MI area are spoiled w/ the weather. Payback for harsh winter &amp; all of the walkways that I needed to shovel while pet sitting.,Saturday,0.6904626488685608,0.2630035877227783,0.046533819288015366,Negative,-0.6439288295805454
0,2053534171,2009-06-06 04:53:38-07:00,NO_QUERY,andy2boyz,[http] - Bugger hit traffic before we left sheffield,Saturday,0.7279208302497864,0.2633853852748871,0.008693795651197433,Negative,-0.7192270345985889
4,1678265893,2009-05-02 06:07:35-07:00,NO_QUERY,taufikn,"@user @user @user Wah, jangan2 @user lagi flirting nih.. #gosip #nyariribut",Saturday,0.04754484444856644,0.8078573346138,0.14459776878356934,Neutral,0.0970529243350029
4,1554139142,2009-04-18 16:10:32-07:00,NO_QUERY,WOnet,"@user Congrats on Colin making it in! I will be pulling for him, and you Would be cool to see him in an &quot;In My Mug&quot;... just a thought",Saturday,0.0020413147285580635,0.016896259039640427,0.9810624718666077,Positive,0.9790211571380496
0,2257502041,2009-06-20 14:26:21-07:00,NO_QUERY,livi_j,"@user Weds my Dad gets here, no chance",Saturday,0.39493605494499207,0.5592924952507019,0.04577143117785454,Neutral,-0.3491646237671375
4,1751503363,2009-05-09 19:36:11-07:00,NO_QUERY,mime24,"this song called stolen, it soooo amazing!! it by Dashboard Confessional",Saturday,0.003114452352747321,0.0109564745798707,0.9859290719032288,Positive,0.9828146195504814
0,2057963569,2009-06-06 14:00:05-07:00,NO_QUERY,mandakay23,Im sad that my bff doesn't love me anymore,Saturday,0.9102489948272705,0.08074324578046799,0.009007791988551617,Negative,-0.9012412028387189
0,2058481966,2009-06-06 15:01:48-07:00,NO_QUERY,LaLaHearts,Im 2 seconds away from smacking this little boy who wont let Isa go down the slide,Saturday,0.794108510017395,0.1794397383928299,0.02645176649093628,Negative,-0.7676567435264587
0,2062169216,2009-06-06 22:30:31-07:00,NO_QUERY,PleasantKJ,@user Thanks Tommy!!! I certainly hope so !,Saturday,0.002912417985498905,0.01517417747527361,0.9819133877754211,Positive,0.9790009697899222
4,2062626927,2009-06-06 23:47:44-07:00,NO_QUERY,sari88_,Happy bday to my big bro! Love you soo sooo much,Saturday,0.005343311000615358,0.007309038192033768,0.9873476028442383,Positive,0.9820042918436229
0,1551296795,2009-04-18 08:40:43-07:00,NO_QUERY,Bittersweetbbyx,I have homework and chores to do plus school starts monday. fml RIP to my wifes gpa,Saturday,0.9031535983085632,0.08586475253105164,0.010981670580804348,Negative,-0.8921719277277589
4,1679074994,2009-05-02 08:28:26-07:00,NO_QUERY,Beana,draggin out 20 minutes so i can have a full 3 hrs OT,Saturday,0.01612892933189869,0.6650097966194153,0.3188612759113312,Neutral,0.3027323465794325
4,1678071938,2009-05-02 05:22:27-07:00,NO_QUERY,yoeii,is watching MMK [http],Saturday,0.011485082097351551,0.9431555271148682,0.045359402894973755,Neutral,0.033874320797622204
0,2059113928,2009-06-06 16:16:27-07:00,NO_QUERY,leebo,Gaah. This headache all feckin day. Nothing will shift it,Saturday,0.9122915863990784,0.07180085778236389,0.01590748503804207,Negative,-0.8963841013610363
0,1974193907,2009-05-30 12:37:49-07:00,NO_QUERY,JordanRinke,"flight is as much my fault as anyones, i should have paid attention to the date not just time time. i was so excited i failed to validate",Saturday,0.7602919340133667,0.20736023783683777,0.03234783560037613,Negative,-0.7279440984129906
4,2054221195,2009-06-06 06:51:35-07:00,NO_QUERY,jesssieg,studyingg for math then birfday party,Saturday,0.014279087074100971,0.8432113528251648,0.1425095647573471,Neutral,0.12823047768324614
0,1822535188,2009-05-16 19:48:05-07:00,NO_QUERY,AbradeKhan,@user gaslight manor in aurora. They went with a family friend before asking around to fit the budget. Guess you get what you pay for,Saturday,0.2749802768230438,0.6877385973930359,0.037281084805727005,Neutral,-0.23769919201731682
0,1970435335,2009-05-30 03:51:27-07:00,NO_QUERY,melons_2009,"just getting ready for work, really dont want to be stuck inside on a lovely day like today! x",Saturday,0.4496973752975464,0.30906161665916443,0.241240993142128,Negative,-0.2084563821554184
4,2052850969,2009-06-06 02:16:14-07:00,NO_QUERY,JasonHEATRosell,its about that time..... ooo ya brotha!,Saturday,0.006083229556679726,0.1668272167444229,0.8270896077156067,Positive,0.821006378158927
4,2054023751,2009-06-06 06:21:30-07:00,NO_QUERY,laurapeake,I am mucho mucho thankful for the rain though,Saturday,0.005346470512449741,0.02072465419769287,0.9739288687705994,Positive,0.9685823982581496
4,2053169019,2009-06-06 03:32:42-07:00,NO_QUERY,willmize,@user Wait a minute! Friday night? Battlestar Galactica? Cupcakes? Holy crap! You're a NERD. *gasp* I am so telling,Saturday,0.7733231782913208,0.16250023245811462,0.06417656689882278,Negative,-0.709146611392498
4,2056537109,2009-06-06 11:19:35-07:00,NO_QUERY,curlyq89,Just woke up because I was out so late last night.. I enjoyed my epic surprise last night though,Saturday,0.013217857107520103,0.0902010127902031,0.8965811729431152,Positive,0.8833633158355951
0,1678932740,2009-05-02 08:06:25-07:00,NO_QUERY,AndreaBirdy,Glad Jeff was back in school on Thursday! but was gone again yesterday What do I do without him there? lol. Ima miss you next year!!!,Saturday,0.09755886346101761,0.17077720165252686,0.7316640019416809,Positive,0.6341051384806633
4,2052880870,2009-06-06 02:23:28-07:00,NO_QUERY,GooleyActor,is filming all day on the upper east side till about 5pm with an early call time for costume and hair and make up,Saturday,0.004566358868032694,0.9122911095619202,0.08314260095357895,Neutral,0.07857624208554626
0,1975360514,2009-05-30 14:59:51-07:00,NO_QUERY,Attack_Kita,@user nathan n ellis will be back at 12. You see this is why i will hate uni being alone !,Saturday,0.81592857837677,0.1603454202413559,0.023726101964712143,Negative,-0.7922024764120579
0,1752931342,2009-05-09 23:29:31-07:00,NO_QUERY,joeboyfresh,@user tell me about it!!,Saturday,0.007920613512396812,0.27766120433807373,0.7144182324409485,Positive,0.7064976189285517
0,2055121662,2009-06-06 08:44:21-07:00,NO_QUERY,SophiaRoberts,"tim minchin hosted ra-r-raa-raaa-rage (impersonation of the crazy &quot;rage&quot; voice) - i gave up at deep purple, couldn't stay awake",Saturday,0.7472397089004517,0.23098868131637573,0.021771593019366264,Negative,-0.7254681158810854
4,1752503088,2009-05-09 22:06:20-07:00,NO_QUERY,Ana503,"on myyearbook, myspace, here and messenger",Saturday,0.040703218430280685,0.818413496017456,0.14088326692581177,Neutral,0.10018004849553108
0,1970150383,2009-05-30 02:39:42-07:00,NO_QUERY,k3nn3thcarl,My other half is far far away from me,Saturday,0.615982711315155,0.35009250044822693,0.03392476588487625,Negative,-0.5820579454302788
4,1553492920,2009-04-18 14:24:56-07:00,NO_QUERY,nics620,"@user I do feel much better now, thanks",Saturday,0.01846310682594776,0.06660294532775879,0.914933979511261,Positive,0.8964708726853132
4,2052917375,2009-06-06 02:32:18-07:00,NO_QUERY,eliz2688,OFF!!!!!!!!! nighty night!!,Saturday,0.07317275553941727,0.35025089979171753,0.5765763521194458,Positive,0.5034035965800285
4,2055828834,2009-06-06 10:01:47-07:00,NO_QUERY,somerx,"dear mr sun, please come out",Saturday,0.06878437846899033,0.750231921672821,0.1809837371110916,Neutral,0.11219935864210129
0,2260219673,2009-06-20 18:52:02-07:00,NO_QUERY,petiteAlicious,My mother's mom died today!! R.I.P!! Will be out of town this week!!,Saturday,0.8787565231323242,0.11031879484653473,0.010924709029495716,Negative,-0.8678318141028285
4,1971332201,2009-05-30 06:50:53-07:00,NO_QUERY,WeekendChica,@user yes I seent it &lt;333333,Saturday,0.004298255313187838,0.1039758250117302,0.8917258977890015,Positive,0.8874276424758136
4,1970214253,2009-05-30 02:55:47-07:00,NO_QUERY,Lornaaaa,Because I love only having to worry about myself ? [http],Saturday,0.07481364160776138,0.39866045117378235,0.5265259146690369,Positive,0.4517122730612755
0,2052836652,2009-06-06 02:12:51-07:00,NO_QUERY,ktoint83,"can feel a cold comming on but is going to enjoy today despite feeling not great..Happy one year to my baby, heres 2 the first of many!xx",Saturday,0.04365962743759155,0.0832529217004776,0.8730874061584473,Positive,0.8294277787208557
0,2059082813,2009-06-06 16:12:43-07:00,NO_QUERY,drewxs,"Well, we didn't make it #mcff09",Saturday,0.8390296101570129,0.14721977710723877,0.013750546611845493,Negative,-0.8252790635451674
4,1677377417,2009-05-02 01:45:55-07:00,NO_QUERY,MakeupByAngie,@user maybe he was trying to check out your boobies?,Saturday,0.019043007865548134,0.8601362705230713,0.12082072347402573,Neutral,0.10177771560847759
0,1973064144,2009-05-30 10:24:48-07:00,NO_QUERY,sup3rmark,"@user hey, just noticed your tweet from yesterday. didn't go, did you? weather+hangover+friends visiting=no mass for mark",Saturday,0.5705054402351379,0.41684943437576294,0.012645179405808449,Negative,-0.5578602608293295
0,2057920593,2009-06-06 13:55:05-07:00,NO_QUERY,kingtexas,@user Were you at happy endings? I didn't see you,Saturday,0.1251709759235382,0.8032140135765076,0.07161497324705124,Neutral,-0.05355600267648697
4,1823046754,2009-05-16 20:59:29-07:00,NO_QUERY,bertranddkhar,"@user aww, just don't be too hard on yourself.... believe and you will achieve",Saturday,0.01562923565506935,0.09315843135118484,0.8912122845649719,Positive,0.8755830489099026
4,1969984475,2009-05-30 01:59:27-07:00,NO_QUERY,xcupofcake,Three Weeks of Twitter!,Saturday,0.010373078286647797,0.6364718675613403,0.3531550467014313,Neutral,0.3427819684147835
0,2052983751,2009-06-06 02:48:30-07:00,NO_QUERY,xcjm,"@user gaaah i know! poor milo. he doesn't deserve shit like her. i vote he goes back to alexis, if i can't have him!",Saturday,0.9293428063392639,0.0625891238451004,0.008068004623055458,Negative,-0.9212748017162085
0,1752972590,2009-05-09 23:38:49-07:00,NO_QUERY,kirstenj0y,My phone is about to die. NOW WHAT WILL I DO?,Saturday,0.9319684505462646,0.0617404542863369,0.006291071884334087,Negative,-0.9256773786619306
0,2058772284,2009-06-06 15:35:52-07:00,NO_QUERY,billyrowan,@user heh I know feeling,Saturday,0.1547875702381134,0.6633350849151611,0.18187738955020905,Neutral,0.027089819312095642
0,1974001509,2009-05-30 12:14:49-07:00,NO_QUERY,iyaitssuzanne,"@user lolz i hate chav music, but im actluy quite scared cos i started likin a sort ov chav song the other day",Saturday,0.9248939752578735,0.06867800652980804,0.0064280275255441666,Negative,-0.9184659477323294
0,2059033959,2009-06-06 16:06:56-07:00,NO_QUERY,celine_x,Today is going to be busy D: I miss @user,Saturday,0.8457262516021729,0.12518258392810822,0.02909119427204132,Negative,-0.8166350573301315
0,1972051325,2009-05-30 08:27:33-07:00,NO_QUERY,PrizzyG,"Just got word, June 12th My Shining Star will be graduating. I don't think I'm ready for this. I'm going to be a hot mess that Friday.",Saturday,0.5122659802436829,0.3148997128009796,0.17283432185649872,Negative,-0.33943165838718414
4,1551681727,2009-04-18 09:41:56-07:00,NO_QUERY,livethelushlife,@user Sounds awesome- sharing with the group.,Saturday,0.002809046534821391,0.013206305913627148,0.983984649181366,Positive,0.9811756026465446
4,1559100518,2009-04-19 10:15:34-07:00,NO_QUERY,dani_ellee,sooooo much homework...but lunch/dinner with the family 1st,Sunday,0.45477965474128723,0.4505779445171356,0.09464242309331894,Negative,-0.3601372316479683
4,1827507480,2009-05-17 10:51:27-07:00,NO_QUERY,teachers_pet79,Doing lots of research today. I gotta step up my game if I'm gonna have any sales this month.,Sunday,0.060471270233392715,0.49170082807540894,0.4478279650211334,Neutral,0.3873566947877407
4,1984055828,2009-05-31 14:21:17-07:00,NO_QUERY,styleprdiva,@user. YOUR FIRED c its easy.,Sunday,0.43499961495399475,0.4760718047618866,0.08892853558063507,Neutral,-0.3460710793733597
0,1986958450,2009-05-31 19:34:28-07:00,NO_QUERY,MysticFallout,"after a long day, im now in for a long night it seems. mouth is hurtin something terrible. want em OUT NOW!!!!!!!!",Sunday,0.934601366519928,0.05750944837927818,0.007889211177825928,Negative,-0.926712155342102
0,1557155022,2009-04-19 02:20:00-07:00,NO_QUERY,jesschev,Chilling at home on my mac feeling sick,Sunday,0.8730471730232239,0.11567944288253784,0.011273485608398914,Negative,-0.861773687414825
4,1824485778,2009-05-17 01:35:19-07:00,NO_QUERY,mizdi,"@user i am always optimistic, always enterprising, &amp; never satisfied... but i am not a gardener..",Sunday,0.4156210720539093,0.43369901180267334,0.15067994594573975,Neutral,-0.26494112610816956
4,2064077424,2009-06-07 05:08:42-07:00,NO_QUERY,challyzatb,@user Welcome,Sunday,0.009121148847043514,0.12448791414499283,0.8663910031318665,Positive,0.8572698542848229
0,2263955913,2009-06-21 02:19:19-07:00,NO_QUERY,lbramhall,Happy Father's Day to all the Dads out there! I miss you Papa,Sunday,0.004797419998794794,0.013677208684384823,0.9815254211425781,Positive,0.9767280011437833
4,1978836183,2009-05-31 00:38:13-07:00,NO_QUERY,misha11,@user getting older can be good in someways&gt;&gt;,Sunday,0.0064218174666166306,0.04979778826236725,0.9437804222106934,Positive,0.9373586047440767
0,2266017907,2009-06-21 07:45:00-07:00,NO_QUERY,meggycocopuff90,work @ 1 prob til 8... sucks,Sunday,0.8883627653121948,0.10233186930418015,0.009305368177592754,Negative,-0.8790573971346021
0,1759339508,2009-05-10 19:00:02-07:00,NO_QUERY,cherrylove4life,i hope i dont forget the hole recitation right when i get on stage,Sunday,0.1347101330757141,0.6912582516670227,0.17403167486190796,Neutral,0.03932154178619385
4,2068396099,2009-06-07 14:00:38-07:00,NO_QUERY,katiejohnstone,Getting new apps fonttyping is ridiculously cool,Sunday,0.005844256840646267,0.03218450769782066,0.9619712829589844,Positive,0.9561270261183381
0,2069157894,2009-06-07 15:22:03-07:00,NO_QUERY,kyleBRIGHTEST,Why do I have to have a bladder the size of a walnut.,Sunday,0.8597021102905273,0.12480722367763519,0.015490665100514889,Negative,-0.8442114451900125
4,1982330032,2009-05-31 10:59:42-07:00,NO_QUERY,lyndsexy,good service today work from 3 to 11.,Sunday,0.003318069502711296,0.020939072594046593,0.9757428765296936,Positive,0.9724248070269823
4,2069005583,2009-06-07 15:05:35-07:00,NO_QUERY,toriunicorn,"Second model cancelled, so heading to melrose with izzy then another shoot at 6 w/ katya v val",Sunday,0.4429062604904175,0.5428420901298523,0.014251659624278545,Neutral,-0.42865460086613894
0,1980347683,2009-05-31 06:28:42-07:00,NO_QUERY,ainhoa_,"@user I can't believe that you guys r not going to do a concert in Bcn..We were waitin' for you, all your fans We're so sad :/",Sunday,0.9094324111938477,0.08098242431879044,0.00958515889942646,Negative,-0.8998472522944212
4,1833012238,2009-05-17 22:03:33-07:00,NO_QUERY,Ifran27,That Adidas commercial with the kick ass house party looks so awesome. Now THAT'S a party I want to be at,Sunday,0.003995366394519806,0.015701623633503914,0.9803030490875244,Positive,0.9763076826930046
0,1692915894,2009-05-03 21:05:29-07:00,NO_QUERY,lastyearswishes,"@user lol if it makes you feel any better, i really enjoy watching demi lovato's show.",Sunday,0.003718589199706912,0.029186129570007324,0.9670953154563904,Positive,0.9633767262566835
0,2265907157,2009-06-21 07:32:25-07:00,NO_QUERY,oxoxBethxoxo,@user i know how you feel,Sunday,0.416657954454422,0.5505112409591675,0.03283081576228142,Neutral,-0.3838271386921406
0,2174842277,2009-06-14 23:26:40-07:00,NO_QUERY,dieyoungrebel,assignments EPIC FAIL!,Sunday,0.8671421408653259,0.11661660671234131,0.016241339966654778,Negative,-0.8509008008986712
0,2069093214,2009-06-07 15:14:58-07:00,NO_QUERY,ducky15,@user i knoww me tooo its been too long how are u,Sunday,0.19849061965942383,0.5210614800453186,0.28044790029525757,Neutral,0.08195728063583374
4,1759692275,2009-05-10 19:46:32-07:00,NO_QUERY,iwantmycamera,"Whoo, I have officially taken Bere under my wing",Sunday,0.0035470137372612953,0.08771923929452896,0.9087337255477905,Positive,0.9051867118105292
0,1754898472,2009-05-10 07:42:18-07:00,NO_QUERY,charliseymour,@user lucky sod! Although I have just slept all day,Sunday,0.023001383990049362,0.09103750437498093,0.8859611749649048,Positive,0.8629597909748554
0,1693148765,2009-05-03 21:41:55-07:00,NO_QUERY,xxamandaa,"busy week, church, dress rehearsal, spring show thursday &amp; friday. missing mix fest &amp; wtk",Sunday,0.5700526833534241,0.35711348056793213,0.0728338286280632,Negative,-0.49721885472536087
0,1753417221,2009-05-10 01:32:05-07:00,NO_QUERY,kozay_san,is washing clothes. Boring,Sunday,0.756687581539154,0.2207397222518921,0.022572673857212067,Negative,-0.734114907681942
4,1984882629,2009-05-31 15:59:57-07:00,NO_QUERY,amandameckk,got highlights and my nails done yesterday love it! and just got on demand so im like obsessing over the tv haha,Sunday,0.0023848756682127714,0.011193647049367428,0.9864214658737183,Positive,0.9840365902055055
0,2068253040,2009-06-07 13:45:49-07:00,NO_QUERY,priiihx3,Guess times like these remind me that I've got to keep my feet on the ground,Sunday,0.11761593073606491,0.5598595142364502,0.3225246071815491,Neutral,0.20490867644548416
0,2072123158,2009-06-07 20:26:31-07:00,NO_QUERY,nguyenhalam,Do you know how to take care a puppy?? My puppy is sick and she doesn't want to eat,Sunday,0.8595129251480103,0.12843967974185944,0.012047403492033482,Negative,-0.8474655216559768
0,1753357509,2009-05-10 01:14:44-07:00,NO_QUERY,databasejase,@user We have some softphone software at work that doesn't work on x64 so I could use it in XP Mode but my proc no support hard-virt,Sunday,0.7957863807678223,0.19323092699050903,0.010982652194797993,Negative,-0.7848037285730243
4,1557000819,2009-04-19 01:27:50-07:00,NO_QUERY,Leci132,"Myspace, Bebo, Facebook is boring, so im coming on here to see if Twitter is any better.",Sunday,0.7337123155593872,0.22031018137931824,0.04597747325897217,Negative,-0.687734842300415
0,2064647430,2009-06-07 06:49:33-07:00,NO_QUERY,Renato71,is at work. Evening shift till 11 o'clock,Sunday,0.015682553872466087,0.9274843335151672,0.056833140552043915,Neutral,0.04115058667957783
4,1979806638,2009-05-31 04:34:59-07:00,NO_QUERY,iamloz_JsPR,@user that sux !! get a new one and add me !,Sunday,0.9203575253486633,0.07406961917877197,0.005572888068854809,Negative,-0.9147846372798085
0,1978918797,2009-05-31 00:56:08-07:00,NO_QUERY,eeekk,! don't know how I am going to survive without Lie to Me,Sunday,0.6676516532897949,0.2354554533958435,0.09689286351203918,Negative,-0.5707587897777557
0,2265794450,2009-06-21 07:19:22-07:00,NO_QUERY,phuiyuk,garh tomorrow's Monday again !,Sunday,0.011705971322953701,0.5266180634498596,0.4616759121417999,Neutral,0.4499699408188462
4,1981953152,2009-05-31 10:13:39-07:00,NO_QUERY,twitch9025,"@user How did I leave it at by your house? It's by the computer, isn't it? Keep it safe!",Sunday,0.0959683358669281,0.7755332589149475,0.1284983903169632,Neutral,0.032530054450035095
4,1686904006,2009-05-03 07:09:48-07:00,NO_QUERY,ashpags,"@user And now you will come make some for me, yes?",Sunday,0.005185968242585659,0.6510582566261292,0.343755841255188,Neutral,0.33856987301260233
0,2067392859,2009-06-07 12:15:49-07:00,NO_QUERY,stepheezie,Off the The March Of Dimes! Sorry Gay Pride,Sunday,0.7956469058990479,0.18531295657157898,0.019040197134017944,Negative,-0.7766067087650299
0,1685689303,2009-05-03 01:34:36-07:00,NO_QUERY,mcflylottiepop,Cant believe i am up.,Sunday,0.6182193160057068,0.29606932401657104,0.08571131527423859,Negative,-0.5325080007314682
0,1558062027,2009-04-19 07:07:27-07:00,NO_QUERY,PhCrazySarah,Ugh another 10 hrs of school. need coffee!,Sunday,0.8155315518379211,0.14828719198703766,0.036181312054395676,Negative,-0.7793502397835255
0,1982094154,2009-05-31 10:30:55-07:00,NO_QUERY,samanthamarie,"Two people came in and had their cats put to sleep, it was really sad, I wanted to cry with them",Sunday,0.9095260500907898,0.0830174908041954,0.0074563706293702126,Negative,-0.9020696794614196
4,1981295806,2009-05-31 08:51:17-07:00,NO_QUERY,cbrown8806,"busy day today! brunch, SummerFair, and visiting the grandparents",Sunday,0.0025414908304810524,0.12029650807380676,0.877161979675293,Positive,0.8746204888448119
0,2063737294,2009-06-07 03:52:41-07:00,NO_QUERY,chekaloren23,school day is just 1 week ahead..!,Sunday,0.16815316677093506,0.6596490740776062,0.17219771444797516,Neutral,0.0040445476770401
4,2070507592,2009-06-07 17:49:05-07:00,NO_QUERY,WWEChickJes54,@user J where can we download ur video?? I want it for my ipod,Sunday,0.011551118455827236,0.6159553527832031,0.37249353528022766,Neutral,0.3609424168244004
4,1985859815,2009-05-31 17:54:32-07:00,NO_QUERY,AlexAesthetic,last week of school. excited for friday. the warhead challenge is most definitely on.,Sunday,0.0015372714260593057,0.010531716048717499,0.9879310131072998,Positive,0.9863937416812405
0,1556962894,2009-04-19 01:15:02-07:00,NO_QUERY,smithereenz,@user what channel was it on last night. i seen the buildup then there was football on Setanta,Sunday,0.008493688888847828,0.9331985712051392,0.05830764397978783,Neutral,0.04981395509094
4,2062734593,2009-06-07 00:07:42-07:00,NO_QUERY,sharonhayes,"@user Did I say congrats? If not, a belated congrats",Sunday,0.008161287754774094,0.11987432837486267,0.8719643950462341,Positive,0.86380310729146
4,1980433425,2009-05-31 06:43:52-07:00,NO_QUERY,Jessieeeexox,haahah finishing porn for @user you belong with me out soon almost done,Sunday,0.012292283587157726,0.29338306188583374,0.6943246126174927,Positive,0.682032329030335
4,2070427464,2009-06-07 17:40:30-07:00,NO_QUERY,ZaleryGreen,your welcome,Sunday,0.0241057388484478,0.2190016806125641,0.7568925619125366,Positive,0.7327868230640888
4,1559939865,2009-04-19 12:26:15-07:00,NO_QUERY,smartnotbright,&quot;nutella on banana bread?! well that's just out right blasphemy!&quot; omg emily i love u,Sunday,0.013083605095744133,0.03857577592134476,0.948340654373169,Positive,0.9352570492774248
0,1558314852,2009-04-19 07:59:32-07:00,NO_QUERY,thelecky,is finishing the gin but has no other booze,Sunday,0.2212299108505249,0.7036032676696777,0.07516678422689438,Neutral,-0.14606312662363052
0,2065037755,2009-06-07 07:45:17-07:00,NO_QUERY,jasonstansel,@user ha that sucks about your car,Sunday,0.9248312711715698,0.06665648519992828,0.00851233396679163,Negative,-0.9163189372047782
4,1832769006,2009-05-17 21:27:30-07:00,NO_QUERY,CHARLENE_DG,"Ashers house playing with cheerio, on youtube, playing guitar. How typical",Sunday,0.4127117097377777,0.5124808549880981,0.07480748742818832,Neutral,-0.3379042223095894
0,1558789618,2009-04-19 09:24:27-07:00,NO_QUERY,laddie,"@user on a somewhat lucky (for me) note. I work about 5 blocks from the 905 location, and didn't know it. Still sad.",Sunday,0.6637549996376038,0.24163374304771423,0.09461123496294022,Negative,-0.5691437646746635
0,2265247499,2009-06-21 06:08:40-07:00,NO_QUERY,petteflet,@user I'm SO happy I saved it EVERYWHERE I could! Just wished it would have been in my inbox a little bit longer But I've got proof!,Sunday,0.005966247990727425,0.02233564853668213,0.9716981649398804,Positive,0.965731916949153
0,2174367258,2009-06-14 22:24:21-07:00,NO_QUERY,mscheurer,hasn't got anything to twitter about...,Sunday,0.4442875385284424,0.5218411087989807,0.0338713638484478,Neutral,-0.4104161746799946
4,1691051150,2009-05-03 16:59:02-07:00,NO_QUERY,bruxedo,"@user Hi, I'm OK thanks",Sunday,0.009300081990659237,0.21521122753620148,0.7754886150360107,Positive,0.7661885330453515
0,1557295300,2009-04-19 03:12:51-07:00,NO_QUERY,danieSCH,do my homework,Sunday,0.22114914655685425,0.7106527090072632,0.06819816678762436,Neutral,-0.1529509797692299
4,2064688293,2009-06-07 06:55:42-07:00,NO_QUERY,vicjamm,i'm gonna post up music when i'm done with exam so check out the blog.,Sunday,0.004103223793208599,0.7639288306236267,0.23196789622306824,Neutral,0.22786467242985964
4,2068988035,2009-06-07 15:03:44-07:00,NO_QUERY,LoveSunniDays,"@user Hi..First time to NCY, any suggestions where to stay, and what NOt to miss",Sunday,0.016286104917526245,0.7471939921379089,0.23651985824108124,Neutral,0.220233753323555
4,2063397553,2009-06-07 02:29:53-07:00,NO_QUERY,hypnophil,"@user morning, I'm jealous, you can have some of our rain as we have too much of it",Sunday,0.7767991423606873,0.1831691712141037,0.040031690150499344,Negative,-0.7367674522101879
4,1832659287,2009-05-17 21:12:56-07:00,NO_QUERY,linz4220,Just found @user here... If you are the real thing then that's pretty fun! I love Justin!,Sunday,0.0026834190357476473,0.01199141051620245,0.9853251576423645,Positive,0.9826417386066169
4,1753291321,2009-05-10 00:56:42-07:00,NO_QUERY,MummaBear,@user you can use my alotment,Sunday,0.03119327872991562,0.7658255696296692,0.20298117399215698,Neutral,0.17178789526224136
0,1686119021,2009-05-03 03:51:35-07:00,NO_QUERY,EmilyJOC,Feels like she's been in the car foreverrrr .. Having a bad day,Sunday,0.9186375737190247,0.07411409169435501,0.007248371373862028,Negative,-0.9113892023451626
4,1826038351,2009-05-17 07:32:48-07:00,NO_QUERY,matthiaswithu,?... by the way.. .?? Jason..,Sunday,0.016318999230861664,0.8523961901664734,0.13128481805324554,Neutral,0.11496581882238388
4,2068198421,2009-06-07 13:40:07-07:00,NO_QUERY,livia_ro,"lavei toda a louÃ§a do final de semana.e vou viajar com a mamÃ£e i am happy,in spite the earache",Sunday,0.006273794919252396,0.06211693957448006,0.9316093325614929,Positive,0.9253355376422405
4,1827821655,2009-05-17 11:31:04-07:00,NO_QUERY,AmandaWadsley,@user would you be the best person in the world and explain what a drake concert is?? xx,Sunday,0.005634248722344637,0.06279842555522919,0.9315673112869263,Positive,0.9259330625645816
0,2263623399,2009-06-21 01:19:57-07:00,NO_QUERY,giannadimson,"@user I'm sick, too.",Sunday,0.9210342764854431,0.07149390876293182,0.0074717802926898,Negative,-0.9135624961927533
4,1830926221,2009-05-17 17:51:41-07:00,NO_QUERY,terreesuhh,My happiness is back! Even though i hate certain things... &lt;3,Sunday,0.01718788594007492,0.03556239604949951,0.9472497701644897,Positive,0.9300618842244148
4,1979285327,2009-05-31 02:23:40-07:00,NO_QUERY,kevchau,loves watching hk drama &quot;duke of mount deer 2000&quot;; sigh ... made my day!,Sunday,0.0026233047246932983,0.012689793482422829,0.9846869111061096,Positive,0.9820636063814163
0,1981592768,2009-05-31 09:28:57-07:00,NO_QUERY,LizinNY,@user Sums it up nicely. [http],Sunday,0.004472417291253805,0.08801765739917755,0.9075099229812622,Positive,0.9030375056900084
4,1833535997,2009-05-17 23:36:10-07:00,NO_QUERY,Ambeizzle,Feeling completely validated and having a purpose and completely wanted. GREAT WEEKEND!,Sunday,0.0049691214226186275,0.01124456524848938,0.9837862849235535,Positive,0.9788171635009348
4,1825029858,2009-05-17 04:01:47-07:00,NO_QUERY,iamtonywang,I'm a freshman on twitter.,Sunday,0.014779916033148766,0.9143198728561401,0.07090022414922714,Neutral,0.05612030811607838
4,1559611728,2009-04-19 11:35:43-07:00,NO_QUERY,karenpatacsil,is at game one of the lakers vs jazz!,Sunday,0.005017559044063091,0.7624976634979248,0.23248477280139923,Neutral,0.22746721375733614
0,1981143495,2009-05-31 08:30:58-07:00,NO_QUERY,madamerisette,My mom just asked me if I can skip training tomorrow because it's flooded near our village. I don't want to.,Sunday,0.8825990557670593,0.11055436730384827,0.006846596486866474,Negative,-0.8757524592801929
4,1986049452,2009-05-31 18:14:31-07:00,NO_QUERY,CelebAnonymous,@user I'm 100% anti-religious so no blessings necessary. I actually enjoyed tweeting with you...even if you are a religious nut,Sunday,0.07830744236707687,0.21888673305511475,0.7028058171272278,Positive,0.6244983747601509
4,1755508681,2009-05-10 09:19:12-07:00,NO_QUERY,AdmireMyAttire,Didn't fall asleep at the party last night and managed to have a blast!,Sunday,0.003908627200871706,0.023801160976290703,0.9722902178764343,Positive,0.9683815906755626
0,2069262260,2009-06-07 15:33:22-07:00,NO_QUERY,loveandbooze,How did i manage to find a set of 5 cars driving 100 mph. I like them! Too bad i have to stop for gas soon,Sunday,0.15748246014118195,0.26412931084632874,0.5783882141113281,Positive,0.4209057539701462
4,1984600029,2009-05-31 15:25:41-07:00,NO_QUERY,ChloeLyzun,Graduation dinner I love my grads!,Sunday,0.002842685906216502,0.007493230979889631,0.9896641373634338,Positive,0.9868214514572173
0,2265836804,2009-06-21 07:24:24-07:00,NO_QUERY,KidKJ_21,@user lol you not gone do it I'll just have to imagine it until I make my own trip there,Sunday,0.39960241317749023,0.5535513162612915,0.04684627056121826,Neutral,-0.352756142616272
4,2062766861,2009-06-07 00:13:48-07:00,NO_QUERY,Criminal_Damage,Just congratulated my dad with fathers day now gonna eat and later go to my grandma to eat cepelinai,Sunday,0.0038477524649351835,0.11356322467327118,0.8825890421867371,Positive,0.8787412897218019
0,1827554721,2009-05-17 10:57:36-07:00,NO_QUERY,sinceday1,"@user she's gona miss you, ladybug.",Sunday,0.21133124828338623,0.4607914984226227,0.3278771936893463,Neutral,0.11654594540596008
0,1981025228,2009-05-31 08:14:32-07:00,NO_QUERY,olympicpnw,Didn't get a ride on their boat [http],Sunday,0.6945667862892151,0.2952950596809387,0.010138199664652348,Negative,-0.6844285866245627
4,1754329686,2009-05-10 05:53:21-07:00,NO_QUERY,crazysims12,[http] Got they are awsome with a capital P. Aha off to lucys to eat some toast,Sunday,0.005272742360830307,0.033758774399757385,0.9609684944152832,Positive,0.9556957520544529
0,2063417425,2009-06-07 02:34:27-07:00,NO_QUERY,SarahIsaacs,I finally received a comment on my blog...it was spam,Sunday,0.497069776058197,0.4396810531616211,0.06324909627437592,Negative,-0.4338206797838211
0,2264509200,2009-06-21 04:05:46-07:00,NO_QUERY,Cassie115,This night is terrible;( I could not sleep because tooth of ached But Im hope that this day is cool,Sunday,0.9014179706573486,0.07582202553749084,0.02276001125574112,Negative,-0.8786579594016075
4,1759503575,2009-05-10 19:21:28-07:00,NO_QUERY,rpguy_ad,"Oh yes, and Row Row Fight The Power! or something!",Sunday,0.02012689970433712,0.31057456135749817,0.6692985892295837,Positive,0.6491716895252466
0,2066809086,2009-06-07 11:12:36-07:00,NO_QUERY,ThespianQ,"Off to drive my parents to some meeting point so they can go on their way to the Mayo Clinic... Good luck, dad",Sunday,0.00851382128894329,0.1669464409351349,0.8245397210121155,Positive,0.8160258997231722
4,1825239836,2009-05-17 04:56:28-07:00,NO_QUERY,velocit,i has internets again... woot!!! thanks @user and @user,Sunday,0.0015343641862273216,0.010935919359326363,0.9875297546386719,Positive,0.9859953904524446
4,1985507610,2009-05-31 17:14:14-07:00,NO_QUERY,NoeIsaac,Needs new music ideas,Sunday,0.08141016960144043,0.5800145864486694,0.3385753035545349,Neutral,0.2571651339530945
4,2069622468,2009-06-07 16:13:00-07:00,NO_QUERY,MandyStocker,Work sucked. I'm sneaking over to branhaven to meet up with Aaron. My parents think I'm running. I really like him.,Sunday,0.09042531996965408,0.14728029072284698,0.7622944116592407,Positive,0.6718690916895866
4,1979342482,2009-05-31 02:38:06-07:00,NO_QUERY,acidicice,"@user It's weird not seeing it everyday. We were surrounded by mountains, but it's not the same!",Sunday,0.5590674877166748,0.38816940784454346,0.052763085812330246,Negative,-0.5063044019043446
4,1985051000,2009-05-31 16:19:53-07:00,NO_QUERY,MaryAnnFritzieC,@user whoah! you have twitter?! coolio!,Sunday,0.003046469995751977,0.025239935144782066,0.9717136025428772,Positive,0.9686671325471252
0,1827921569,2009-05-17 11:43:26-07:00,NO_QUERY,JennyRay28,@user Its sad,Sunday,0.8704494833946228,0.11859273910522461,0.010957707650959492,Negative,-0.8594917757436633
4,1980187790,2009-05-31 05:59:13-07:00,NO_QUERY,MorganARay,is up really early just in time to catch up on some softball before church,Sunday,0.014011143706738949,0.4494580626487732,0.5365307331085205,Positive,0.5225195894017816
0,1826170856,2009-05-17 07:51:41-07:00,NO_QUERY,RunKasperRun,"Is tired, but happy. No hockey practice today",Sunday,0.027920251712203026,0.1974947303533554,0.7745850086212158,Positive,0.7466647569090128
4,1827493714,2009-05-17 10:49:45-07:00,NO_QUERY,swalsh4,"@user you did a great job in first service!! Especially liked the part about walmart and buying water, funyons and ammo",Sunday,0.003513325471431017,0.02045120671391487,0.976035475730896,Positive,0.972522150259465
0,1827636759,2009-05-17 11:07:47-07:00,NO_QUERY,hobosexual,"star trek today? FINALLY? idk, dnw to jinx it",Sunday,0.01249679084867239,0.17781847715377808,0.8096847534179688,Positive,0.7971879625692964
4,1754024537,2009-05-10 04:37:47-07:00,NO_QUERY,kiwkayzzz,"@user okey,your welcome yaaa hihihi",Sunday,0.00466992799192667,0.051853589713573456,0.9434764981269836,Positive,0.938806570135057
0,1985072628,2009-05-31 16:22:28-07:00,NO_QUERY,AmyHarber,@user sizemore and betancourt to the dl today!,Sunday,0.004163747653365135,0.75879967212677,0.23703651130199432,Neutral,0.2328727636486292
4,1827762607,2009-05-17 11:23:40-07:00,NO_QUERY,TheNix,"Drinking wine, eating BBQ and talking shit at my aunts was nice.",Sunday,0.05599183589220047,0.22075745463371277,0.7232507467269897,Positive,0.6672589108347893
4,2064784760,2009-06-07 07:09:47-07:00,NO_QUERY,MASeComm,Only just made it before 3pm Friday! Have you McValue Lunch-ed this week? [http] #fb,Sunday,0.00451734010130167,0.4613581895828247,0.534124493598938,Positive,0.5296071534976363
4,1759389203,2009-05-10 19:06:20-07:00,NO_QUERY,NickRoseway,at home..relaxing,Sunday,0.006879224441945553,0.1510712206363678,0.8420495390892029,Positive,0.8351703146472573
4,1982200977,2009-05-31 10:43:52-07:00,NO_QUERY,ashcrowlovv,REBLOG IF YOU LIKE TO REBLOG THINGS. - letseatstrawpasta: [http],Sunday,0.008556556887924671,0.8010989427566528,0.19034451246261597,Neutral,0.1817879555746913
4,2174660545,2009-06-14 23:01:47-07:00,NO_QUERY,ndm9one,@user your more &quot;for me&quot;,Sunday,0.011124474927783012,0.1125536859035492,0.8763217926025391,Positive,0.865197317674756
4,1827381846,2009-05-17 10:35:30-07:00,NO_QUERY,JemInDaSoo,I am having such a hard time keeping this secret from the fam...hurry up middle of June,Sunday,0.8073093891143799,0.1797165423631668,0.012974015437066555,Negative,-0.7943353736773133
4,2174920695,2009-06-14 23:38:05-07:00,NO_QUERY,ausher8,@user i need to get to bed anyway,Sunday,0.1573987901210785,0.7761662006378174,0.06643503904342651,Neutral,-0.09096375107765198
0,2169495306,2009-06-14 14:35:52-07:00,NO_QUERY,JoBrosObsession,So Tired But i have to go to skool... ewwww,Sunday,0.8492797017097473,0.13958777487277985,0.011132546700537205,Negative,-0.8381471550092101
0,1984266206,2009-05-31 14:46:07-07:00,NO_QUERY,mjhand,working til 10pm. it's so slow here at hyvee floral...,Sunday,0.8580474257469177,0.13221685588359833,0.009735745377838612,Negative,-0.8483116803690791
4,2067837164,2009-06-07 13:02:44-07:00,NO_QUERY,jasonkenney,"@user I can get you McDonnell, Bolling or Cuccinelli signs if you really need something for the yard",Sunday,0.01809018850326538,0.8410577178001404,0.14085207879543304,Neutral,0.12276189029216766
4,1685968124,2009-05-03 03:02:34-07:00,NO_QUERY,LittlestarRed,"@user Are You staying? You know You Should get some Sleep LOL.Not that I'm complaining, just care about You x",Sunday,0.03280166536569595,0.2697191834449768,0.6974791288375854,Positive,0.6646774634718895
4,1685888574,2009-05-03 02:36:53-07:00,NO_QUERY,whatsimada,need some cup of noodles... college life,Sunday,0.4968968629837036,0.42349773645401,0.07960540801286697,Negative,-0.41729145497083664
0,1557179062,2009-04-19 02:28:51-07:00,NO_QUERY,jess_xx,"school tomorrow, i wont last a whole term.",Sunday,0.8794641494750977,0.10801192373037338,0.012523927725851536,Negative,-0.8669402217492461
0,1688031970,2009-05-03 10:10:43-07:00,NO_QUERY,igog_1,whooooaaa another one of those doomsday dreams!!,Sunday,0.8622389435768127,0.12000858783721924,0.017752399668097496,Negative,-0.8444865439087152
4,1754354262,2009-05-10 05:58:44-07:00,NO_QUERY,primatage,"@user lol this is true. checked the work, nice",Sunday,0.005891342647373676,0.025669781491160393,0.9684388637542725,Positive,0.9625475211068988
0,1983404725,2009-05-31 13:05:32-07:00,NO_QUERY,peppypep1,"Being ill, it's not fun",Sunday,0.9037724733352661,0.08439608663320541,0.011831420473754406,Negative,-0.8919410528615117
4,1983293458,2009-05-31 12:52:47-07:00,NO_QUERY,inkfrog,@user We're here for you if you'd like to give our system a try.,Sunday,0.006165536120533943,0.2028430849313736,0.7909913659095764,Positive,0.7848258297890425
0,2068849663,2009-06-07 14:48:43-07:00,NO_QUERY,Mezzie1221,@user Cat took my crayon today in nursery.. I wasn't happy.,Sunday,0.9225791096687317,0.07161706686019897,0.005803786218166351,Negative,-0.9167753234505653
4,1557920701,2009-04-19 06:34:42-07:00,NO_QUERY,ShannonGrissom,@user Ahem.... 1970,Sunday,0.020422453060746193,0.8944616317749023,0.08511591702699661,Neutral,0.06469346396625042
0,2066204547,2009-06-07 10:04:56-07:00,NO_QUERY,bmontana1989,"@user The voicemail warning never seems to work, does it...people still get mad at me too when I don't return thier calls",Sunday,0.8993340134620667,0.09476719051599503,0.005898904055356979,Negative,-0.8934351094067097
0,1825970107,2009-05-17 07:21:43-07:00,NO_QUERY,momma2bean,Sad to say but we won't be @user this morning. T only slept for 4 hrs all night and still isn't sleeping.,Sunday,0.8749024271965027,0.11729300767183304,0.007804581429809332,Negative,-0.8670978457666934
0,2174641428,2009-06-14 22:59:28-07:00,NO_QUERY,StDAY,Ew. I've still got an hour left. Blegh.,Sunday,0.8928788900375366,0.09617327898740768,0.010947873815894127,Negative,-0.8819310162216425
4,1560006403,2009-04-19 12:36:24-07:00,NO_QUERY,xShaylx,"@user lol, you'll get the hang of it sooooon!",Sunday,0.010457836091518402,0.07482538372278214,0.9147167801856995,Positive,0.9042589440941811
4,1982166961,2009-05-31 10:39:46-07:00,NO_QUERY,oh_rosie,@user Haha! Here's a random fact in return - it's Finlay's 9th birthday today,Sunday,0.00375948753207922,0.23811215162277222,0.7581283450126648,Positive,0.7543688574805856
4,2068762697,2009-06-07 14:39:15-07:00,NO_QUERY,confusedkate,"mmm, maybe time for a nap? lovin lazy days",Sunday,0.006253075785934925,0.0850994884967804,0.9086474776268005,Positive,0.9023944018408656
4,2065166933,2009-06-07 08:02:16-07:00,NO_QUERY,rodrigdb,"@user Good morning, Billy!",Sunday,0.0034325323067605495,0.02042943611741066,0.9761379957199097,Positive,0.9727054634131491
4,2071990008,2009-06-07 20:12:51-07:00,NO_QUERY,xxlogannn,"hmmm well that was gross. anyway, this better be a summer to remember, in GOOD ways! btwww, i loveee @user.",Sunday,0.06475678831338882,0.06371728330850601,0.8715259432792664,Positive,0.8067691549658775
0,2064351870,2009-06-07 06:01:28-07:00,NO_QUERY,Rohan_01,@user tweet wid me as welll.....,Sunday,0.009879659861326218,0.9097091555595398,0.08041128516197205,Neutral,0.07053162530064583
0,2266885733,2009-06-21 09:15:45-07:00,NO_QUERY,MeliziXX,"@user yeahh it's stupid how much they showed, that bit they showed was funny, but not as funny as some other stuff",Sunday,0.8953275680541992,0.09635840356349945,0.008314023725688457,Negative,-0.8870135443285108
0,1985943960,2009-05-31 18:04:04-07:00,NO_QUERY,VarrenAKABabyV,@user xxx... na just havent been sleeping much.,Sunday,0.1341453343629837,0.8149265050888062,0.05092816799879074,Neutral,-0.08321716636419296
0,2063692364,2009-06-07 03:41:57-07:00,NO_QUERY,Suzy_Beee,Lost my earphones and now using a crap pair that have a volume limit. This sucks i miss my skullkandy,Sunday,0.9402902722358704,0.05136080086231232,0.008348938077688217,Negative,-0.9319413341581821
4,1759350178,2009-05-10 19:01:20-07:00,NO_QUERY,hamavin,[http] i made this for my best friend,Sunday,0.010496100410819054,0.5291378498077393,0.46036601066589355,Neutral,0.4498699102550745
4,1685573017,2009-05-03 01:00:41-07:00,NO_QUERY,erikbernskiold,@user You can always do or . One character shorter ;),Sunday,0.008162192068994045,0.2330666184425354,0.7587711811065674,Positive,0.7506089890375733
4,2065460235,2009-06-07 08:38:29-07:00,NO_QUERY,dy0ulee,@user LOL. Me too!,Sunday,0.011335511691868305,0.10058712959289551,0.8880773186683655,Positive,0.8767418069764972
4,1754793308,2009-05-10 07:24:10-07:00,NO_QUERY,awduncan,Just gave Izzie a mothers day bath with bumble and bumble shampoo Its all I had...,Sunday,0.09975037723779678,0.5828049778938293,0.31744465231895447,Neutral,0.21769427508115768
4,1979732073,2009-05-31 04:16:48-07:00,NO_QUERY,lindaaar,"Bored, wanna do something.. Wanna hang out? maybe maybe",Sunday,0.1574794054031372,0.7298901677131653,0.1126304417848587,Neutral,-0.0448489636182785
4,2066375820,2009-06-07 10:24:08-07:00,NO_QUERY,Huntertainment,New video coming up pretty soon,Sunday,0.004564616829156876,0.22616223990917206,0.7692731022834778,Positive,0.7647084854543209
4,1558977087,2009-04-19 09:55:34-07:00,NO_QUERY,xSiobhanJanex,no matter what films will always be cheesy whenever it was made.....and you've gotta love it!,Sunday,0.024036750197410583,0.08961328864097595,0.8863500356674194,Positive,0.8623132854700089
4,2065041852,2009-06-07 07:45:49-07:00,NO_QUERY,Nicky1611,I'll go and see my granny now That will make her happy,Sunday,0.006104158703237772,0.07902435958385468,0.9148715138435364,Positive,0.9087673551402986
4,2174537607,2009-06-14 22:45:45-07:00,NO_QUERY,janeylicious,"@user @user for the record, you two are assholes",Sunday,0.9267551898956299,0.0640939325094223,0.009150894358754158,Negative,-0.9176042955368757
4,1827953689,2009-05-17 11:47:26-07:00,NO_QUERY,HEYYMandyy,Ahhh! I Got I Just Found Out That I Got Into Miami University! I'm Freaking Out Right Now,Sunday,0.12226979434490204,0.27690383791923523,0.6008263826370239,Positive,0.4785565882921219
4,1692255055,2009-05-03 19:36:14-07:00,NO_QUERY,OnBurntWingz,"Waiting on the bf to get here. Its takin forever, &amp;&amp; watchin Everybody loves Raymond. Cuz i love Raymond",Sunday,0.04494507238268852,0.20471017062664032,0.7503447532653809,Positive,0.7053996808826923
4,1979468128,2009-05-31 03:10:33-07:00,NO_QUERY,soaprookie,Good morning and...FYI...I am not a soap maker...I am a soap watcher...,Sunday,0.038660530000925064,0.5205910205841064,0.4407484829425812,Neutral,0.4020879529416561
0,1692984286,2009-05-03 21:15:46-07:00,NO_QUERY,darksbane,"Making garlic bread, its taking longer than i would like",Sunday,0.8595022559165955,0.12657153606414795,0.013926198706030846,Negative,-0.8455760572105646
4,1831238146,2009-05-17 18:29:22-07:00,NO_QUERY,jonaslove128,@user [http] - haha REALLY?! that made my dayy!,Sunday,0.004555134568363428,0.009242543019354343,0.9862022995948792,Positive,0.9816471650265157
0,1558552987,2009-04-19 08:43:30-07:00,NO_QUERY,adaaam,Awww! It's the last day of spring break,Sunday,0.007721569389104843,0.06775586307048798,0.9245225191116333,Positive,0.9168009497225285
0,2063540772,2009-06-07 03:04:35-07:00,NO_QUERY,Geof_Beck,"Missing my Wife, while she is holidaying without me",Sunday,0.6820811033248901,0.27694520354270935,0.04097370803356171,Negative,-0.6411073952913284
0,1985710533,2009-05-31 17:37:39-07:00,NO_QUERY,StephMuntean,@user i tried to call back,Sunday,0.028541812673211098,0.8876075744628906,0.08385058492422104,Neutral,0.05530877225100994
4,1556793568,2009-04-19 00:22:26-07:00,NO_QUERY,Simon,"Good news : Ubuntu Amazon EC2 RC1 is released, with Landscape support - infos here [http]",Sunday,0.0017446690471842885,0.0361609123647213,0.9620944261550903,Positive,0.960349757107906
4,1753836356,2009-05-10 03:42:18-07:00,NO_QUERY,el1e,"has had a wonderful day with some gorgeous girls, followed by dinner and drinks with the Swedes",Sunday,0.0024892971850931644,0.007887443527579308,0.9896232485771179,Positive,0.9871339513920248
4,2064351255,2009-06-07 06:01:22-07:00,NO_QUERY,naomilovesyou,"Hi, my name is Naomi and I hate physics",Sunday,0.9059264659881592,0.07834554463624954,0.015728045254945755,Negative,-0.8901984207332134
0,1986778957,2009-05-31 19:18:31-07:00,NO_QUERY,andrewwscott,"Was crushing my table, 16k chips, when we got broken new table much tougher. Got AA twice, made no money. Got JJ, lost big pot to flu ...",Sunday,0.8707081079483032,0.11888188123703003,0.010410030372440815,Negative,-0.8602980775758624
0,1759933835,2009-05-10 20:16:56-07:00,NO_QUERY,marisadeh,@user oh noes,Sunday,0.7416203618049622,0.2449631541967392,0.013416528701782227,Negative,-0.7282038331031799
0,2065140305,2009-06-07 07:58:59-07:00,NO_QUERY,carlquested,[http] - i miss my taz cat,Sunday,0.35858720541000366,0.4947231709957123,0.14668962359428406,Neutral,-0.2118975818157196
4,2065904345,2009-06-07 09:31:04-07:00,NO_QUERY,NKANGEL74,@user OMG it was insane last night! Will put my pix and vids up on FB,Sunday,0.005942255724221468,0.06174880638718605,0.9323089122772217,Positive,0.9263666565530002
4,2065591968,2009-06-07 08:54:39-07:00,NO_QUERY,wuschelcore,"tidy up, get dressed aaaand yeah.. wait for fiona then.",Sunday,0.01031863410025835,0.7066265940666199,0.28305476903915405,Neutral,0.2727361349388957
4,1979641831,2009-05-31 03:55:02-07:00,NO_QUERY,nat_balanza,@user hi kawagz. sore loser si lebron; he fell for his own hype e.,Sunday,0.8917097449302673,0.09988535195589066,0.008404933847486973,Negative,-0.8833048110827804
0,1833249973,2009-05-17 22:42:58-07:00,NO_QUERY,jiaNElly04,i wAnnA gO tO tayLor's feArlesS conCert tOo bAd i'M sooOOO fAr awAy!!!,Sunday,0.23150455951690674,0.30504587292671204,0.46344947814941406,Positive,0.23194491863250732
0,2065583160,2009-06-07 08:53:34-07:00,NO_QUERY,goldielocks92,@user your right were stuck coz our feet dont work atm,Sunday,0.7295699119567871,0.2509765625,0.01945355348289013,Negative,-0.710116358473897
0,2174915924,2009-06-14 23:37:21-07:00,NO_QUERY,gretchengivesin,@user sorry. i love love you. kitten isn't helping things?,Sunday,0.5406422019004822,0.3271213471889496,0.13223648071289062,Negative,-0.40840572118759155
4,1753727482,2009-05-10 03:07:20-07:00,NO_QUERY,Ravenspirit41,Hello everyone im just sitting here rocking out to 9412 sam on the air The best classic rock station on twitter here,Sunday,0.002218552865087986,0.014732901938259602,0.9830485582351685,Positive,0.9808300053700805
4,1759388739,2009-05-10 19:06:16-07:00,NO_QUERY,BamaBlockhead,@user You get double the recognition. I've been there too.,Sunday,0.009278623387217522,0.13981740176677704,0.8509039878845215,Positive,0.841625364497304
4,1558214843,2009-04-19 07:39:39-07:00,NO_QUERY,dongyanatics,@user hi! so you do VO? cool! have you worked w/ Dong/Yan? are you also a Dong-Yan fan?,Sunday,0.0030465470626950264,0.20279446244239807,0.7941589951515198,Positive,0.7911124480888247
0,1693554065,2009-05-03 22:56:06-07:00,NO_QUERY,stephsdabest,@user lol does it hurt? &amp;&amp; I don't understand why people have babies if they know they don't want it smt so depressin,Sunday,0.9255361557006836,0.06936253607273102,0.005101365968585014,Negative,-0.9204347897320986
0,2266658082,2009-06-21 08:53:06-07:00,NO_QUERY,Reina_Latina143,I tried to sleep in but that really didnt work out the way I thought Waffles or a bagel? Hmmm...,Sunday,0.7447997331619263,0.24454976618289948,0.01065051555633545,Negative,-0.7341492176055908
4,2062993705,2009-06-07 01:00:04-07:00,NO_QUERY,NickJisMYman,making a niley video,Sunday,0.018101684749126434,0.8594430088996887,0.12245529890060425,Neutral,0.10435361415147781
4,1978844279,2009-05-31 00:40:00-07:00,NO_QUERY,christinavuong,Saw the movie &quot;Up&quot; today. It was a cute movie.,Sunday,0.003024565288797021,0.01954605244100094,0.9774293899536133,Positive,0.9744048246648163
4,1559162432,2009-04-19 10:25:29-07:00,NO_QUERY,__lizard__,is in Rhodes guiding guests,Sunday,0.01152895763516426,0.9371233582496643,0.051347699016332626,Neutral,0.039818741381168365
0,1693227675,2009-05-03 21:55:19-07:00,NO_QUERY,joshnunn,@user For when you're back on tonight:,Sunday,0.0047723036259412766,0.9135359525680542,0.08169176429510117,Neutral,0.07691946066915989
4,1980386753,2009-05-31 06:35:33-07:00,NO_QUERY,IsMaithJessCais,hmm ifringe dried nicely :] i dont think ill straighten my fringe,Sunday,0.23434317111968994,0.711640477180481,0.054016340523958206,Neutral,-0.18032683059573174
0,1687155567,2009-05-03 07:55:41-07:00,NO_QUERY,mannersandmoxie,"@user - ah, yes, and my little temptress speaks up. Of course the iphone is yummy, oooo very yummy. But I have Verizon.",Sunday,0.0055183591321110725,0.029030846431851387,0.9654508233070374,Positive,0.9599324641749263
4,1981611833,2009-05-31 09:31:19-07:00,NO_QUERY,rey_z,"@user it'll be fine, you're a little genius slightly concerned about tuesday as i havent started revising yet. my bad.",Sunday,0.28770968317985535,0.5907631516456604,0.12152716517448425,Neutral,-0.1661825180053711
4,1685483429,2009-05-03 00:35:27-07:00,NO_QUERY,pink89,got another haircut,Sunday,0.0431012287735939,0.7512481808662415,0.20565059781074524,Neutral,0.16254936903715134
0,1986488343,2009-05-31 18:54:14-07:00,NO_QUERY,bff_jill,Great im never getting internet again. Now im stuck to check everything on my phone forever &gt;:[ ughhh!,Sunday,0.9367389678955078,0.0550542026758194,0.008206812664866447,Negative,-0.9285321552306414
4,1557032102,2009-04-19 01:38:03-07:00,NO_QUERY,DNACowboy,"@user Hey, darlin'! Tearin' it up, again?",Sunday,0.010437730699777603,0.4194643199443817,0.5700979828834534,Positive,0.5596602521836758
0,1979452706,2009-05-31 03:06:32-07:00,NO_QUERY,BlG_AL,@user thats COOL all need is a iphone now,Sunday,0.00833358708769083,0.06165234372019768,0.9300140738487244,Positive,0.9216804867610335
4,1753584338,2009-05-10 02:22:26-07:00,NO_QUERY,einsteinradio,"@user Well there's you, another Twiiter person...erm...difficult to say really... Let's just say that you could fit all into a minibus!",Sunday,0.2863624095916748,0.5321871042251587,0.18145053088665009,Neutral,-0.10491187870502472
0,1692603839,2009-05-03 20:21:35-07:00,NO_QUERY,workboots,my friday consisted of rain a crazy bus driver a stranger's house and missing a fall out boy concert probably the worst day of my life,Sunday,0.9425398111343384,0.04905341938138008,0.00840670708566904,Negative,-0.9341331040486693
0,2067306754,2009-06-07 12:06:51-07:00,NO_QUERY,Nala_Bear,"Oh geeze. After your talk of this last night, I'm terribly sorry.",Sunday,0.9131592512130737,0.07819602638483047,0.0086447112262249,Negative,-0.9045145399868488
0,1832784462,2009-05-17 21:29:41-07:00,NO_QUERY,candiwax,earthquake,Sunday,0.26455235481262207,0.6250593066215515,0.1103883758187294,Neutral,-0.15416397899389267
4,1980263232,2009-05-31 06:13:16-07:00,NO_QUERY,Reid_Speed,At work. Most likely able to make practice. &gt;Speed&lt;,Sunday,0.008401493541896343,0.4200512170791626,0.5715473294258118,Positive,0.5631458358839154
4,1984187626,2009-05-31 14:36:43-07:00,NO_QUERY,Mella1981,"Cont. - Baracks family is dead (not his kids, wife but parents, and g-parents.) As long as it's legal, do whatever makes you happy.",Sunday,0.522605299949646,0.4462791681289673,0.031115520745515823,Negative,-0.4914897792041302
4,1827405042,2009-05-17 10:38:26-07:00,NO_QUERY,CseriKriszti,Almost ready with the new website for my parents....so excited about It will be a huge surprise for Them,Sunday,0.001546963700093329,0.009348404593765736,0.9891046285629272,Positive,0.9875576648628339
0,2264018006,2009-06-21 02:31:11-07:00,NO_QUERY,ksekher,"Finished watching Monsters Vs Aliens - Avg movie, nothing impressive. Everything about that movie is disappointingly typical and dull",Sunday,0.9248281121253967,0.06523135304450989,0.00994050595909357,Negative,-0.9148876061663032
0,1981535628,2009-05-31 09:21:33-07:00,NO_QUERY,nczerniejewska,i had to cancel my trip to paris too much work here in LA,Sunday,0.7254506349563599,0.2609294354915619,0.0136199239641428,Negative,-0.7118307109922171
0,2071006216,2009-06-07 18:40:26-07:00,NO_QUERY,katypery,@user i thought you were supposed to ask her about me too?,Sunday,0.0724206194281578,0.9041392803192139,0.023440025746822357,Neutral,-0.04898059368133545
4,1982066512,2009-05-31 10:27:34-07:00,NO_QUERY,mxwong90,@user hahaha def. lazy sunday. i just woke up,Sunday,0.14536239206790924,0.6644247770309448,0.19021281599998474,Neutral,0.0448504239320755
4,2066716842,2009-06-07 11:02:33-07:00,NO_QUERY,iSmoney,"he is cute &amp; rain sucks! @user i have an outfit for the hippie day, it's hilarious",Sunday,0.11322356015443802,0.16763542592525482,0.7191410660743713,Positive,0.6059175059199333
4,1686138955,2009-05-03 03:58:05-07:00,NO_QUERY,becki_lily,"Ahh hangover free again. Just lazy. Good night out, saw lots of people I knew from years ago",Sunday,0.009739146567881107,0.04571159556508064,0.9445492625236511,Positive,0.93481011595577
4,2070000721,2009-06-07 16:55:23-07:00,NO_QUERY,courttt_ahh,"@user wow. thats original. &lt;3 i will pass my shades down to you,",Sunday,0.0042646233923733234,0.02584024704992771,0.96989506483078,Positive,0.9656304414384067
4,2072188952,2009-06-07 20:33:31-07:00,NO_QUERY,fnordine,"I found Roxy Music. Interesting band, now I'm gonna try all the cds and pick favorites.",Sunday,0.0034800530411303043,0.0382782481610775,0.9582417011260986,Positive,0.9547616480849683
4,2174946724,2009-06-14 23:41:58-07:00,NO_QUERY,kimitwi,@user have fun,Sunday,0.004166570957750082,0.033820491284132004,0.9620130062103271,Positive,0.9578464352525771
4,1979581482,2009-05-31 03:39:59-07:00,NO_QUERY,RoeBloodBathx,Hey @user thanks for the follow!,Sunday,0.005698815453797579,0.032323747873306274,0.961977481842041,Positive,0.9562786663882434
0,2265233371,2009-06-21 06:06:36-07:00,NO_QUERY,Starrgirrl_ox,"mahnn... i just washed my hair, and its went totally greasy again ! &quot;/",Sunday,0.8734375834465027,0.1164354681968689,0.010127028450369835,Negative,-0.8633105549961329
4,1827572979,2009-05-17 10:59:56-07:00,NO_QUERY,mgiraudofficial,@user love your pic!,Sunday,0.006444593425840139,0.017455952242016792,0.9760993719100952,Positive,0.9696547784842551
4,1983950154,2009-05-31 14:08:58-07:00,NO_QUERY,shes2pretty,@user,Sunday,0.0769139751791954,0.6813772320747375,0.24170878529548645,Neutral,0.16479481011629105
4,1687562644,2009-05-03 09:01:27-07:00,NO_QUERY,vanwau,@user having lazy sunday updating ipod ... yeah can I handle the excitement LOL,Sunday,0.01091175340116024,0.12344984710216522,0.8656383752822876,Positive,0.8547266218811274
4,1827438087,2009-05-17 10:42:38-07:00,NO_QUERY,DRhaeWorld,I'm feelin twitterlicious bout them Rockets today,Sunday,0.04253004863858223,0.4208257794380188,0.5366441607475281,Positive,0.49411411210894585
4,2064685784,2009-06-07 06:55:20-07:00,NO_QUERY,hollie_dempsey,"Saw I love you, man today.. one word: HILARIOUS. Seriously couldn't stop laughing. Definitly a dvd I want to invest in in the near future",Sunday,0.005726002622395754,0.011714155785739422,0.982559859752655,Positive,0.9768338571302593
0,1691231606,2009-05-03 17:23:48-07:00,NO_QUERY,sARAHdINKEL,I'm in love with the Derby!!! Unpacking,Sunday,0.004184097051620483,0.01087536197155714,0.9849405884742737,Positive,0.9807564914226532
0,2265327060,2009-06-21 06:19:55-07:00,NO_QUERY,krissamarie,"aww, em not feeling well",Sunday,0.8334143757820129,0.15485475957393646,0.011730814352631569,Negative,-0.8216835614293814
0,1685775348,2009-05-03 02:00:57-07:00,NO_QUERY,boywonder101,Tuned into Radio316's classical music show. Missed 2 hours of it though,Sunday,0.167289599776268,0.6977307796478271,0.13497960567474365,Neutral,-0.03230999410152435
4,1693322325,2009-05-03 22:11:50-07:00,NO_QUERY,SherryRestifo,"beginning to wonder if my @ messages are getting seen... i should probably aim for non celebrities, though... haha",Sunday,0.24625910818576813,0.7149533033370972,0.03878755494952202,Neutral,-0.2074715532362461
4,2065608566,2009-06-07 08:56:37-07:00,NO_QUERY,JABoothifa,@user Do you think we may soon be liberated from the dictatorship of the Left then Cazza? A dream surely....,Sunday,0.03913302347064018,0.6921848654747009,0.2686821520328522,Neutral,0.229549128562212
0,2263740570,2009-06-21 01:40:29-07:00,NO_QUERY,Stan_229,@user Sundays are the days before school,Sunday,0.026145121082663536,0.8754450082778931,0.09840992093086243,Neutral,0.07226479984819889
4,2069360303,2009-06-07 15:44:06-07:00,NO_QUERY,wbahner,@user You'se welcome,Sunday,0.005543998442590237,0.06538064032793045,0.929075300693512,Positive,0.9235313022509217
0,2068057006,2009-06-07 13:25:27-07:00,NO_QUERY,Santiago_Steph,I wish i was in california.,Sunday,0.43847209215164185,0.3363293707370758,0.22519847750663757,Negative,-0.21327361464500427
4,1685792314,2009-05-03 02:06:13-07:00,NO_QUERY,pops28,"@user anytime Jen... For you, no problem",Sunday,0.006573593709617853,0.13472780585289001,0.8586986064910889,Positive,0.852125012781471
0,1984147061,2009-05-31 14:32:00-07:00,NO_QUERY,_FunkyFreshhh,"@user You can't dedicate to something then back out, thats not fair to us",Sunday,0.8665212988853455,0.12606273591518402,0.00741606904193759,Negative,-0.8591052298434079
4,1825262740,2009-05-17 05:01:45-07:00,NO_QUERY,breza_juanita,"@user Orals are crappy, but my modus operandi is 'vaguely know what subjects they're going to ask you and learn the vocab'",Sunday,0.656799852848053,0.29570654034614563,0.04749355837702751,Negative,-0.6093062944710255
4,2063811733,2009-06-07 04:10:12-07:00,NO_QUERY,danmatthews,"That's the comments up to standard, now to add some sexy shadowbox support. @user you may be getting some DMs!",Sunday,0.009351403452455997,0.28910303115844727,0.7015455961227417,Positive,0.6921941926702857
0,2072505658,2009-06-07 21:09:26-07:00,NO_QUERY,lostonli,Reluctantly going to sleep - don't want to be any closer to waking up to another rainy week ahead,Sunday,0.8143911957740784,0.16451387107372284,0.021094942465424538,Negative,-0.7932962533086538
4,2069379272,2009-06-07 15:46:11-07:00,NO_QUERY,pealuh,I need plaid pants for @user,Sunday,0.06973172724246979,0.7681790590286255,0.1620892584323883,Neutral,0.09235753118991852
0,2267006717,2009-06-21 09:28:11-07:00,NO_QUERY,sweetener,lost pinky choc's recipe it came from my niece name --,Sunday,0.5917083024978638,0.38130611181259155,0.026985598728060722,Negative,-0.564722703769803
0,2169499766,2009-06-14 14:36:18-07:00,NO_QUERY,teddy_dunn,"@user awww, i'm sorry. i hope you get better",Sunday,0.46823108196258545,0.3969680070877075,0.1348009705543518,Negative,-0.33343011140823364
4,2064304282,2009-06-07 05:53:01-07:00,NO_QUERY,chelle_louise,"@user aww it sounds lovely yeh i took quite a few pics, people took videos too so they should be all up on fb soon! xxx",Sunday,0.0014051315374672413,0.015836922451853752,0.9827579855918884,Positive,0.9813528540544212
0,1688962933,2009-05-03 12:18:46-07:00,NO_QUERY,SunKissd,@user man everybody's getting crazier and crazier. WTF is going on? Has it always been like this or are we just getting older?,Sunday,0.8087023496627808,0.1766357123851776,0.014661900699138641,Negative,-0.7940404489636421
4,1691089943,2009-05-03 17:04:12-07:00,NO_QUERY,carolsandoval,@user sup carlosss,Sunday,0.06042596697807312,0.7933195233345032,0.1462544947862625,Neutral,0.08582852780818939
0,2069622690,2009-06-07 16:13:02-07:00,NO_QUERY,JaanaChloe,Twitter is becoming wackk w.out my biffffel,Sunday,0.8412620425224304,0.14914926886558533,0.009588697925209999,Negative,-0.8316733445972204
4,1980682456,2009-05-31 07:24:13-07:00,NO_QUERY,LucilleRicardo,"@user Date????? Details, please!!!",Sunday,0.015028582885861397,0.4999682903289795,0.48500311374664307,Neutral,0.46997453086078167
4,2064059179,2009-06-07 05:05:04-07:00,NO_QUERY,shell365,well logging off for now be back later,Sunday,0.18801787495613098,0.7134140133857727,0.09856805950403214,Neutral,-0.08944981545209885
4,1979704928,2009-05-31 04:10:11-07:00,NO_QUERY,Shawee23,@user Yep.. We spent time together for 1 1/2 hours only.. I needed to go back to church for our 2nd service dance..,Sunday,0.0162227600812912,0.7410619854927063,0.24271531403064728,Neutral,0.22649255394935608
4,1693508511,2009-05-03 22:46:47-07:00,NO_QUERY,boxOFjuice,@user *throws an apple*,Sunday,0.0731101706624031,0.833476185798645,0.0934135690331459,Neutral,0.020303398370742798
0,2071679966,2009-06-07 19:46:02-07:00,NO_QUERY,heathergaines,I realy want to see 9to5 the musical! I love Dolly Parton.,Sunday,0.004052102565765381,0.012097476050257683,0.9838504195213318,Positive,0.9797983169555664
0,1825429302,2009-05-17 05:40:11-07:00,NO_QUERY,DaimyRain,hello sunday 9:30. let's get productive. i wish i had cookies,Sunday,0.08965103328227997,0.18473802506923676,0.7256109118461609,Positive,0.6359598785638809
0,1981756198,2009-05-31 09:49:40-07:00,NO_QUERY,TyRant001,"working on the last work booklet for psychology, which has NOTHING to do with psychology",Sunday,0.3307059705257416,0.6173452138900757,0.05194874107837677,Neutral,-0.2787572294473648
4,1824974298,2009-05-17 03:46:43-07:00,NO_QUERY,micahizkewl,"@user I love poptarts there amazing ,",Sunday,0.004995017312467098,0.010313553735613823,0.9846914410591125,Positive,0.9796964237466455
4,1978938280,2009-05-31 01:00:23-07:00,NO_QUERY,Ianoma,@user you might be! good times tonight,Sunday,0.0022926260717213154,0.01503355335444212,0.9826738238334656,Positive,0.9803811977617443
4,1827779427,2009-05-17 11:25:48-07:00,NO_QUERY,youngreen50,"DAMN!! Angels &amp; Demons Was Awesome, Really Good Movie.. I Need To Watch It Again But In A Movie Theater",Sunday,0.0041981954127550125,0.013058562763035297,0.9827432632446289,Positive,0.9785450678318739
0,1981946568,2009-05-31 10:12:52-07:00,NO_QUERY,YairaBermudez,@user he he he lol girl i'm sorry but u most def missed a great show !,Sunday,0.26997900009155273,0.21622970700263977,0.5137913227081299,Positive,0.24381232261657715
0,1759575238,2009-05-10 19:31:03-07:00,NO_QUERY,melissaox,"@user I found it, uninteresting. I lost interest.",Sunday,0.8834673166275024,0.10696731507778168,0.009565358981490135,Negative,-0.8739019576460123
4,1827822893,2009-05-17 11:31:13-07:00,NO_QUERY,lilshields3,im sooooooooo proud of Casey!!!!! girls ive had a blast with jr miss!!!! i wish they had a senior miss now!!!!,Sunday,0.0026389756239950657,0.008094637654721737,0.9892663955688477,Positive,0.9866274199448526
4,2069866474,2009-06-07 16:40:20-07:00,NO_QUERY,thisiswaar2,@user Okay. I'll be here.,Sunday,0.010836235247552395,0.5966626405715942,0.3925010561943054,Neutral,0.381664820946753
4,1981128802,2009-05-31 08:29:00-07:00,NO_QUERY,iheartguitars87,i hear nerds are the way to go.. so im going nerd hunting today,Sunday,0.019538462162017822,0.2868235409259796,0.693638026714325,Positive,0.6740995645523071
4,1979771081,2009-05-31 04:26:20-07:00,NO_QUERY,teale,"@user are you being cheeky Mr Smith? Yes, gotta admit, I have become a Twitter maniac of late...",Sunday,0.3605649173259735,0.4149587154388428,0.22447636723518372,Neutral,-0.1360885500907898
4,1824843789,2009-05-17 03:11:13-07:00,NO_QUERY,baby_shellz,can't think of much else to do today but lie in bed and watch tv,Sunday,0.5202337503433228,0.3953430652618408,0.08442322909832001,Negative,-0.43581052124500275
0,2064532275,2009-06-07 06:31:27-07:00,NO_QUERY,itsfrasier,"Yay @user the sun is finally out here also, but we're not drinking any Kriek",Sunday,0.007842399179935455,0.0796680599451065,0.9124895930290222,Positive,0.9046471938490868
4,1980065264,2009-05-31 05:33:40-07:00,NO_QUERY,ThatAngelGirl,today. I am going to continue learning the Dreamweaver and load Photoshop to learn next,Sunday,0.0044741579331457615,0.4664168059825897,0.529109001159668,Positive,0.5246348432265222
4,1981340508,2009-05-31 08:56:59-07:00,NO_QUERY,lizamtl,@user I'm liking this play by play lol ENJOY!,Sunday,0.002717528259381652,0.013533114455640316,0.9837493896484375,Positive,0.9810318613890558
0,1986240942,2009-05-31 18:32:31-07:00,NO_QUERY,fuzzypigz,"@user Ah, okay-someone made a crack about having his profile private. Said blocked him because his private setting wasn't &quot;cool&quot;.",Sunday,0.5636476278305054,0.4057471454143524,0.03060513734817505,Negative,-0.5330424904823303
0,1754997020,2009-05-10 07:58:57-07:00,NO_QUERY,melissakania,"Woo, got in Internet Explorer! too bad I won't be home at 2:30 to watch the gold game, I have to work",Sunday,0.5923153162002563,0.27426743507385254,0.13341715931892395,Negative,-0.4588981568813324
0,1981024541,2009-05-31 08:14:26-07:00,NO_QUERY,JohnnyChalk,yer. been busy with school and homework. BORING gonna update a lot more now.,Sunday,0.945957601070404,0.04818008467555046,0.00586228771135211,Negative,-0.9400953133590519
0,1988705514,2009-05-31 23:08:14-07:00,NO_QUERY,Djyouwish,I got to go campin for 3days I heard there's no towers and stuff so I can't tweeter or I'm my bf abd my bestie blehck,Sunday,0.8122202157974243,0.17721915245056152,0.010560661554336548,Negative,-0.8016595542430878
0,1688885534,2009-05-03 12:08:28-07:00,NO_QUERY,MadhurRamani,"(A very, very reluctant) Attempt #3 at correcting sleep pattern.. Last attempt made UNSUCCESSFULLY a month ago.. Gud Nite",Sunday,0.5380164384841919,0.38328829407691956,0.07869532704353333,Negative,-0.45932111144065857
0,1986941724,2009-05-31 19:32:52-07:00,NO_QUERY,celebinvasion,@user the video was removed already.,Sunday,0.5603833198547363,0.42902448773384094,0.010592121630907059,Negative,-0.5497911982238293
4,1685694982,2009-05-03 01:36:17-07:00,NO_QUERY,truehearts,@user yeah!!! proud to be a Filipino!!! its all about keeping the feet on the ground. Pacman rocks!,Sunday,0.003155170474201441,0.014834233559668064,0.9820106625556946,Positive,0.9788554920814931
0,1982312348,2009-05-31 10:57:33-07:00,NO_QUERY,ColinMacD,"@user yah, but PITA to soft unlock and only good for SD. Not sure it's worth it",Sunday,0.8738768696784973,0.11818255484104156,0.00794057734310627,Negative,-0.865936292335391
0,2265945389,2009-06-21 07:36:48-07:00,NO_QUERY,amirahamir,has made her career choice tonight. Dra Saya mahu heart to heart talk. I don't know if it's the right choice.,Sunday,0.36314934492111206,0.5987424254417419,0.0381082147359848,Neutral,-0.32504113018512726
4,1979598428,2009-05-31 03:44:19-07:00,NO_QUERY,qalice,"??? ??? ???? ?????, ?? Snow Patrol ????????? ?? U2 ? ??????! so happy",Sunday,0.002092077862471342,0.01889936253428459,0.9790084958076477,Positive,0.9769164179451764
4,2065042051,2009-06-07 07:45:51-07:00,NO_QUERY,kwfromnj,@user aww thank you,Sunday,0.013736506924033165,0.05961327999830246,0.9266502261161804,Positive,0.9129137191921473
4,2072070765,2009-06-07 20:21:03-07:00,NO_QUERY,wildcatsr2us,Welcome to the No Prowler Zone,Sunday,0.038635265082120895,0.7057926654815674,0.2555720806121826,Neutral,0.21693681553006172
0,2232657831,2009-06-18 20:12:42-07:00,NO_QUERY,angie12_xx,it's twitter.... and yes it's annoying me..... and we found her... tad,Thursday,0.8260502219200134,0.15429271757602692,0.01965704746544361,Negative,-0.8063931744545698
0,2229421794,2009-06-18 15:42:24-07:00,NO_QUERY,Honey014,@user even though you drink and think it is cool.,Thursday,0.11677174270153046,0.5322791337966919,0.35094916820526123,Neutral,0.23417742550373077
4,2031913697,2009-06-04 10:30:04-07:00,NO_QUERY,KuPanDaRedbone,"@user hahaha yes I did have it, on Sunday I tried it. I didn't tell u? Lol well I put too much rum so I turned it into a smoothie!",Thursday,0.0106221754103899,0.18978725373744965,0.7995905876159668,Positive,0.7889684122055769
0,2230520392,2009-06-18 17:13:46-07:00,NO_QUERY,childhood,@user But huge Thighs are better for choke holds with your legs #bookieb,Thursday,0.03757692500948906,0.4562719762325287,0.5061510801315308,Positive,0.4685741551220417
0,1795357459,2009-05-14 07:37:48-07:00,NO_QUERY,katyanoctis,Never drinking like I did last night again. I only had one drink too many but that one drink was all it took to get me sick.,Thursday,0.9103012681007385,0.07902330905199051,0.010675454512238503,Negative,-0.8996258135885
4,1956715857,2009-05-28 22:30:39-07:00,NO_QUERY,mattehh,"fuck yeah, 3OH!3 coming to aus in october",Thursday,0.002858927007764578,0.04427576810121536,0.9528653025627136,Positive,0.950006375554949
0,2234232076,2009-06-18 22:40:06-07:00,NO_QUERY,milfette,"@user @user even though i love my tenny tiny tweetie, i think i gotta set up tweetdeck too",Thursday,0.042812470346689224,0.32324546575546265,0.6339420676231384,Positive,0.5911295972764492
0,2229195089,2009-06-18 15:24:25-07:00,NO_QUERY,notsonormalhuh,finally finished reformatting old computer... it took forever.,Thursday,0.6110016107559204,0.29447242617607117,0.09452595561742783,Negative,-0.5164756551384926
0,2229223843,2009-06-18 15:26:41-07:00,NO_QUERY,_ashleyyy_,In too much pain to drive Avery and i said were gonna be crippled my the time were 16. Thats what volleyball does to you.,Thursday,0.8561465740203857,0.13060851395130157,0.01324491947889328,Negative,-0.8429016545414925
0,2219369358,2009-06-18 00:22:53-07:00,NO_QUERY,jezfuk,on the underground today i was told i was very handsome........ by some Korean bloke,Thursday,0.0056271301582455635,0.08362888544797897,0.9107440114021301,Positive,0.9051168812438846
0,2324494320,2009-06-25 03:17:54-07:00,NO_QUERY,stargatejohn,Another pic of the car [http],Thursday,0.010862374678254128,0.9235564470291138,0.06558115035295486,Neutral,0.05471877567470074
0,2232536946,2009-06-18 20:02:52-07:00,NO_QUERY,xteri,looking at pics from back then makes me my hair was so healthy then. lesson: when u encounter BAD drama dont take it out on your hair!!,Thursday,0.05438246950507164,0.21896518766880035,0.7266523241996765,Positive,0.6722698546946049
0,2227206018,2009-06-18 12:54:31-07:00,NO_QUERY,stephanegelinas,iPod feels sluggish since 3.0 update,Thursday,0.8212260603904724,0.1614096313714981,0.017364319413900375,Negative,-0.803861740976572
0,2221959840,2009-06-18 06:16:45-07:00,NO_QUERY,Rishanda,s@*# I lost É lot of my fav DVDs..,Thursday,0.9203465580940247,0.07047592848539352,0.009177531115710735,Negative,-0.9111690269783139
0,2230250303,2009-06-18 16:51:00-07:00,NO_QUERY,alexgue,Facebook not working,Thursday,0.6005895137786865,0.36483368277549744,0.034576818346977234,Negative,-0.5660126954317093
4,2032157299,2009-06-04 10:51:17-07:00,NO_QUERY,hollyjordan7,can't get enought of Perez Hilton lately,Thursday,0.01445735339075327,0.059299077838659286,0.9262435436248779,Positive,0.9117861902341247
0,2324473934,2009-06-25 03:14:45-07:00,NO_QUERY,sengjhp,Homework haven't finish but school is going to reopen.,Thursday,0.04246287792921066,0.8120514154434204,0.14548562467098236,Neutral,0.1030227467417717
0,1956161054,2009-05-28 21:18:24-07:00,NO_QUERY,RominaLuciana,This is way way way to early for me damn wish i could still stay in bed ! Up to video recording some shizzle for sensation tireddddd,Thursday,0.8780856132507324,0.10269684344530106,0.019217614084482193,Negative,-0.8588679991662502
4,1794225431,2009-05-14 05:17:35-07:00,NO_QUERY,Cubsrule23,"Good morning Safettes! 77 now, high of 91 here today, should be lovely on the playground this morning",Thursday,0.0015740047674626112,0.013403612188994884,0.9850223660469055,Positive,0.9834483612794429
4,2033317559,2009-06-04 12:32:00-07:00,NO_QUERY,jerrytroll,"@user: I try now, you should try MY suggest and I'll let you know what I think :-P",Thursday,0.005697895772755146,0.273494154214859,0.7208079099655151,Positive,0.71511001419276
4,2031414662,2009-06-04 09:47:03-07:00,NO_QUERY,EvanHammond,@user Yep! Im still here And NO Im not building via command line. CakePHP's tutorials are all in command line format. /wrists.,Thursday,0.11027348041534424,0.5918847918510437,0.29784175753593445,Neutral,0.1875682771205902
0,2229769955,2009-06-18 16:10:55-07:00,NO_QUERY,jordynjitters,Ouuuuchhh hot oil burned me,Thursday,0.863122820854187,0.1168271005153656,0.02005007490515709,Negative,-0.8430727459490299
0,2324067614,2009-06-25 02:12:04-07:00,NO_QUERY,Rannelee,@user so disappointing noh,Thursday,0.9146304130554199,0.07736992090940475,0.007999618537724018,Negative,-0.9066307945176959
0,2233067310,2009-06-18 20:47:14-07:00,NO_QUERY,Jayceelynn,my lips are chapped,Thursday,0.7021470069885254,0.2522715926170349,0.045581329613924026,Negative,-0.6565656773746014
0,2226760991,2009-06-18 12:21:08-07:00,NO_QUERY,joyfulmomlea,@user sorry you're having tweetdeck issues! That stinks!,Thursday,0.935615599155426,0.05879979953169823,0.0055845994502305984,Negative,-0.9300309997051954
4,1794014636,2009-05-14 04:42:30-07:00,NO_QUERY,heartofkaos,@user I've seen up to episode 8 already... it's awesome! x,Thursday,0.002225697971880436,0.007951861247420311,0.989822506904602,Positive,0.9875968089327216
4,2030210665,2009-06-04 08:02:36-07:00,NO_QUERY,Snailified,"HMMMMM. If i can't get any of my entries into the FML site, maybe I can try MLIA.",Thursday,0.1203070655465126,0.8200584053993225,0.05963447690010071,Neutral,-0.060672588646411896
0,1795448312,2009-05-14 07:47:28-07:00,NO_QUERY,disco_ball_rene,I'm having a relapse of the love bug with draeke.,Thursday,0.16758185625076294,0.5215567350387573,0.31086137890815735,Neutral,0.1432795226573944
0,2326739894,2009-06-25 07:26:53-07:00,NO_QUERY,JennyT89,"isn't seeing Transformers again, instead I'm in Topshop, looking at clothes I can't afford",Thursday,0.707394540309906,0.2575583755970001,0.03504706546664238,Negative,-0.6723474748432636
4,1956075248,2009-05-28 21:08:27-07:00,NO_QUERY,Kaatje_68,Some of whom actually did write songs for me I can't imagine not ever having known men like that.,Thursday,0.39044061303138733,0.4217038154602051,0.1878555417060852,Neutral,-0.20258507132530212
0,2325341492,2009-06-25 05:15:46-07:00,NO_QUERY,overroller,"Like usual a long working day i bought tickets for the cinema...transformers 2 for saturday. I have to play a short round golf,too",Thursday,0.06685234606266022,0.6116788387298584,0.3214687407016754,Neutral,0.2546163946390152
0,2221072343,2009-06-18 04:38:19-07:00,NO_QUERY,dionna11,Here we go another day with nothing to wear to work [http],Thursday,0.7974019050598145,0.18150711059570312,0.02109106071293354,Negative,-0.7763108443468809
0,2326228276,2009-06-25 06:44:30-07:00,NO_QUERY,SallytheShizzle,@user -huggles- naaaw! Your mind is just going round in circles?,Thursday,0.4082239270210266,0.5557296276092529,0.03604640066623688,Neutral,-0.37217752635478973
0,2323504177,2009-06-25 00:47:58-07:00,NO_QUERY,Kooansha,@user So sorry *hugs*,Thursday,0.703096330165863,0.2585991322994232,0.03830448538064957,Negative,-0.6647918447852135
0,2325551844,2009-06-25 05:39:34-07:00,NO_QUERY,LuntiX,"@user Naw, you don't fail. If anything that's a good thing. Better to break down then keep everything bottled up like I do",Thursday,0.11155588924884796,0.22095611691474915,0.6674880385398865,Positive,0.5559321492910385
0,2223488025,2009-06-18 08:20:12-07:00,NO_QUERY,Shy_Dreamer,"Rain, rain please don't come today",Thursday,0.8831499814987183,0.09568812698125839,0.021161958575248718,Negative,-0.8619880229234695
0,2222052150,2009-06-18 06:25:27-07:00,NO_QUERY,FlyFlyNay,@user Then Ur Gonna Kill My Baby Smh,Thursday,0.9258626103401184,0.06932257860898972,0.004814796149730682,Negative,-0.9210478141903877
4,1796174262,2009-05-14 09:00:15-07:00,NO_QUERY,Princess_Opal,@user What's Up? ?Follow Me?,Thursday,0.009611467830836773,0.8893004059791565,0.10108818858861923,Neutral,0.09147672075778246
0,2222694211,2009-06-18 07:19:30-07:00,NO_QUERY,ashleigho607,done shiit in my mentle maths test,Thursday,0.8420074582099915,0.13674551248550415,0.021247006952762604,Negative,-0.8207604512572289
0,2328554803,2009-06-25 09:43:19-07:00,NO_QUERY,shopaholic64,"i cant beliave school is over! its soo sad! i mean, i hate school but im gonna miss everyone sooo much! =(",Thursday,0.9428525567054749,0.04772983491420746,0.0094175785779953,Negative,-0.9334349781274796
0,2220834405,2009-06-18 04:05:20-07:00,NO_QUERY,CRIM2007,Oh god just had a major panic! Thought Noah was going to steal my spongebob teddy,Thursday,0.7850565314292908,0.17417579889297485,0.04076763987541199,Negative,-0.7442888915538788
0,2227409024,2009-06-18 13:09:37-07:00,NO_QUERY,mariwanted,@user 60% sÃ³ bf UHASUHSDAUHSA,Thursday,0.11956848949193954,0.7799786329269409,0.10045279562473297,Neutral,-0.019115693867206573
0,1793900054,2009-05-14 04:21:18-07:00,NO_QUERY,blaskey23,Sitting in the gator again waiting for the van- i have a sore throat. HOW THRILLING! :]&lt;33 xoxo&lt;3,Thursday,0.26607245206832886,0.22487518191337585,0.5090523958206177,Positive,0.24297994375228882
0,2226489415,2009-06-18 12:01:01-07:00,NO_QUERY,stuartastbury,"Watching the brother on street fighter, he's better than me",Thursday,0.022959090769290924,0.1759677231311798,0.8010731935501099,Positive,0.7781141027808189
0,1794622168,2009-05-14 06:13:02-07:00,NO_QUERY,monoclelad,@user oh yeah!? well maybe I don't like you either,Thursday,0.8958254456520081,0.09854473918676376,0.005629816558212042,Negative,-0.890195629093796
0,1793199210,2009-05-14 01:45:36-07:00,NO_QUERY,rebeccao372,@user yeh im great thanks pity the weather is grim,Thursday,0.11490452289581299,0.16320794820785522,0.7218875885009766,Positive,0.6069830656051636
0,1792714722,2009-05-14 00:00:18-07:00,NO_QUERY,kumimonster,fell asleep too late. woke up lil too early. just 30 min more...,Thursday,0.5172060132026672,0.4476301670074463,0.035163771361112595,Negative,-0.48204224184155464
0,2224460343,2009-06-18 09:31:44-07:00,NO_QUERY,lexicaljewel,@user oh bb. I had dreams about Frankie helping us survive a zombie plague - I will send him to cure your headaches! &lt;3,Thursday,0.012184811756014824,0.07803813368082047,0.9097769856452942,Positive,0.8975921738892794
0,2227811986,2009-06-18 13:39:50-07:00,NO_QUERY,dolcecorazon,Ok this rain is really making me mad... It's never gonna be summer,Thursday,0.9390186071395874,0.053163688629865646,0.007817784324288368,Negative,-0.931200822815299
0,2222133238,2009-06-18 06:32:42-07:00,NO_QUERY,LaurenLoverr7,"blahh, stupid friggin' new hampshire. IM SOOO BORED! man, i need to find a guyyyyyy!",Thursday,0.9572633504867554,0.034957222640514374,0.0077794683165848255,Negative,-0.9494838821701705
0,2228272698,2009-06-18 14:13:59-07:00,NO_QUERY,PamDeLara,finally doin my Hw haha!!,Thursday,0.0027626019436866045,0.03241178020834923,0.9648256301879883,Positive,0.9620630282443017
0,2226325865,2009-06-18 11:48:51-07:00,NO_QUERY,dching_jgcc,NY gets a C+/C (4th/8th gr) @user: Interactive look at how your state compares against int'l benchmarks [http],Thursday,0.009380835108458996,0.913558840751648,0.07706037163734436,Neutral,0.06767953652888536
0,2325220267,2009-06-25 05:01:18-07:00,NO_QUERY,g54zw00dcy4u1ls,@user sadly no she's at home. I'm eating alone somewhere along the way home,Thursday,0.7507458329200745,0.239934504032135,0.009319626726210117,Negative,-0.7414262061938643
4,1793613540,2009-05-14 03:21:46-07:00,NO_QUERY,majorDAMNster,CURSE ADAM!!! &gt;__&lt; lol. peace.,Thursday,0.027422593906521797,0.23067528009414673,0.7419021129608154,Positive,0.7144795190542936
0,1957111643,2009-05-28 23:33:01-07:00,NO_QUERY,georginaluxford,Photo: martwo: OMG i love you!!!! i accadentally deleted this photo yay hes SO beautiful [http],Thursday,0.007269084919244051,0.013865917921066284,0.9788650274276733,Positive,0.9715959425084293
0,2233832067,2009-06-18 21:58:30-07:00,NO_QUERY,MT_gilbert,"doesn't feel all that awesome. my jaws still hurt, sleep; please?",Thursday,0.9412497878074646,0.04991971701383591,0.008830484934151173,Negative,-0.9324193028733134
0,2231595485,2009-06-18 18:46:04-07:00,NO_QUERY,ali10230,@user aww. poor zackypoo.,Thursday,0.8682094812393188,0.12205275893211365,0.009737752377986908,Negative,-0.8584717288613319
0,1955992672,2009-05-28 20:59:22-07:00,NO_QUERY,JennyLaFemme,So tired ... So little time so much work,Thursday,0.880294144153595,0.10797454416751862,0.011731373146176338,Negative,-0.8685627710074186
0,2323971673,2009-06-25 01:57:36-07:00,NO_QUERY,bookiemonsternz,"@user @user @user Uber confessional: I never liked HP, at ALL, and I can't STAND Lord of the Rings!",Thursday,0.8502862453460693,0.12657061219215393,0.023143121972680092,Negative,-0.8271431233733892
0,2230771269,2009-06-18 17:34:54-07:00,NO_QUERY,savethewolves2,Hey! I don't mean to ignore everyone! I'm trying to do 40 things at once! So much work; too little time,Thursday,0.43149831891059875,0.40501031279563904,0.1634913682937622,Negative,-0.26800695061683655
4,2039726658,2009-06-04 22:39:11-07:00,NO_QUERY,carmelpascual,Is Going to Baseball soon Yippersss,Thursday,0.0057537914253771305,0.43994075059890747,0.5543054342269897,Positive,0.5485516428016126
4,2039752146,2009-06-04 22:43:00-07:00,NO_QUERY,StasysBrazil,You better start to watch and listen: Hey Joe - Jimi Hendrix [http],Thursday,0.005190279334783554,0.6803245544433594,0.3144851326942444,Neutral,0.30929485335946083
0,2231649992,2009-06-18 18:50:34-07:00,NO_QUERY,Amber_Acey,Swam all day. I have a sunburn.,Thursday,0.6355213522911072,0.3113420307636261,0.05313656106591225,Negative,-0.5823847912251949
0,2223499141,2009-06-18 08:21:00-07:00,NO_QUERY,fddlgrl,"@user I clicked on the Haydn performance, and I get the message, &quot;not available in your area&quot;",Thursday,0.46888163685798645,0.5108780860900879,0.02024025097489357,Neutral,-0.4486413858830929
0,2325420386,2009-06-25 05:25:01-07:00,NO_QUERY,IslaLuna,@user oh no! im sorry about that bad experience with the buyer?,Thursday,0.8695632815361023,0.12282076478004456,0.007616038434207439,Negative,-0.8619472431018949
4,1793416657,2009-05-14 02:36:48-07:00,NO_QUERY,ilanbr,@user Awesome frame - just commented ur blog. Directly on your blog!,Thursday,0.003309649182483554,0.011907926760613918,0.9847823977470398,Positive,0.9814727485645562
4,1794234569,2009-05-14 05:19:03-07:00,NO_QUERY,iandmac,@user ay. charing lang. lemme add u sa YM.,Thursday,0.005775699857622385,0.7418484091758728,0.25237587094306946,Neutral,0.24660017108544707
0,2230641800,2009-06-18 17:24:03-07:00,NO_QUERY,tvfletch,@user gutted i cant make london! go to rome on that day!,Thursday,0.8734322190284729,0.10686703026294708,0.01970081962645054,Negative,-0.8537313994020224
0,2324963657,2009-06-25 04:27:36-07:00,NO_QUERY,flower21701,"Dad woke me up by playing Love Story by Taylor Swift, I fell for it.",Thursday,0.0064545609056949615,0.1374652087688446,0.856080174446106,Positive,0.849625613540411
0,2221809564,2009-06-18 06:02:16-07:00,NO_QUERY,Stephaniieee24,think i may watch lesbian vampire killers with @user ! I badly wanna see Gavin &amp; Stacey filming,Thursday,0.051630645990371704,0.36256512999534607,0.5858041644096375,Positive,0.5341735184192657
0,2325279002,2009-06-25 05:08:20-07:00,NO_QUERY,wonderpetunia,"the cramps are horrible! ahhh, go away please!",Thursday,0.9337930083274841,0.05314217880368233,0.01306481659412384,Negative,-0.9207281917333603
4,1956512386,2009-05-28 22:02:23-07:00,NO_QUERY,swayshay,@user will do!!,Thursday,0.005665692500770092,0.07577310502529144,0.9185612201690674,Positive,0.9128955276682973
0,2227911996,2009-06-18 13:47:14-07:00,NO_QUERY,LaurenJewel,Rubios with my favorite...way too full note to self: two portobello tacos is definitely not necessary!,Thursday,0.035440947860479355,0.15047147870063782,0.8140875697135925,Positive,0.7786466218531132
4,1880036402,2009-05-21 23:54:09-07:00,NO_QUERY,niqyap,@user @user ahh...finally saw the pics. good stuff ya #sgtweetup,Thursday,0.0021437383256852627,0.01363402046263218,0.9842222332954407,Positive,0.9820784949697554
4,1957194699,2009-05-28 23:47:13-07:00,NO_QUERY,gryzing,@user Why I just came across one this week if you want it,Thursday,0.014117599464952946,0.8716093301773071,0.11427298188209534,Neutral,0.10015538241714239
0,2228239898,2009-06-18 14:11:32-07:00,NO_QUERY,Maverett,"There, I tweeted... feels dirty.",Thursday,0.7045079469680786,0.277139276266098,0.018352756276726723,Negative,-0.6861551906913519
0,1794457342,2009-05-14 05:51:31-07:00,NO_QUERY,fluffy_d,@user cool!! xD I just checked your pics and omg you look so sad in the first one I don't think they are too short,Thursday,0.14243409037590027,0.21862822771072388,0.6389376521110535,Positive,0.4965035617351532
4,2031694192,2009-06-04 10:11:03-07:00,NO_QUERY,kamelperez,@user save some for me! Please,Thursday,0.005199636332690716,0.2094677835702896,0.7853325605392456,Positive,0.7801329242065549
4,1793179669,2009-05-14 01:41:00-07:00,NO_QUERY,_alps,@user See it figures. Our Doc @user here went straight into diagnosing the clinical cause of the pain? ;),Thursday,0.022579250857234,0.43650537729263306,0.5409153699874878,Positive,0.5183361191302538
0,2324794046,2009-06-25 04:03:34-07:00,NO_QUERY,kimmy2006,@user think it's hit me today that it's over for a few weeks hope your shift is ok.,Thursday,0.1717933714389801,0.6386674046516418,0.18953922390937805,Neutral,0.01774585247039795
0,2323192732,2009-06-25 00:06:15-07:00,NO_QUERY,nyssa83,@user aww tifs going to bed I'm so bored nw. The kids r styll awake too wish they'd go to bed,Thursday,0.8505077362060547,0.13559997081756592,0.013892297632992268,Negative,-0.8366154385730624
0,2328883744,2009-06-25 10:05:56-07:00,NO_QUERY,laurathemum,"Sigh...sad, sad news: farrah is gone.",Thursday,0.8976417183876038,0.09401987493038177,0.008338462561368942,Negative,-0.8893032558262348
0,2233119884,2009-06-18 20:51:44-07:00,NO_QUERY,Babygirl8t2,"Cant sleep again, So much going off in my head, I'm so worried all the time",Thursday,0.8885939717292786,0.10124769806861877,0.010158324614167213,Negative,-0.8784356471151114
4,2031127698,2009-06-04 09:22:17-07:00,NO_QUERY,blissfulblues,"@user Bet that will make editing interesting, you'll be seeing everything the same speed as a fly, 26fps won't be quick enough",Thursday,0.18402639031410217,0.46662697196006775,0.34934666752815247,Neutral,0.1653202772140503
0,2227513343,2009-06-18 13:17:28-07:00,NO_QUERY,KatMayne,omfg. REALLY?!!! Azzurri... you fail.,Thursday,0.940474271774292,0.051253337413072586,0.008272416889667511,Negative,-0.9322018548846245
0,2228586265,2009-06-18 14:37:40-07:00,NO_QUERY,nevali,@user not even the good kind of wrong,Thursday,0.8659344911575317,0.12640433013439178,0.007661079987883568,Negative,-0.8582734111696482
0,2232695547,2009-06-18 20:15:51-07:00,NO_QUERY,Alli_Flowers,@user At least another 10 years.,Thursday,0.09514889121055603,0.8084505200386047,0.09640052169561386,Neutral,0.0012516304850578308
0,2228776046,2009-06-18 14:52:17-07:00,NO_QUERY,Neumen,"Flights delayed out of NY. Rerouted flights to get home. In a center seat oh well, at least I'm going home...",Thursday,0.7463020086288452,0.2306615710258484,0.02303631231188774,Negative,-0.7232656963169575
0,2039965607,2009-06-04 23:16:03-07:00,NO_QUERY,eamesfreak,To all traveling Silverado trail in Napa this weekend just got speeding tkt (... Read More: [http],Thursday,0.13382913172245026,0.8321179151535034,0.03405297175049782,Neutral,-0.09977615997195244
0,2233490381,2009-06-18 21:26:09-07:00,NO_QUERY,suziefaithwebb,@user but I can't make it,Thursday,0.7681980729103088,0.21987023949623108,0.01193170715123415,Negative,-0.7562663657590747
4,1793397056,2009-05-14 02:32:08-07:00,NO_QUERY,KandiiSwagg,Join B Scott's community.....Love it,Thursday,0.003436385653913021,0.019215097650885582,0.9773485660552979,Positive,0.9739121804013848
0,2231044761,2009-06-18 17:58:12-07:00,NO_QUERY,Rinari,"Oh no, the big fish died!",Thursday,0.8624856472015381,0.12045420706272125,0.0170600526034832,Negative,-0.8454255945980549
0,2223580930,2009-06-18 08:27:13-07:00,NO_QUERY,BRANDI_JOHNS,omggggg so exited 4 July cant wait youtube is like down cant watch What The Buck yet,Thursday,0.023143108934164047,0.053925298154354095,0.9229315519332886,Positive,0.8997884429991245
0,1957261056,2009-05-28 23:59:02-07:00,NO_QUERY,spacecadet007,because my dad has the tv to loud. Then i get creeped out cuz im from a dodgy neighbourhood and there was someone in my bush.,Thursday,0.7552424073219299,0.23051851987838745,0.01423908956348896,Negative,-0.741003317758441
0,2222275632,2009-06-18 06:45:12-07:00,NO_QUERY,ConnieLeena,"heyyyy, i'm bored, too (I'm at work tho haha prob plenty to do!) @user",Thursday,0.24041011929512024,0.4134388566017151,0.3461509943008423,Neutral,0.10574087500572205
0,2230196613,2009-06-18 16:46:25-07:00,NO_QUERY,Danied32,@user,Thursday,0.07691407203674316,0.6813768744468689,0.24170905351638794,Neutral,0.16479498147964478
4,1957195940,2009-05-28 23:47:26-07:00,NO_QUERY,ryanwapner,"goooodnight world, i can't wait to sleep in my bed! @user there's definitely no way you're sleeping in longer than me",Thursday,0.00423394562676549,0.016243821009993553,0.9795222282409668,Positive,0.9752882826142013
4,1793222416,2009-05-14 01:51:06-07:00,NO_QUERY,alvinlow,@user &quot;i could have flare up. but this time im gonna fight it.&quot; - nice...,Thursday,0.3244071304798126,0.3646734356880188,0.3109194040298462,Neutral,-0.01348772644996643
0,2230907546,2009-06-18 17:46:31-07:00,NO_QUERY,PlusSizeMommy,@user night take care #bookieb,Thursday,0.010041072964668274,0.5244574546813965,0.46550148725509644,Neutral,0.45546041429042816
0,2232030038,2009-06-18 19:21:21-07:00,NO_QUERY,sisforsarah,"just in from work. tired, hungry and missing him",Thursday,0.7205349802970886,0.2203351855278015,0.059129830449819565,Negative,-0.6614051498472691
0,2221746193,2009-06-18 05:56:13-07:00,NO_QUERY,Tiarnaaa,"Oh noo, i have a music test next, :-s",Thursday,0.8206154108047485,0.1605493724346161,0.01883525960147381,Negative,-0.8017801512032747
4,1793527558,2009-05-14 03:02:10-07:00,NO_QUERY,SakuraKi,"Mmmm, I'm hungry! I'm thinking about grabbing a pizza once my laundry is done",Thursday,0.003610738320276141,0.0812627524137497,0.9151265025138855,Positive,0.9115157641936094
0,2323315882,2009-06-25 00:22:12-07:00,NO_QUERY,adeejayday,"@user My creative corner, like Joe's",Thursday,0.022012531757354736,0.6210240721702576,0.3569633364677429,Neutral,0.3349508047103882
0,2324336952,2009-06-25 02:54:29-07:00,NO_QUERY,Natashahh,@user I miss you already can't wait to find out tomorrow!,Thursday,0.005422057583928108,0.02568800188601017,0.9688898921012878,Positive,0.9634678345173597
4,1956389174,2009-05-28 21:46:27-07:00,NO_QUERY,timlopez,@user I know. Except this time I can't rely on you to tell me when the scary parts come around. Haha.,Thursday,0.38329482078552246,0.4766414761543274,0.14006367325782776,Neutral,-0.2432311475276947
0,2225410471,2009-06-18 10:41:09-07:00,NO_QUERY,__Zara__,is not feeling well ;(,Thursday,0.8804928064346313,0.10796040296554565,0.011546753346920013,Negative,-0.8689460530877113
0,2234477508,2009-06-18 23:07:46-07:00,NO_QUERY,DanellD,@user i guess sometimes it's easier to just give up and move on i guess.,Thursday,0.2757374346256256,0.6658047437667847,0.05845779925584793,Neutral,-0.21727963536977768
4,2031449112,2009-06-04 09:50:05-07:00,NO_QUERY,Rohan_01,@user well must b coz i dont get annoyed by my frnds easily &amp; i consider u ma frnd u noe....,Thursday,0.11713286489248276,0.6002217531204224,0.28264543414115906,Neutral,0.1655125692486763
0,2325751457,2009-06-25 06:00:21-07:00,NO_QUERY,lfesvr,Sitting on the plane waiting for everyone to board.... thankfully it's only bout 1.25hr flight... of course it's a small plane tho,Thursday,0.02933650277554989,0.3089360296726227,0.6617274880409241,Positive,0.6323909852653742
0,2233597057,2009-06-18 21:36:01-07:00,NO_QUERY,lxhellokittyxl,Wow! Cant beleive your actualluy there...,Thursday,0.177180677652359,0.2589111030101776,0.5639082193374634,Positive,0.38672754168510437
4,1793330044,2009-05-14 02:16:22-07:00,NO_QUERY,SarahSaner,@user Will keep some for you tomorrow morning ok xx,Thursday,0.005540412850677967,0.21952681243419647,0.7749327421188354,Positive,0.7693923292681575
0,1794071512,2009-05-14 04:52:33-07:00,NO_QUERY,Allyhawkins,"Is mad at life, money, debts. Need to earn more. Hmph.",Thursday,0.8629209995269775,0.11635446548461914,0.020724531263113022,Negative,-0.8421964682638645
0,2328549645,2009-06-25 09:42:57-07:00,NO_QUERY,Alwaysanoob5,Trying to think of vid ideas,Thursday,0.05597595497965813,0.8072253465652466,0.136798694729805,Neutral,0.08082273975014687
0,1957172292,2009-05-28 23:43:20-07:00,NO_QUERY,sylverxrainbow,Its weird being at the guy's house without them here. I don't like it,Thursday,0.7960845232009888,0.1952088475227356,0.008706541731953621,Negative,-0.7873779814690351
0,2039985108,2009-06-04 23:19:14-07:00,NO_QUERY,fluorescentpain,I miss my boobah i miss my boobah i miss i miss i miss what am i doing with my summer? Missing and worrying,Thursday,0.8219720721244812,0.14552199840545654,0.03250588849186897,Negative,-0.7894661836326122
0,2221009002,2009-06-18 04:29:57-07:00,NO_QUERY,multiplydivide,Uuugh I accidentally fell back asleep for an hour I suuck,Thursday,0.8560406565666199,0.13272202014923096,0.011237341910600662,Negative,-0.8448033146560192
0,2234546853,2009-06-18 23:15:44-07:00,NO_QUERY,_ITZOMAR_,@user WHAT'CHU MEAN BOO?? WHAT ME BEEING DOMINICAN GOTTA DO &gt;&gt;&gt;&gt;&gt;WIT IT ?!? THEIR YOU GO BEING RACIAL HAHAHA. !!! I GOT LOVE 4U,Thursday,0.12615492939949036,0.2915852665901184,0.5822597742080688,Positive,0.4561048448085785
0,2328306480,2009-06-25 09:25:15-07:00,NO_QUERY,dumbblonde21286,stressed....... i cant believe shes already a week old....,Thursday,0.823111891746521,0.16503958404064178,0.011848499067127705,Negative,-0.8112633926793933
4,2032750258,2009-06-04 11:42:47-07:00,NO_QUERY,noturaveragegal,Summer '09.,Thursday,0.017260141670703888,0.913615882396698,0.06912396848201752,Neutral,0.05186382681131363
4,2031328238,2009-06-04 09:39:44-07:00,NO_QUERY,iluvgossip,meeting my best friend and watching OC in an hour,Thursday,0.0024731638841331005,0.20139063894748688,0.7961361408233643,Positive,0.7936629769392312
0,1956032275,2009-05-28 21:03:37-07:00,NO_QUERY,blancameneses,@user You don't say hi anymore,Thursday,0.3527430295944214,0.6196618676185608,0.027595102787017822,Neutral,-0.32514792680740356
0,2231367090,2009-06-18 18:26:41-07:00,NO_QUERY,beatrislim,"Sigh, can't even use my laptop now.",Thursday,0.9137306213378906,0.07843251526355743,0.007836800068616867,Negative,-0.9058938212692738
0,2324874322,2009-06-25 04:15:07-07:00,NO_QUERY,Hyper8,@user i'm ok.....had to sort out the wshing machine as soaked the soap drawer in bleach. was mould infested!!,Thursday,0.3902742564678192,0.4469550549983978,0.16277073323726654,Neutral,-0.22750352323055267
0,2323511658,2009-06-25 00:49:03-07:00,NO_QUERY,Aidua,"Well, i have to leave for university now",Thursday,0.5572633147239685,0.4153269827365875,0.02740970253944397,Negative,-0.5298536121845245
0,2325705053,2009-06-25 05:55:46-07:00,NO_QUERY,fairygem,@user wishe i could help with the tyres but we're not allowed to do it anymore xx,Thursday,0.3172801733016968,0.6339741349220276,0.04874575138092041,Neutral,-0.26853442192077637
0,1796178219,2009-05-14 09:00:37-07:00,NO_QUERY,mcraddictal,@user alabama wouldn't suck if you were hereeee!,Thursday,0.2540564239025116,0.3877216577529907,0.3582218885421753,Neutral,0.1041654646396637
4,1956246458,2009-05-28 21:28:38-07:00,NO_QUERY,lynnsdecor,@user I finally feel like someone might understand me. Good dreams to you- we'll tweet again later.,Thursday,0.006364758592098951,0.044642433524131775,0.9489928483963013,Positive,0.9426280898042023
0,2233191254,2009-06-18 20:57:58-07:00,NO_QUERY,kisacake,"Ever since @user messaged me with the revelation that Insane Sims can talk to themselves for Social, I have been talking to myself.",Thursday,0.09016890078783035,0.7336135506629944,0.17621760070323944,Neutral,0.08604869991540909
4,1957185224,2009-05-28 23:45:31-07:00,NO_QUERY,idealstchampion,1 more week til my holiday in Brighton - can't wait to see all the old crew,Thursday,0.001567333354614675,0.011879678815603256,0.9865530133247375,Positive,0.9849856799701229
0,2328272189,2009-06-25 09:22:43-07:00,NO_QUERY,Lickytrixxxy,@user lmao... u gotta wait for ma new phone.. LOL ma cam is cracked,Thursday,0.4875122606754303,0.4394189119338989,0.07306879758834839,Negative,-0.4144434630870819
4,1957003034,2009-05-28 23:15:02-07:00,NO_QUERY,Mimiluvzu2,Nite nite birdies. Going to sleep. I see you Pillow. One.,Thursday,0.02707250975072384,0.49293869733810425,0.4799887537956238,Neutral,0.45291624404489994
0,2325075010,2009-06-25 04:42:45-07:00,NO_QUERY,ashlee_mcg,still can't hear out of my left ear,Thursday,0.8154962658882141,0.16905376315116882,0.015449942089617252,Negative,-0.8000463237985969
0,2326883410,2009-06-25 07:38:15-07:00,NO_QUERY,Suuni8,my throat hurts and I feel icky! hope I didn't catch anything,Thursday,0.9043653607368469,0.08317944407463074,0.012455259449779987,Negative,-0.8919101012870669
0,2232312780,2009-06-18 19:44:26-07:00,NO_QUERY,sexandthebeach,"@user No, I should had never entered my username on that site... they keep posting those messages. ItÂ´s bullshit",Thursday,0.9271532297134399,0.0679764598608017,0.004870304372161627,Negative,-0.9222829253412783
4,1793372421,2009-05-14 02:26:27-07:00,NO_QUERY,Wix,@user thanks for tweeting about us,Thursday,0.0032147339079529047,0.10848791897296906,0.8882973790168762,Positive,0.8850826451089233
0,2328526484,2009-06-25 09:41:16-07:00,NO_QUERY,emodarkfairy,not doing much at all,Thursday,0.37965425848960876,0.5573452711105347,0.06300044059753418,Neutral,-0.3166538178920746
0,2323622854,2009-06-25 01:04:49-07:00,NO_QUERY,richard_bowden,"@user Tweetdeck is cool, just installed it my self, better than twitterfox which slows the loading time of the browser",Thursday,0.014874263666570187,0.09266522526741028,0.8924605250358582,Positive,0.877586261369288
0,2223740739,2009-06-18 08:39:13-07:00,NO_QUERY,glaw333,"So I started this new job in a mail room, been there 2 weeks and HATE it! It's sooooo boring",Thursday,0.9455906748771667,0.04498008266091347,0.009429304860532284,Negative,-0.9361613700166345
0,2231872144,2009-06-18 19:08:30-07:00,NO_QUERY,baseball_mommy,@user aawww I miss u too!,Thursday,0.014659838750958443,0.05648082122206688,0.9288593530654907,Positive,0.9141995143145323
4,1792844289,2009-05-14 00:26:28-07:00,NO_QUERY,Crichton_Kicks,@user Phew ! That was close.,Thursday,0.004658415447920561,0.06416614353656769,0.9311754703521729,Positive,0.9265170549042523
0,2233602537,2009-06-18 21:36:32-07:00,NO_QUERY,KristyBruno,@user okay... Well I'm mega excited to see you...,Thursday,0.0017364368541166186,0.008877757005393505,0.989385724067688,Positive,0.9876492872135714
0,2233316244,2009-06-18 21:10:17-07:00,NO_QUERY,FLEeWavey,Sorry twiggaz.. I kno I've Been slaxking!.. I juss lost my 08... Im juss BriLLen wit Dha bestiesz Doe!,Thursday,0.5131000280380249,0.4357377588748932,0.05116214603185654,Negative,-0.46193788200616837
0,2228291629,2009-06-18 14:15:23-07:00,NO_QUERY,vnathatsme,wishin i had the money to go see Dane Cook tonight....alas i do not sad times. pretty sure i would have prob peed my pants! HA,Thursday,0.30560946464538574,0.2204684019088745,0.47392216324806213,Positive,0.1683126986026764
0,2326241326,2009-06-25 06:45:36-07:00,NO_QUERY,Z33LnR44L,"@user please miss, where do you buy your happiness? Mine always saddens after a couple hours",Thursday,0.8450097441673279,0.13719694316387177,0.017793307080864906,Negative,-0.827216437086463
0,2224244504,2009-06-18 09:15:52-07:00,NO_QUERY,dollforlife,"I still have 2 full, long schoolweeks!!! Let's call me poor",Thursday,0.8724146485328674,0.11276095360517502,0.0148243373259902,Negative,-0.8575903112068772
4,1794188832,2009-05-14 05:11:44-07:00,NO_QUERY,antukingbata,@user i hope you don't have to wear braces. but if have to then... good luck.,Thursday,0.24756503105163574,0.4125177562236786,0.33991724252700806,Neutral,0.09235221147537231
0,1957263518,2009-05-28 23:59:27-07:00,NO_QUERY,shoptilldrop,i sooooooooo dont want to go to work today to nice outside.,Thursday,0.8716093301773071,0.10384559631347656,0.024545054882764816,Negative,-0.8470642752945423
0,1793132319,2009-05-14 01:29:57-07:00,NO_QUERY,LexxyBabii,Pretty crappy day at school,Thursday,0.9244726896286011,0.06458955258131027,0.010937663726508617,Negative,-0.9135350259020925
4,1955815973,2009-05-28 20:40:19-07:00,NO_QUERY,AdrianaAddict,@user van!! I love you btw jordan w pillow case lol!!!,Thursday,0.003498764941468835,0.011967572383582592,0.9845336675643921,Positive,0.9810349026229233
0,2226852200,2009-06-18 12:28:06-07:00,NO_QUERY,memphisgal718,"RIP Khyler Eric Reynolds Born Monday June 15, 2009... alive for 1 hour",Thursday,0.03752361238002777,0.7495474815368652,0.2129288762807846,Neutral,0.17540526390075684
0,2323622062,2009-06-25 01:04:41-07:00,NO_QUERY,GlennW,"Walked to work, it's looking a bit cloudy outside makes me sad #twago",Thursday,0.8877512216567993,0.10255930572748184,0.009689519181847572,Negative,-0.8780617024749517
0,2328640584,2009-06-25 09:49:22-07:00,NO_QUERY,mydaniellemarie,@user what time? Too soon,Thursday,0.5843952298164368,0.4046579897403717,0.010946819558739662,Negative,-0.5734484102576971
0,2327286839,2009-06-25 08:09:21-07:00,NO_QUERY,kitkatflute,just read other tweets and see Shaq is going to cleveland He will be missed here in PHX,Thursday,0.20991893112659454,0.6771460771560669,0.11293499916791916,Neutral,-0.09698393195867538
0,2220699898,2009-06-18 03:45:23-07:00,NO_QUERY,turbyfurby,Blah. Working late. Home at 10ish.,Thursday,0.46141815185546875,0.4797273278236389,0.05885458365082741,Neutral,-0.40256356820464134
4,1793287186,2009-05-14 02:06:15-07:00,NO_QUERY,xamylouise,@user Sure you're not the only person who thinks that lie. YOU ARE.,Thursday,0.8225292563438416,0.1607763022184372,0.01669441908597946,Negative,-0.8058348372578621
0,2227102764,2009-06-18 12:46:47-07:00,NO_QUERY,nnekaudenwagu,soo i havent been on this thing in like 2 months and i still dnt get it ohh well! hahaa,Thursday,0.5849181413650513,0.3576135039329529,0.05746834725141525,Negative,-0.527449794113636
0,2323893583,2009-06-25 01:45:23-07:00,NO_QUERY,Animal_Chin_au,"@user yeah they are focussing on the iclone crowd, looks like the carriers won't have it ready for tomorrow.",Thursday,0.45615479350090027,0.526124119758606,0.017721056938171387,Neutral,-0.4384337365627289
4,1956745262,2009-05-28 22:35:02-07:00,NO_QUERY,earthboundtea,@user wgworldwide@user.com,Thursday,0.025512203574180603,0.842829704284668,0.13165810704231262,Neutral,0.10614590346813202
0,2327075422,2009-06-25 07:53:16-07:00,NO_QUERY,bacon_boy333,feels ill from eating too much pizza and drinking too much orange juice,Thursday,0.6078439354896545,0.3446316719055176,0.047524403780698776,Negative,-0.5603195317089558
0,2231287860,2009-06-18 18:18:09-07:00,NO_QUERY,CartalkByJJ,My own mom stood me up.,Thursday,0.033624857664108276,0.6571375131607056,0.30923762917518616,Neutral,0.2756127715110779
0,1957049167,2009-05-28 23:22:34-07:00,NO_QUERY,theangelicsin,Found my book. Starting a real paper-bound journal tonight. Have an annoying zit above my lip. Makes me look like I have herpes,Thursday,0.5937933921813965,0.31137627363204956,0.09483028948307037,Negative,-0.4989631026983261
0,2231023913,2009-06-18 17:56:25-07:00,NO_QUERY,anoushkaa,waiit no alex is going,Thursday,0.48593267798423767,0.46954479813575745,0.044522497802972794,Negative,-0.4414101801812649
4,1795412328,2009-05-14 07:43:40-07:00,NO_QUERY,JenParlin,I'm excited for the Symphonics Live show tonight at the Bowery Poetry Club! hopefully the rain will hold off,Thursday,0.0013731331564486027,0.012829260900616646,0.9857975840568542,Positive,0.9844244509004056
0,2228492055,2009-06-18 14:30:28-07:00,NO_QUERY,BETSIBOOS,~ 22:30pm! Bed time people!!,Thursday,0.003645349759608507,0.6552969217300415,0.341057687997818,Neutral,0.3374123382382095
0,2229615142,2009-06-18 15:58:06-07:00,NO_QUERY,filejobean,*sigh* who am I kidding?,Thursday,0.7493515610694885,0.22895017266273499,0.02169826067984104,Negative,-0.7276533003896475
0,2221275394,2009-06-18 05:03:58-07:00,NO_QUERY,NH77,is feeling a bit under the weather,Thursday,0.689393937587738,0.28580453991889954,0.024801522493362427,Negative,-0.6645924150943756
4,1955795568,2009-05-28 20:38:17-07:00,NO_QUERY,kaitlintaylor,@user hahaha oh sarah i love you!,Thursday,0.0071715121157467365,0.011859155260026455,0.9809693098068237,Positive,0.973797797691077
0,2328081258,2009-06-25 09:08:45-07:00,NO_QUERY,mattisnotarobot,@user I can't access Jo Blo at work,Thursday,0.4604082703590393,0.5164296627044678,0.02316213585436344,Neutral,-0.43724613450467587
0,1880032529,2009-05-21 23:53:24-07:00,NO_QUERY,BeesLikeZeebras,"@user I can't, I have school",Thursday,0.56377112865448,0.41289016604423523,0.023338720202445984,Negative,-0.540432408452034
0,1956674673,2009-05-28 22:24:50-07:00,NO_QUERY,rawbie,@user Awww!!! Idk what I did but I don't like seeing you sad all the tioome,Thursday,0.9272154569625854,0.06720265001058578,0.005581879056990147,Negative,-0.9216335779055953
0,2226579963,2009-06-18 12:07:37-07:00,NO_QUERY,mrszdiva,aww im sad my baby feeling sick hope he gets better. i feel like everythin that happens to him happens to me ilyt,Thursday,0.790755569934845,0.1632813662290573,0.04596307873725891,Negative,-0.7447924911975861
0,2326160312,2009-06-25 06:38:28-07:00,NO_QUERY,ElaineAllkids,@user wish mine would,Thursday,0.08821316808462143,0.591293215751648,0.3204936385154724,Neutral,0.23228047043085098
0,1956062934,2009-05-28 21:07:03-07:00,NO_QUERY,rhysbart,jurasicpork.com is not in fact a porn site,Thursday,0.586165726184845,0.39176857471466064,0.02206568792462349,Negative,-0.5641000382602215
0,2326634817,2009-06-25 07:18:23-07:00,NO_QUERY,fromthestars,"@user Sometimes, it is! Now I feel bad about it.",Thursday,0.8931249976158142,0.09794364869594574,0.008931351825594902,Negative,-0.8841936457902193
0,1793174901,2009-05-14 01:39:57-07:00,NO_QUERY,meclondon,seems I cannot spell ....,Thursday,0.8419865965843201,0.14751435816287994,0.01049910206347704,Negative,-0.831487494520843
0,2224553789,2009-06-18 09:38:40-07:00,NO_QUERY,prego_cravings,"Sour apricots are great, but now my stomach is upset 4 hrs to go....",Thursday,0.8677889704704285,0.1074061170220375,0.024804843589663506,Negative,-0.842984126880765
4,1792773315,2009-05-14 00:11:46-07:00,NO_QUERY,SkinCareGoober,Purple Monkey Dishwasher. (I know some people will get this).,Thursday,0.030821863561868668,0.538066565990448,0.4311116635799408,Neutral,0.40028980001807213
0,2328522845,2009-06-25 09:41:00-07:00,NO_QUERY,nanix_numbah_3,i want to buy the book sooooooooooooooooooooooo bad,Thursday,0.12912267446517944,0.29461580514907837,0.5762615203857422,Positive,0.44713884592056274
0,2225709719,2009-06-18 11:03:13-07:00,NO_QUERY,kopine,@user aghhh we miisssed/i missed a chance to win KOL tickets boo we need to be gllued to the lightning 100 right now!!!,Thursday,0.8816026449203491,0.09625200182199478,0.022145358845591545,Negative,-0.8594572860747576
0,2221431565,2009-06-18 05:22:15-07:00,NO_QUERY,pixelchrome,"I have to create stupid reports, over and over...",Thursday,0.9285561442375183,0.06365036219358444,0.007793426513671875,Negative,-0.9207627177238464
4,2039974474,2009-06-04 23:17:29-07:00,NO_QUERY,2theresq,"Ok, I woke up - what should I do next ?",Thursday,0.017583489418029785,0.8889073729515076,0.09350916743278503,Neutral,0.07592567801475525
4,1795754183,2009-05-14 08:18:47-07:00,NO_QUERY,St,Google Down -&gt; Twitter over capacity -&gt; News websites slow. It's the end of the world,Thursday,0.9338651299476624,0.05897629261016846,0.0071585639379918575,Negative,-0.9267065660096705
0,1793439559,2009-05-14 02:42:06-07:00,NO_QUERY,NicolaDownes,cant stop chewing her nails off,Thursday,0.665597140789032,0.2765117287635803,0.0578911267220974,Negative,-0.6077060140669346
0,2233881210,2009-06-18 22:03:17-07:00,NO_QUERY,FreddieZuidberg,In twitterific i miss being able to see the followers eg of people. In tweetdeck for iPhone I miss seeing the DM I've send.,Thursday,0.6316070556640625,0.33629876375198364,0.03209420293569565,Negative,-0.5995128527283669
0,2327230148,2009-06-25 08:05:02-07:00,NO_QUERY,FelishaHoup,well todays the day...poor Jax.,Thursday,0.9255921244621277,0.06782765686511993,0.00658015813678503,Negative,-0.9190119663253427
0,2227372988,2009-06-18 13:06:55-07:00,NO_QUERY,leeza_CREE,"it's crazy how 0NE year ago today was one of the happiest days of my life &amp; look @ it now. Ughhh this is depressing, but i can't cry",Thursday,0.7377638220787048,0.12859191000461578,0.1336442232131958,Negative,-0.604119598865509
0,2325035896,2009-06-25 04:37:26-07:00,NO_QUERY,camarados,at office..,Thursday,0.038292743265628815,0.8677825927734375,0.0939246341586113,Neutral,0.05563189089298248
0,2231908717,2009-06-18 19:11:27-07:00,NO_QUERY,kittyfu93,thanks Hannah. Ugh i feel sick....,Thursday,0.8885983824729919,0.09344401955604553,0.017957525327801704,Negative,-0.8706408571451902
0,1956470054,2009-05-28 21:57:00-07:00,NO_QUERY,debarouchi,Net service in my area is driving me insane,Thursday,0.8835924863815308,0.10020320862531662,0.016204383224248886,Negative,-0.8673881031572819
0,2232536904,2009-06-18 20:02:51-07:00,NO_QUERY,kayla_z1,I am so so so so so bored of studying,Thursday,0.9142314791679382,0.06958182901144028,0.016186628490686417,Negative,-0.8980448506772518
0,2327752022,2009-06-25 08:44:33-07:00,NO_QUERY,TheMomCrowd,TwitterFon isn't working properly this morning. was going to download tweetie but all reviews say it has been buggy this past week.,Thursday,0.9258707761764526,0.06785168498754501,0.006277492735534906,Negative,-0.9195932834409177
0,2234194323,2009-06-18 22:35:57-07:00,NO_QUERY,Kelndan,@user Hey there. I tried to tweet Dean for tickets to Eve cause im sick in bed...but i dont think he is twittering today,Thursday,0.5380098819732666,0.4442189037799835,0.017771247774362564,Negative,-0.520238634198904
0,2233040022,2009-06-18 20:44:57-07:00,NO_QUERY,KelseeOlger,My head hurts.,Thursday,0.8001174330711365,0.17017300426959991,0.029709631577134132,Negative,-0.7704078014940023
0,2233359464,2009-06-18 21:14:10-07:00,NO_QUERY,lalitjina,Misaligned wheel $$,Thursday,0.08642616868019104,0.8350517749786377,0.07852206379175186,Neutral,-0.007904104888439178
0,2227183654,2009-06-18 12:52:49-07:00,NO_QUERY,farringtonb,"2 months with my baby. Gotta shower and shave, then going to the cheesecake factory. She leaves me for a week tomorrow",Thursday,0.03552901744842529,0.49845388531684875,0.46601706743240356,Neutral,0.43048804998397827
0,1794422892,2009-05-14 05:46:45-07:00,NO_QUERY,sleepyandhungry,@user So sad mavericks are out,Thursday,0.9016210436820984,0.09109688550233841,0.0072820428758859634,Negative,-0.8943390008062124
4,1793095579,2009-05-14 01:21:22-07:00,NO_QUERY,MAMACITAZ,@user I can't do your work for you! Handle it,Thursday,0.733614444732666,0.24010848999023438,0.026277117431163788,Negative,-0.7073373273015022
0,2233215566,2009-06-18 21:00:12-07:00,NO_QUERY,advanmatthew,Going to study for exam on Monday today! [http],Thursday,0.0052796779200434685,0.8314798474311829,0.16324053704738617,Neutral,0.1579608591273427
0,2231522789,2009-06-18 18:39:59-07:00,NO_QUERY,lolitztoeknee,Visiting Kates mom some poor woman tripped on a caution sign walking out of the bathroom... Iiironyyyyy xD,Thursday,0.601646363735199,0.33828192949295044,0.06007171422243118,Negative,-0.5415746495127678
4,1793905346,2009-05-14 04:22:17-07:00,NO_QUERY,peridott,"Looking forward to a relaxing weekend of doing nothing. Well, maybe some painting of course",Thursday,0.006527846213430166,0.06209293380379677,0.9313791394233704,Positive,0.9248512932099402
0,2229144188,2009-06-18 15:20:23-07:00,NO_QUERY,xoJade,Trying to sleep. Stupid iPhone keeping me up! felt like a really long day for some reason :/,Thursday,0.9301527738571167,0.06115032732486725,0.00869686622172594,Negative,-0.9214559076353908
4,1955908639,2009-05-28 20:50:12-07:00,NO_QUERY,ashlypotez,*Spazz* I can't wait for the new Say Anything albummm! Even though it's going to be several months. But TBS is this Tuesday!,Thursday,0.0018375441431999207,0.00872674398124218,0.9894356727600098,Positive,0.9875981286168098
0,1794127709,2009-05-14 05:01:51-07:00,NO_QUERY,xxxAshhyxx,@user dam i miss your show i had a ticket to the show but i couldnt go coz of school grrh,Thursday,0.6896349787712097,0.2150607407093048,0.09530433267354965,Negative,-0.5943306460976601
0,2230493857,2009-06-18 17:11:31-07:00,NO_QUERY,itsmackaw,@user my msn is bad i was talking with u and my msn just ending his sessions alone |:,Thursday,0.9137003421783447,0.08137574791908264,0.004923875443637371,Negative,-0.9087764667347074
4,1957239796,2009-05-28 23:55:13-07:00,NO_QUERY,aquapac,Beautiful sunny day in London; might take the old laptop up on the roof and work in the sun.,Thursday,0.002156900241971016,0.02135537564754486,0.9764877557754517,Positive,0.9743308555334806
4,1793525447,2009-05-14 03:01:43-07:00,NO_QUERY,FairyLuvsU,@user I freaken love me and you should text me ma'am &lt;33333333333333333,Thursday,0.0044743334874510765,0.011389566585421562,0.9841361045837402,Positive,0.9796617710962892
0,2222600532,2009-06-18 07:12:05-07:00,NO_QUERY,titicuervo,"@user I emailed them - thanks! But, they never replied I'll have to find a chance to call after work or something...",Thursday,0.49162572622299194,0.45627129077911377,0.05210301652550697,Negative,-0.43952270969748497
0,2327555016,2009-06-25 08:29:44-07:00,NO_QUERY,rebekahrevenge,Soccer practice: weight room Loveyou&lt;3,Thursday,0.003403825219720602,0.03922361880540848,0.9573724865913391,Positive,0.9539686613716185
0,2221423487,2009-06-18 05:21:19-07:00,NO_QUERY,theboomtube,@user haha yeah. Overthinking is my curse too. So annoying,Thursday,0.8902837038040161,0.09680739045143127,0.012908938340842724,Negative,-0.8773747654631734
4,1956375041,2009-05-28 21:44:40-07:00,NO_QUERY,I_Support_DemiL,@user Could you follow me please.I would really appreciate it.,Thursday,0.008058303035795689,0.0729735940694809,0.9189680814743042,Positive,0.9109097784385085
0,1794867852,2009-05-14 06:43:06-07:00,NO_QUERY,RosieShort,@user I'm going to MK but haven't got a wristband have to go to the dentist first too,Thursday,0.4634811580181122,0.504227876663208,0.032290905714035034,Neutral,-0.43119025230407715
4,1956794825,2009-05-28 22:42:29-07:00,NO_QUERY,Karen_Eden,"@user well, I haven't, actually but I'm rather fond of this little berg. Very little crime. *knockonwood*",Thursday,0.024346278980374336,0.09706438332796097,0.878589391708374,Positive,0.8542431127279997
0,2234267506,2009-06-18 22:44:02-07:00,NO_QUERY,mike_is_legit,@user you don't suck,Thursday,0.32310009002685547,0.5231117606163025,0.15378808975219727,Neutral,-0.1693120002746582
0,2327158129,2009-06-25 07:59:42-07:00,NO_QUERY,JasmineTilman,continue waiting for yesterday I only have 2 episodes for that series! BTW ( not trying to brag) I think it is perfect for Zashley lovers,Thursday,0.003964080009609461,0.03903515264391899,0.957000732421875,Positive,0.9530366524122655
0,2233765733,2009-06-18 21:51:58-07:00,NO_QUERY,JoeGfod,Okay all alone again here at Mcdonalds and hearing all types of creepy noises!,Thursday,0.7959347367286682,0.18464608490467072,0.019419070333242416,Negative,-0.7765156663954258
0,2327504594,2009-06-25 08:25:55-07:00,NO_QUERY,gabby0913,idw to get out of bed. red is sleeping so peacefully with me,Thursday,0.04139809310436249,0.2709823548793793,0.6876195669174194,Positive,0.646221473813057
0,2221997954,2009-06-18 06:20:24-07:00,NO_QUERY,megxox212,WOW... another shocker Rain! ughhh .... Nasty migraine!,Thursday,0.9186316728591919,0.06643925607204437,0.014929060824215412,Negative,-0.9037026120349765
0,2221280864,2009-06-18 05:04:40-07:00,NO_QUERY,Ballet_bob,the sun is shine just like me...not !!!!!!! still suffering from the cold,Thursday,0.3272339999675751,0.4540617763996124,0.21870417892932892,Neutral,-0.10852982103824615
0,2221629667,2009-06-18 05:44:08-07:00,NO_QUERY,StaceyWilders,Trying to find a movie to watch..its really hard tp pick,Thursday,0.663480818271637,0.3076130449771881,0.02890612930059433,Negative,-0.6345746889710426
0,2221268728,2009-06-18 05:03:09-07:00,NO_QUERY,mbryantdyan,Another morning in DC traffic,Thursday,0.7202094197273254,0.252427875995636,0.027362745255231857,Negative,-0.6928466744720936
0,2323439212,2009-06-25 00:38:49-07:00,NO_QUERY,JediG16,@user Ur the only person to reply to my tweets Thanks Cat. Ur a sweetheart. Oh and always double down on 11. ;),Thursday,0.005052358377724886,0.015597990714013577,0.979349672794342,Positive,0.9742973144166172
4,2039923154,2009-06-04 23:09:19-07:00,NO_QUERY,AmyHungerford,@user Lol... it's fine No hard feelings,Thursday,0.04758314788341522,0.4534660279750824,0.49895089864730835,Positive,0.4513677507638931
0,2234359517,2009-06-18 22:54:34-07:00,NO_QUERY,newlaboy,@user We didn't even do anything,Thursday,0.48444098234176636,0.476732075214386,0.03882695361971855,Negative,-0.4456140287220478
0,2226581268,2009-06-18 12:07:43-07:00,NO_QUERY,dravenheart,Hubby is on his way to work out at Garmisch. Still have no idea when he'll have another day off.,Thursday,0.09983807802200317,0.8353509902954102,0.06481088697910309,Neutral,-0.035027191042900085
0,2230508534,2009-06-18 17:12:45-07:00,NO_QUERY,fatasskid,"Misses the life of being a dancer, taking 5-6 hours of dance a day, rehearsing and performing ballet",Thursday,0.09769241511821747,0.44968387484550476,0.4526236951351166,Positive,0.3549312800168991
4,1879995135,2009-05-21 23:46:17-07:00,NO_QUERY,kartar,@user comics r us on bourke st in city are good - packed with geeks but well it's a comic book store. They may be shocked to see girls,Thursday,0.06431102007627487,0.36254969239234924,0.5731392502784729,Positive,0.508828230202198
0,2324857771,2009-06-25 04:12:47-07:00,NO_QUERY,Mrc1149,"Was an interesting show tonight and @user seriously, everytime after I just finish a show",Thursday,0.002781846094876528,0.011689091101288795,0.9855291247367859,Positive,0.9827472786419094
0,2233133050,2009-06-18 20:52:53-07:00,NO_QUERY,shoocarlos,Anyone in az wants to let me crash in their room for a night?,Thursday,0.01947597600519657,0.9104628562927246,0.07006114721298218,Neutral,0.050585171207785606
4,1793415398,2009-05-14 02:36:30-07:00,NO_QUERY,Mum_of_Six,"#WhyITweet - because it beats ironing, washing, hoovering, polishing, gardening, and watching the ruddy WONDERPETS",Thursday,0.02131028100848198,0.20539264380931854,0.773297131061554,Positive,0.751986850053072
4,1793503732,2009-05-14 02:56:55-07:00,NO_QUERY,Mondo_Z,@user same here but NO! don't ruin mi hopes! lol i relly wanted tu win that,Thursday,0.6789563298225403,0.24501733481884003,0.07602638006210327,Negative,-0.602929949760437
4,1957112799,2009-05-28 23:33:12-07:00,NO_QUERY,megw99,Repo rate dropped by 100 basis points yesterday. Awesome,Thursday,0.020724419504404068,0.09665375202894211,0.8826218247413635,Positive,0.8618974052369595
0,2226325904,2009-06-18 11:48:51-07:00,NO_QUERY,Ahmaeya,@user yea that works...ughh,Thursday,0.02809007279574871,0.48893386125564575,0.4829760491847992,Neutral,0.4548859763890505
4,1793880172,2009-05-14 04:17:36-07:00,NO_QUERY,stevier,@user Lovely. Wave to my house on your way. You're going to be WAY early!,Thursday,0.002989555709064007,0.014041189104318619,0.9829692840576172,Positive,0.9799797283485532
0,2233535604,2009-06-18 21:30:18-07:00,NO_QUERY,iheartacting,i am seriously craving some pinkberry right now. ohh wait im not in la,Thursday,0.17090819776058197,0.2511157691478729,0.5779760479927063,Positive,0.40706785023212433
0,2233223533,2009-06-18 21:00:54-07:00,NO_QUERY,julie_a,"That photo I just posted, a graveyard, concrete blocks that people live around, kids play on, people take drugs on. People have sex on.",Thursday,0.6762623190879822,0.307788223028183,0.01594948023557663,Negative,-0.6603128388524055
0,2224053728,2009-06-18 09:01:59-07:00,NO_QUERY,Buffyfan76,@user oh you poor thing. I feel for you guys.,Thursday,0.8748166561126709,0.11037261039018631,0.014810693450272083,Negative,-0.8600059626623988
0,2324632234,2009-06-25 03:39:21-07:00,NO_QUERY,DJLORi,"Because of my lack of proper sleep the past 2 weeks, old neck injury kicking in, constant headache, besides dealing with my foot",Thursday,0.8888131380081177,0.10194652527570724,0.00924033485352993,Negative,-0.8795728031545877
4,1794542105,2009-05-14 06:02:44-07:00,NO_QUERY,A1827,@user enjoy your trip!,Thursday,0.004396526142954826,0.02773650735616684,0.9678670167922974,Positive,0.9634704906493425
0,2225360313,2009-06-18 10:37:31-07:00,NO_QUERY,dncenttydnce,@user ughh come over later? I'm terribly lonely,Thursday,0.8747337460517883,0.11470349133014679,0.010562829673290253,Negative,-0.8641709163784981
4,1794869330,2009-05-14 06:43:16-07:00,NO_QUERY,iadiedee,@user yw hun. You put up some good stuff Hope you're good.,Thursday,0.004860885441303253,0.02372046560049057,0.9714186191558838,Positive,0.9665577337145805
4,1793527590,2009-05-14 03:02:10-07:00,NO_QUERY,thripthyn,@user hari just found his dream girl.... finally..... even if she exists in fiction ;),Thursday,0.0018642082577571273,0.045009732246398926,0.9531260132789612,Positive,0.951261805021204
0,2328305067,2009-06-25 09:25:09-07:00,NO_QUERY,Emilycopeland_,camp last night was actually pretty fun. shana hurt her knee again tho. im watching hercules with bren right now. im hungry.!,Thursday,0.011839983984827995,0.09425636380910873,0.8939036130905151,Positive,0.8820636291056871
0,2228639058,2009-06-18 14:41:47-07:00,NO_QUERY,pastorRuss09,Crazy day got work done but computer is sooooooo low now it's a 5 year old MAC &amp; I have been working I have to clean it empty then see,Thursday,0.5338935852050781,0.33342307806015015,0.13268330693244934,Negative,-0.4012102782726288
0,2234754838,2009-06-18 23:41:02-07:00,NO_QUERY,Royboi,fun night!! bedtime for me now....only one more day of vacation,Thursday,0.001677025924436748,0.015688082203269005,0.9826349020004272,Positive,0.9809578760759905
0,1956022444,2009-05-28 21:02:32-07:00,NO_QUERY,jessssecaaaa,Ahhhh i don't like lightning. It scares me,Thursday,0.9208575487136841,0.06912671774625778,0.010015771724283695,Negative,-0.9108417769894004
0,2326798269,2009-06-25 07:31:30-07:00,NO_QUERY,jackiedai,can't sleep. cramps.,Thursday,0.8759616017341614,0.11359450221061707,0.010443811304867268,Negative,-0.8655177904292941
0,2225023073,2009-06-18 10:12:59-07:00,NO_QUERY,raychL,Ugh still no email back.,Thursday,0.9032633900642395,0.0873386412858963,0.00939797330647707,Negative,-0.8938654167577624
4,2039752724,2009-06-04 22:43:05-07:00,NO_QUERY,davidiangray,@user Hi Annie. No need for that ..but thanks,Thursday,0.06805743277072906,0.6075975894927979,0.3243449926376343,Neutral,0.2562875598669052
4,1793462253,2009-05-14 02:47:18-07:00,NO_QUERY,janniahfajardo,@user thNx 4 following my twitter acc.,Thursday,0.005891365464776754,0.2776745855808258,0.7164340615272522,Positive,0.7105426960624754
0,2232981345,2009-06-18 20:40:02-07:00,NO_QUERY,gracebishop,"@user it was really fun! i'm super tired though, the sun drained me we need to hang out again cause i lovvvee youu!",Thursday,0.006746263708919287,0.0151737742125988,0.9780799150466919,Positive,0.9713336513377726
0,2193400987,2009-06-16 08:24:30-07:00,NO_QUERY,uknowulovemeh,"@user Oh, well that's no fun.",Tuesday,0.8998446464538574,0.09109705686569214,0.00905829481780529,Negative,-0.8907863516360521
4,2011972431,2009-06-02 19:51:49-07:00,NO_QUERY,paulabes,toast and fresh papaya for breakfast goodmorning!,Tuesday,0.002094785450026393,0.04613839462399483,0.9517667889595032,Positive,0.9496720035094768
4,2190198427,2009-06-16 02:02:49-07:00,NO_QUERY,hypnophil,@user just give me a call when you are ready to sort it out,Tuesday,0.061757609248161316,0.8373916745185852,0.10085063427686691,Neutral,0.0390930250287056
4,2008559405,2009-06-02 14:18:43-07:00,NO_QUERY,jedijoy,@user heh.. nice. (maybe when they are older you will get big ticket items like a big screen tv or a car),Tuesday,0.004556582309305668,0.09596594423055649,0.899477481842041,Positive,0.8949208995327353
0,2306249808,2009-06-23 22:01:40-07:00,NO_QUERY,carlaaustria,i miss inah ricafooooort,Tuesday,0.5339202880859375,0.29634928703308105,0.16973042488098145,Negative,-0.36418986320495605
4,1932639709,2009-05-26 21:53:26-07:00,NO_QUERY,malusa46,I just had an awesome time with the cutest boy!!!! (my platonic love since I remember),Tuesday,0.0040778955444693565,0.005891215521842241,0.9900308847427368,Positive,0.9859529891982675
4,2002659486,2009-06-02 04:49:58-07:00,NO_QUERY,ashleytrue,[http] My FaV pIc EvEr!!!,Tuesday,0.237634539604187,0.5638597011566162,0.19850575923919678,Neutral,-0.039128780364990234
4,1468179729,2009-04-07 00:08:55-07:00,NO_QUERY,tweetles,"@user All here. Alwys lvly 2 spk w/u Awww If I cld, Id giv u a fut massaj... Awww so sweet. TY YW Heres another (((( @user ))))",Tuesday,0.008316737599670887,0.017325645312666893,0.9743576049804688,Positive,0.9660408673807979
0,2195792011,2009-06-16 11:36:34-07:00,NO_QUERY,keithdsouza,"@user am going on a cruise with a port of landng in canada, so i need visa for that",Tuesday,0.01737849973142147,0.8925459384918213,0.09007561206817627,Neutral,0.0726971123367548
4,1468472346,2009-04-07 01:52:50-07:00,NO_QUERY,Sally_E,@user yaaaaayyy... you got a crumpler bag can you take a pic and post?,Tuesday,0.0022745905444025993,0.13230206072330475,0.865423321723938,Positive,0.8631487311795354
0,2299129175,2009-06-23 12:32:17-07:00,NO_QUERY,HollyPickup,I don't know what to do now schools over.,Tuesday,0.8515388369560242,0.13890689611434937,0.009554233402013779,Negative,-0.8419846035540104
0,2196893562,2009-06-16 13:04:10-07:00,NO_QUERY,printgirl08,@user @user or electronics... PC,Tuesday,0.017006395384669304,0.929989218711853,0.05300428718328476,Neutral,0.035997891798615456
0,2192938188,2009-06-16 07:46:05-07:00,NO_QUERY,samjacklover,WTH! im not getting twitter text update. im &quot;on&quot; but nothing coming.,Tuesday,0.9093326330184937,0.08106119930744171,0.009606114588677883,Negative,-0.8997265184298158
4,2190937532,2009-06-16 04:07:23-07:00,NO_QUERY,thisreal4ever,I REALLY hope I'm in a better mood at work today than I was yesterday. Some Counting Crows to start the day should help,Tuesday,0.0199255533516407,0.06976846605539322,0.9103059768676758,Positive,0.8903804235160351
0,1469124972,2009-04-07 05:18:03-07:00,NO_QUERY,kingobron,I think I have a fever. iDie. Don't know if I'll be able to make it to class. BOO!,Tuesday,0.910793662071228,0.0789845734834671,0.010221841745078564,Negative,-0.9005718203261495
4,1469504615,2009-04-07 06:35:02-07:00,NO_QUERY,gulfstream5,@user You should come out here and visit! We have plenty of sunshine!! I hope all is going well!,Tuesday,0.0025597603525966406,0.014217434450984001,0.9832227826118469,Positive,0.9806630222592503
0,2196361255,2009-06-16 12:22:15-07:00,NO_QUERY,amarita77,@user Wish I could! Too bad it's so far.,Tuesday,0.8707170486450195,0.10603800415992737,0.023244967684149742,Negative,-0.8474720809608698
0,2295896320,2009-06-23 08:30:44-07:00,NO_QUERY,aassshhhh,eugh stupid hayfever..my ears are so sore right now,Tuesday,0.9567959308624268,0.03664533421397209,0.00655868137255311,Negative,-0.9502372494898736
0,2296178409,2009-06-23 08:51:48-07:00,NO_QUERY,chris_leung,"@user I bought it in Shanghai, but it's a US version. Haven't checked out Air Sharing, no.. I will take a look.",Tuesday,0.057045187801122665,0.8642975091934204,0.07865728437900543,Neutral,0.021612096577882767
0,2202838451,2009-06-16 22:30:40-07:00,NO_QUERY,marcusjunus,just finished gran torino poor old man,Tuesday,0.8774641156196594,0.1134011447429657,0.009134630672633648,Negative,-0.8683294849470258
0,2193621020,2009-06-16 08:42:21-07:00,NO_QUERY,kmac0306,ah! too much to do - the day is slipping away from me. I have to be at work to work OT soon I have time for a good run and then I'm off,Tuesday,0.5251968502998352,0.3216908872127533,0.1531122475862503,Negative,-0.3720846027135849
4,2002264393,2009-06-02 03:41:15-07:00,NO_QUERY,daniBELLE09,Up already? I'm mad I'm faithfully using TWITTER with only 2 followers.. LOL guess its like my own personal diary..,Tuesday,0.7405824065208435,0.213443323969841,0.045974183827638626,Negative,-0.6946082226932049
0,2194606535,2009-06-16 10:01:14-07:00,NO_QUERY,cloverdash,@user â¦cont) fixture list MUST behave. Sorry about your day Hope it improved some. x,Tuesday,0.12502217292785645,0.4158932864665985,0.45908451080322266,Positive,0.3340623378753662
0,2004396798,2009-06-02 08:08:15-07:00,NO_QUERY,punkrockjosh,Fiesta Texas today! Â¡OlÃ©! First I gots to do some yard work though,Tuesday,0.010031103156507015,0.4828602373600006,0.5071086287498474,Positive,0.4970775255933404
0,2190671404,2009-06-16 03:23:58-07:00,NO_QUERY,gisellenguyen,@user But...but...but...I thought I was Bangkok Betty or was it Saigon Sally? Either way...,Tuesday,0.17403477430343628,0.7816544771194458,0.0443107970058918,Neutral,-0.12972397729754448
4,2005308973,2009-06-02 09:30:42-07:00,NO_QUERY,mahniiika,"@user haha hey ! Yes, im getting ready right now. see you in a bit boo.",Tuesday,0.0018364757997915149,0.07775431871414185,0.9204092621803284,Positive,0.9185727863805369
0,2189643527,2009-06-16 00:32:02-07:00,NO_QUERY,leeza_CREE,HELLO KITTYYYYYYYYY edition @ glasskat &amp; free hookah this thursday. Someone take me!!,Tuesday,0.0039502354338765144,0.07312672585248947,0.9229230284690857,Positive,0.9189727930352092
4,2190923873,2009-06-16 04:05:18-07:00,NO_QUERY,flimbumDarling,"Finished eating, and download YouTube vids to put in my iPod haha gonna go record FFF vid later",Tuesday,0.0023538456298410892,0.2421523481607437,0.7554938793182373,Positive,0.7531400336883962
4,2007242618,2009-06-02 12:21:30-07:00,NO_QUERY,yellc,so stoked my movie just got here!!,Tuesday,0.003213035874068737,0.007468292489647865,0.9893186688423157,Positive,0.9861056329682469
4,1933200554,2009-05-26 23:15:33-07:00,NO_QUERY,lazyoaaf,gskank and zack singing journey.,Tuesday,0.008940436877310276,0.8726298213005066,0.11842965334653854,Neutral,0.10948921646922827
4,1469221588,2009-04-07 05:39:39-07:00,NO_QUERY,jarrodmilani,has been riding scooters across Ko Chang all day! Tomorrow scooters will be replaced by elephants!,Tuesday,0.10399067401885986,0.677827000617981,0.2181822955608368,Neutral,0.11419162154197693
4,2003443572,2009-06-02 06:32:35-07:00,NO_QUERY,ENeels,Waiting to go to breakfast then going out to the beach!! I love vacation,Tuesday,0.0023048515431582928,0.017355185002088547,0.9803399443626404,Positive,0.9780350928194821
4,1468209087,2009-04-07 00:18:35-07:00,NO_QUERY,fiftytwogypsies,"All going according to plan. ...Oh, joy",Tuesday,0.003330808598548174,0.024889595806598663,0.9717795252799988,Positive,0.9684487166814506
0,2194016103,2009-06-16 09:13:56-07:00,NO_QUERY,hyss1,Missed the 8.20 bottom in $PCX by .01.,Tuesday,0.5527932047843933,0.4187130928039551,0.028493665158748627,Negative,-0.5242995396256447
4,2192579841,2009-06-16 07:14:50-07:00,NO_QUERY,AmeCosmetics,@user I hope to come by and hear you tonight at Posh. Maybe we can actually meet afterwards Good Luck!,Tuesday,0.0016638821689411998,0.027536049485206604,0.9708001017570496,Positive,0.9691362195881084
4,2002512524,2009-06-02 04:25:47-07:00,NO_QUERY,Sailoroli,Bon aprem les Gus [http],Tuesday,0.07214536517858505,0.8611573576927185,0.06669729948043823,Neutral,-0.00544806569814682
0,2301566076,2009-06-23 15:36:47-07:00,NO_QUERY,BecksW3,is a retard for ever thinking she had a chance,Tuesday,0.9207231402397156,0.07148484140634537,0.0077920411713421345,Negative,-0.9129310990683734
4,2190870897,2009-06-16 03:57:15-07:00,NO_QUERY,LiluYvett,@user Are you here?,Tuesday,0.012855331413447857,0.9471237659454346,0.040020816028118134,Neutral,0.027165484614670277
0,2198583260,2009-06-16 16:16:49-07:00,NO_QUERY,Richie_angel,@user i want chips too haha,Tuesday,0.008125514723360538,0.26452207565307617,0.7273523807525635,Positive,0.7192268660292029
4,2013877871,2009-06-02 23:49:42-07:00,NO_QUERY,DougiLawson,@user you got it,Tuesday,0.016360314562916756,0.46212655305862427,0.5215131640434265,Positive,0.5051528494805098
4,1470012478,2009-04-07 08:05:13-07:00,NO_QUERY,kylerodgers,"At least i'm going to get a nice tan in this office Well, one side of me is.",Tuesday,0.024370310828089714,0.15494883060455322,0.8206809163093567,Positive,0.796310605481267
0,2002924598,2009-06-02 05:29:28-07:00,NO_QUERY,cocktailrioteer,And I lost so much followers overnight. That's... pretty interesting. Say not even TweetDiff is working for me.,Tuesday,0.8414780497550964,0.13266299664974213,0.025858957320451736,Negative,-0.8156190924346447
0,2189462226,2009-06-16 00:05:11-07:00,NO_QUERY,g0girl,"i want icecream, but it hurts muh toof!",Tuesday,0.8975648880004883,0.09007526189088821,0.012359832413494587,Negative,-0.8852050555869937
4,1573684487,2009-04-21 02:21:09-07:00,NO_QUERY,fabnfrugal,Nothn' more fab than free ice cream @user Free cone day at Ben &amp; Jerry's - [http],Tuesday,0.0016226897714659572,0.009634779766201973,0.988742470741272,Positive,0.987119780969806
4,2190632321,2009-06-16 03:17:12-07:00,NO_QUERY,evolvedesigns,"@user 30,795 followers wow last time i sore it was 6000 if i could rem #Squarespace...Congrats",Tuesday,0.007355272304266691,0.05899566039443016,0.9336490631103516,Positive,0.9262937908060849
0,2189473559,2009-06-16 00:06:47-07:00,NO_QUERY,handler,"@user Thanks for the brain fart post; I hope Apple adopts the idea. @user SF has been broken for 5 days, in specific.",Tuesday,0.47115761041641235,0.3220806419849396,0.20676177740097046,Negative,-0.2643958330154419
0,2296559653,2009-06-23 09:20:01-07:00,NO_QUERY,Trisylow,I'm actually dying without my laptop. Why is HP holding it hostage.,Tuesday,0.9293699860572815,0.06073902174830437,0.009890945628285408,Negative,-0.9194790404289961
0,2197675039,2009-06-16 14:58:41-07:00,NO_QUERY,flyingbabies,"I wish i didnt have to grow up, why cant snes stay as fresh as it once was",Tuesday,0.8680378198623657,0.12020989507436752,0.011752309277653694,Negative,-0.856285510584712
0,2003276373,2009-06-02 06:13:53-07:00,NO_QUERY,crewzta,@user You needed to tweet this yesterday,Tuesday,0.1617356687784195,0.7308055758476257,0.10745882242918015,Neutral,-0.05427684634923935
4,2002201589,2009-06-02 03:29:03-07:00,NO_QUERY,kerrystella,"sunsunsun english exam was harder than I thought, then again it was the comprehension which I thought was on thursday, so. (:",Tuesday,0.7667922377586365,0.21292142570018768,0.02028632164001465,Negative,-0.7465059161186218
0,2198371041,2009-06-16 15:59:12-07:00,NO_QUERY,gingerw,"I had a nice nap on the plane, sadly not off the runway yet in Chicago. Rain delays which means no #techkaraokesf tonight",Tuesday,0.7663916945457458,0.19973698258399963,0.03387122601270676,Negative,-0.7325204685330391
0,2190303126,2009-06-16 02:20:29-07:00,NO_QUERY,Pascalia,Freakin blisters make me so uncomfortable..,Tuesday,0.9386708736419678,0.0534764789044857,0.007852625101804733,Negative,-0.930818248540163
4,2192539271,2009-06-16 07:11:12-07:00,NO_QUERY,chictots,@user thanks for your support,Tuesday,0.004640729166567326,0.04369533434510231,0.9516639113426208,Positive,0.9470231821760535
0,2189724214,2009-06-16 00:44:42-07:00,NO_QUERY,MelFresh27,@user Nah I did volunteer work today! I do it every Tuesday. I haven't heard from the other one yet!,Tuesday,0.10800262540578842,0.801589846611023,0.09040748327970505,Neutral,-0.017595142126083374
0,2196336068,2009-06-16 12:20:13-07:00,NO_QUERY,CandiB19,#iremember when I hit @user car afterschool....sorry babes,Tuesday,0.6419713497161865,0.3260444700717926,0.031984176486730576,Negative,-0.609987173229456
0,2302226860,2009-06-23 16:30:45-07:00,NO_QUERY,Alessandra5010,Is going to be in a murderous rage if she can't talk her dad into Transformers 2 tomorrow!!!,Tuesday,0.7866073250770569,0.1730005145072937,0.04039208963513374,Negative,-0.7462152354419231
0,2196581393,2009-06-16 12:39:43-07:00,NO_QUERY,ThiagoAcquaviva,@user YEAH! it seems like it never ends lol. it suxs,Tuesday,0.2736152708530426,0.24167262017726898,0.4847120940685272,Positive,0.21109682321548462
4,2002350250,2009-06-02 03:57:29-07:00,NO_QUERY,FreakyGiraffe,"is going to sit outside in the sunshine with a guitar, should be nice, just to strum away... Can't wait....",Tuesday,0.0020936629734933376,0.01882043108344078,0.9790858626365662,Positive,0.9769921996630728
4,1468517027,2009-04-07 02:09:10-07:00,NO_QUERY,carriee93,@user omg i cry every time too! the first time i saw it i literally had tears running down my face. how embarrassing,Tuesday,0.9208098649978638,0.06636873632669449,0.012821477837860584,Negative,-0.9079883871600032
4,2190206877,2009-06-16 02:04:17-07:00,NO_QUERY,Saeekeskar,"A day well ernd. 1 Hr Gym,long lab session,one bolg post and cooked black eyed bean soup for a fullstop!",Tuesday,0.006330566946417093,0.1608477085828781,0.8328216671943665,Positive,0.8264911002479494
0,2203322399,2009-06-16 23:29:16-07:00,NO_QUERY,EricPincus,had to pause to help bathe the daughters - i got to wash their hair tonight - usually @user does that but the baby is sick,Tuesday,0.4983050525188446,0.432926744222641,0.06876814365386963,Negative,-0.429536908864975
0,1468490308,2009-04-07 01:59:45-07:00,NO_QUERY,aaleeecccc,the maine- please out me to sleep! i have tests in the morning!,Tuesday,0.34066343307495117,0.5335895419120789,0.125746950507164,Neutral,-0.21491648256778717
0,1932686838,2009-05-26 21:59:46-07:00,NO_QUERY,lizzledelacruz,"@user lol they're for betty's! I didn't hide them! if anything, Omar did! lol. They're sold out now tho",Tuesday,0.04537920653820038,0.5884191989898682,0.36620160937309265,Neutral,0.3208224028348923
4,2009366412,2009-06-02 15:34:39-07:00,NO_QUERY,DarkPiano,@user Haha right!,Tuesday,0.01769223064184189,0.1389935463666916,0.8433141708374023,Positive,0.8256219401955605
0,2012971322,2009-06-02 21:39:03-07:00,NO_QUERY,arniepuff,wow i just watched the MTV movie awards on there website. poor Rob during the kiss i hope that was all intentional,Tuesday,0.7444624900817871,0.2244710773229599,0.03106635808944702,Negative,-0.7133961319923401
4,2013593522,2009-06-02 23:03:42-07:00,NO_QUERY,Lauren_Loves_,Loves when my Mom gives me IM kisses,Tuesday,0.0101555697619915,0.050105948001146317,0.9397384524345398,Positive,0.9295828826725483
0,2013858669,2009-06-02 23:46:26-07:00,NO_QUERY,KerryJeal,I just woke up to some lovely sun and a cup of tea my iPod won't hold my headphones and I'm on twitter....ADDICT!!,Tuesday,0.006723560858517885,0.03564407303929329,0.9576324224472046,Positive,0.9509088615886867
0,2001643631,2009-06-02 01:34:29-07:00,NO_QUERY,HannahxCx,i dont get it *the coursework*,Tuesday,0.8297685980796814,0.16151262819766998,0.008718793280422688,Negative,-0.8210498047992587
0,1932412934,2009-05-26 21:25:03-07:00,NO_QUERY,ashleeadams,Big Cat Diary is a very sad show,Tuesday,0.9219042062759399,0.0703689232468605,0.007726908195763826,Negative,-0.9141772980801761
4,2192812873,2009-06-16 07:35:10-07:00,NO_QUERY,cmxiv,special birthday tomorrow,Tuesday,0.006967773195356131,0.2854728400707245,0.7075594067573547,Positive,0.7005916335619986
4,2008967612,2009-06-02 14:56:32-07:00,NO_QUERY,Jenspaznasty,"@user [http] - thats the same exact spot, where i dropped off my gramps so he could go bk to boston dfw ...",Tuesday,0.03117702715098858,0.9087741374969482,0.06004886329174042,Neutral,0.02887183614075184
0,2003281988,2009-06-02 06:14:32-07:00,NO_QUERY,Fredrikkk,bah... World Lit,Tuesday,0.0038584256544709206,0.06126333028078079,0.9348782300949097,Positive,0.9310198044404387
0,2011568244,2009-06-02 19:13:24-07:00,NO_QUERY,ThatWhisperKiss,"...and the sweet guys I do meet, things turn out bad.",Tuesday,0.8723967671394348,0.11809053272008896,0.009512685239315033,Negative,-0.8628840819001198
4,2002942390,2009-06-02 05:31:52-07:00,NO_QUERY,8sneezes1orgasm,"@user Been there, done that. Haha, I got to give Caleb a smooch",Tuesday,0.028897307813167572,0.19868376851081848,0.7724188566207886,Positive,0.743521548807621
0,2013295048,2009-06-02 22:20:21-07:00,NO_QUERY,sachz,"@user Unfortunately, I'm the one people come to for answers. I have no one",Tuesday,0.8925595283508301,0.10155456513166428,0.005885877646505833,Negative,-0.8866736507043242
4,1468836312,2009-04-07 03:59:25-07:00,NO_QUERY,jackiesworld,our cats love the sun. they're lying on the floor and having a sunbath,Tuesday,0.00504667405039072,0.0321151465177536,0.9628381729125977,Positive,0.9577914988622069
4,2013913770,2009-06-02 23:55:55-07:00,NO_QUERY,DudleyOH,Tv on the radio is the shit!,Tuesday,0.9424271583557129,0.050277337431907654,0.007295524701476097,Negative,-0.9351316336542368
4,2012651563,2009-06-02 21:02:21-07:00,NO_QUERY,nikkilee124,@user haha is it lolol were are you s&amp;e aii alice is a bitch ha jkz xo &lt;3 ya's,Tuesday,0.26594778895378113,0.3919559419155121,0.3420962691307068,Neutral,0.07614848017692566
0,2203473112,2009-06-16 23:49:07-07:00,NO_QUERY,nscafe,I did not know about this. // [http] // &quot;Reed Exhibitions Closes BookExpo Canada&quot; // I must not have been paying attn.,Tuesday,0.6656597256660461,0.32339173555374146,0.010948550887405872,Negative,-0.6547111747786403
0,2200072578,2009-06-16 18:24:03-07:00,NO_QUERY,ShePre22y,@user I wish l could join but I'm n ny,Tuesday,0.24403424561023712,0.5892646908760071,0.1667010486125946,Neutral,-0.07733319699764252
4,1932772741,2009-05-26 22:11:07-07:00,NO_QUERY,asxofxlately,Looking forward to the comedy show on @user tonight,Tuesday,0.0015832531498745084,0.021175293251872063,0.9772413969039917,Positive,0.9756581437541172
0,2298510553,2009-06-23 11:46:07-07:00,NO_QUERY,sqidz,Is In A Mood Grrr Hate Perants,Tuesday,0.9268640279769897,0.06222822144627571,0.010907771997153759,Negative,-0.915956255979836
0,2297114865,2009-06-23 10:02:45-07:00,NO_QUERY,doeboyphilly,I'm doin a show august 15th in chicago but I wanna be there for the &quot;Taste Of Chicago&quot; this weekend,Tuesday,0.012244322337210178,0.6083569526672363,0.37939873337745667,Neutral,0.3671544110402465
0,2012796095,2009-06-02 21:18:13-07:00,NO_QUERY,raemoe,spa timez canceled. it's hug your bff day everyone. &lt;3,Tuesday,0.09338459372520447,0.3423024117946625,0.5643129944801331,Positive,0.4709284007549286
0,2007001831,2009-06-02 12:00:06-07:00,NO_QUERY,ryantastico,saaadd.. my grandma doesn't read the message and she pick me up from pauli's house 3 hours before!! really sad,Tuesday,0.8949024677276611,0.0999496728181839,0.005147838033735752,Negative,-0.8897546296939254
4,2003110592,2009-06-02 05:54:04-07:00,NO_QUERY,indahooood,@user Fashoo! We'll try out best to make it. We really wanna support you guys,Tuesday,0.003176666097715497,0.022620584815740585,0.9742028117179871,Positive,0.9710261456202716
4,1468611692,2009-04-07 02:43:28-07:00,NO_QUERY,friendlyhands,Jingle bells - jingle bells - jingle all the way,Tuesday,0.007777390070259571,0.24289318919181824,0.7493294477462769,Positive,0.7415520576760173
0,2297081496,2009-06-23 10:00:16-07:00,NO_QUERY,tre_mania,Going to a periodontist appt.,Tuesday,0.03177833929657936,0.839697539806366,0.1285240799188614,Neutral,0.09674574062228203
4,2193478782,2009-06-16 08:30:48-07:00,NO_QUERY,MilanTeh,@user The count would lead to shutter death~ Every shutter unit has it's &quot;life span&quot;,Tuesday,0.6420840620994568,0.3337118923664093,0.024204017594456673,Negative,-0.6178800445050001
0,1470101207,2009-04-07 08:21:02-07:00,NO_QUERY,QuelaRenee,@user wish I could view it on my phone,Tuesday,0.0814812034368515,0.6754553914070129,0.24306347966194153,Neutral,0.16158227622509003
0,2001723591,2009-06-02 01:51:09-07:00,NO_QUERY,ADelV,im not feeling well at all !,Tuesday,0.8993625640869141,0.08680994808673859,0.013827446848154068,Negative,-0.88553511723876
0,2198799615,2009-06-16 16:35:17-07:00,NO_QUERY,chelalala,"@user Oh, I don't like their new album.",Tuesday,0.9255861043930054,0.06690102815628052,0.007512843236327171,Negative,-0.9180732611566782
4,2193370294,2009-06-16 08:21:56-07:00,NO_QUERY,gypsytrading,Simple Stunning~ portion of proceeds go to St. Judes [http],Tuesday,0.0031226598657667637,0.10400985926389694,0.8928675055503845,Positive,0.8897448456846178
4,2002105551,2009-06-02 03:09:40-07:00,NO_QUERY,aerobic247,@user I can swing my handbag with the best of them!,Tuesday,0.018878530710935593,0.1560588777065277,0.82506263256073,Positive,0.8061841018497944
4,2011929928,2009-06-02 19:47:45-07:00,NO_QUERY,musicjunky82,bored...what to do.. @user i think for sure u and brandy should do a duet it would go straight to number 1,Tuesday,0.08359455317258835,0.5565327405929565,0.3598726987838745,Neutral,0.27627814561128616
4,2192861399,2009-06-16 07:39:29-07:00,NO_QUERY,reneboden,basking in the sunshine with a great cup of coffee Life is fantastic!!,Tuesday,0.002694682450965047,0.008689492009580135,0.9886158108711243,Positive,0.9859211284201592
0,2190925385,2009-06-16 04:05:31-07:00,NO_QUERY,rachelgirl5,Soooooo drunk....this means 1255 hrs aty the gym.. I could throw up,Tuesday,0.8421977758407593,0.12688708305358887,0.03091517649590969,Negative,-0.8112825993448496
0,2003497182,2009-06-02 06:38:28-07:00,NO_QUERY,loletc,My head what happen to people? They're mad without a reason.,Tuesday,0.9235424399375916,0.07106165587902069,0.005395870190113783,Negative,-0.9181465697474778
0,2190233214,2009-06-16 02:08:42-07:00,NO_QUERY,MashyMashMash,omg none of my txt messages are going up,Tuesday,0.6744017601013184,0.3028813302516937,0.02271689660847187,Negative,-0.6516848634928465
4,1468253380,2009-04-07 00:33:45-07:00,NO_QUERY,clayofthepotter,"working, tweeting, facebooking and enjoying a raspberry mocha latte",Tuesday,0.013982267118990421,0.4532836079597473,0.5327341556549072,Positive,0.5187518885359168
0,2298326380,2009-06-23 11:32:17-07:00,NO_QUERY,addieKY,@user sadly no. If a yeti and Mick Jagger had a lovechild it would be this guy. haha this has not been my week,Tuesday,0.7734150290489197,0.19381248950958252,0.03277243673801422,Negative,-0.7406425923109055
4,2013329081,2009-06-02 22:25:05-07:00,NO_QUERY,cassiemayluvs,@user ooo are you going on tour too??? Possibly with Mitchel Musso?? I would love to see you on tour!!! So would my nieces!!,Tuesday,0.001567466533742845,0.018904972821474075,0.9795275330543518,Positive,0.977960066520609
4,2189605374,2009-06-16 00:26:19-07:00,NO_QUERY,thelogicalguess,"@user O.K. Get the proof I got one with colours, and I will really get a coloured one....sorry again for horrible English!!",Tuesday,0.30659276247024536,0.4245598018169403,0.26884740591049194,Neutral,-0.03774535655975342
4,2011036822,2009-06-02 18:22:32-07:00,NO_QUERY,luvgirl_4u,need some sweets,Tuesday,0.1535632610321045,0.5920852422714233,0.2543514668941498,Neutral,0.10078820586204529
4,1573458997,2009-04-21 01:16:04-07:00,NO_QUERY,Caity2709,i have nothing to twitter about listening to Taylor Swift xx,Tuesday,0.04010935127735138,0.5475155711174011,0.4123750329017639,Neutral,0.37226568162441254
0,2191445710,2009-06-16 05:17:29-07:00,NO_QUERY,rmgmt2001,"is wishing I were on the highway heading to the beach...but, alas...back at the office",Tuesday,0.3549341559410095,0.5575590133666992,0.08750686049461365,Neutral,-0.2674272954463959
0,2189907749,2009-06-16 01:13:45-07:00,NO_QUERY,CreenaP,[http] - My dear cousin,Tuesday,0.02996979095041752,0.846977710723877,0.12305251508951187,Neutral,0.09308272413909435
4,2189496399,2009-06-16 00:10:07-07:00,NO_QUERY,vYanko,@user you had to mark these locations in TripIt,Tuesday,0.03307397663593292,0.9105024933815002,0.05642347037792206,Neutral,0.023349493741989136
0,2202278969,2009-06-16 21:31:43-07:00,NO_QUERY,ffalias,is 3.0 out yet? or is it gonna release based on pacific time?,Tuesday,0.013766546733677387,0.9561040997505188,0.03012929856777191,Neutral,0.016362751834094524
0,2003245214,2009-06-02 06:10:10-07:00,NO_QUERY,stormi_weather,I'm at work what are you up to leah,Tuesday,0.04192281514406204,0.8466315865516663,0.11144557595252991,Neutral,0.06952276080846786
0,2191610738,2009-06-16 05:37:48-07:00,NO_QUERY,tommsinclair,Well my love affair with my first mighty mouse didn't last too long. 5months in and the scroll's knackered only goes downwards.Bad times!,Tuesday,0.8488415479660034,0.11652415245771408,0.03463437035679817,Negative,-0.8142071776092052
4,2192144236,2009-06-16 06:34:49-07:00,NO_QUERY,ChrisAGriffin,@user ROFL! Thanks! I needed that today. Have a great day Deb!,Tuesday,0.004100860562175512,0.009057598188519478,0.9868415594100952,Positive,0.9827406988479197
4,2002559680,2009-06-02 04:33:39-07:00,NO_QUERY,alibruin569,is going to the movies with steph. sunshine cleaning or lymelife ? we'll seeee,Tuesday,0.011100425384938717,0.8560289740562439,0.13287055492401123,Neutral,0.12177012953907251
0,2002176407,2009-06-02 03:23:59-07:00,NO_QUERY,sundress,@user I would so be there if my car wasn't broken.,Tuesday,0.41145503520965576,0.4203116297721863,0.16823327541351318,Neutral,-0.24322175979614258
0,2002388857,2009-06-02 04:04:03-07:00,NO_QUERY,Smoph,"Honest to goodness, I would love someone to come and look after me today.",Tuesday,0.2931942343711853,0.24920891225337982,0.45759689807891846,Positive,0.16440266370773315
0,2002835488,2009-06-02 05:16:41-07:00,NO_QUERY,FashionBitch_,"Leggings = Last year's solution, this year's problem. Dear GOD, I am LIVING in something with an elasticised waist... a new low",Tuesday,0.6031876802444458,0.2593207359313965,0.1374916285276413,Negative,-0.4656960517168045
0,2010572247,2009-06-02 17:36:27-07:00,NO_QUERY,cyberjunkiecat,Late night still at work virus issue hogging resources,Tuesday,0.7614307403564453,0.2230876088142395,0.015481704846024513,Negative,-0.7459490355104208
0,1468684547,2009-04-07 03:09:13-07:00,NO_QUERY,victoria_tweed,@user I've ordered that special 7inch set thingy from that place online (I'm so forgetful) but it's still not here i want iiiit,Tuesday,0.8159987926483154,0.1620223969221115,0.021978864446282387,Negative,-0.794019928202033
0,2191564782,2009-06-16 05:32:14-07:00,NO_QUERY,semilogical,"The postman came and yet again, no headphones! All I want is some decent sound in my lugs, maybe tomorrow, probably not",Tuesday,0.8859909176826477,0.09592854976654053,0.01808057725429535,Negative,-0.8679103404283524
0,1933109399,2009-05-26 23:01:17-07:00,NO_QUERY,twbrit,IIt's 7am here in Blighty and I've been hacking away in Photoshop for two hours trying sort out a blog article,Tuesday,0.3658342957496643,0.5035370588302612,0.1306285858154297,Neutral,-0.23520570993423462
0,2300807515,2009-06-23 14:37:04-07:00,NO_QUERY,HomicideArianne,I'm very sad now,Tuesday,0.8674671649932861,0.11633208394050598,0.016200795769691467,Negative,-0.8512663692235947
0,2194634368,2009-06-16 10:03:26-07:00,NO_QUERY,ToriSheets,Grounded forever,Tuesday,0.05879099667072296,0.5892160534858704,0.35199299454689026,Neutral,0.2932019978761673
0,2301234159,2009-06-23 15:10:23-07:00,NO_QUERY,HeyRussell,"Hella good weather, but I'ma waste this day at home again",Tuesday,0.3698231279850006,0.2821407914161682,0.3480360507965088,Negative,-0.02178707718849182
0,2191746800,2009-06-16 05:53:45-07:00,NO_QUERY,lukaswinn,Just found out that @user's concert at ICA in September is Sold Out. Pissed. Now I gotta wait until Apr 2010 b4 she in London,Tuesday,0.8773908019065857,0.11338169127702713,0.009227531962096691,Negative,-0.868163269944489
0,2194458788,2009-06-16 09:49:23-07:00,NO_QUERY,mich_thatcher,has a bad tummy ache and is being sick....nooooo,Tuesday,0.9223421812057495,0.07063055783510208,0.007027188781648874,Negative,-0.9153149924241006
0,1573268615,2009-04-21 00:24:53-07:00,NO_QUERY,Chris_CA,"Back to college, no fun",Tuesday,0.9019043445587158,0.08470205217599869,0.013393606059253216,Negative,-0.8885107384994626
0,2196539702,2009-06-16 12:36:21-07:00,NO_QUERY,Elephunk87,i'm watching tv now... mascerade XD i love katy perry... but i can't see her @ the southside festival,Tuesday,0.10300936549901962,0.2500568926334381,0.6469336748123169,Positive,0.5439243093132973
0,2193500464,2009-06-16 08:32:33-07:00,NO_QUERY,juliarox88,"still waking up, man I wish I could drink coffee",Tuesday,0.6037506461143494,0.2983204424381256,0.09792892634868622,Negative,-0.5058217197656631
4,2007561014,2009-06-02 12:49:15-07:00,NO_QUERY,julieshort,English &amp; Geography 2day - went well - no scares! Phew Relaxing listening 2 Classic FM &amp; the birds outside the window. OH &amp; dog sleeping!,Tuesday,0.004012800753116608,0.04100780934095383,0.954979419708252,Positive,0.9509666189551353
4,2190127275,2009-06-16 01:50:44-07:00,NO_QUERY,Edlavery,HAVE to write tonight. Gotta keep the river flowing,Tuesday,0.028923776000738144,0.6223698258399963,0.3487063944339752,Neutral,0.3197826184332371
0,2190378427,2009-06-16 02:33:29-07:00,NO_QUERY,bhmc,finished my piece of work but now have another one to do,Tuesday,0.02286561205983162,0.6666287779808044,0.31050562858581543,Neutral,0.2876400165259838
0,2302223156,2009-06-23 16:30:28-07:00,NO_QUERY,shellybananas,Holy shit it's hot in el cajon right now. Fml for moving back over here haha,Tuesday,0.7263182401657104,0.17940999567508698,0.09427174925804138,Negative,-0.6320464909076691
0,2191395472,2009-06-16 05:11:05-07:00,NO_QUERY,Rorawks,can it be friday yet? one more week as a records manager,Tuesday,0.04896039888262749,0.48655110597610474,0.46448856592178345,Neutral,0.41552816703915596
0,2196406541,2009-06-16 12:25:52-07:00,NO_QUERY,richardcaddick,Very sad to be saying goodbye to Katharine's MINI,Tuesday,0.8711968660354614,0.11628775298595428,0.012515418231487274,Negative,-0.8586814478039742
4,2013578915,2009-06-02 23:01:32-07:00,NO_QUERY,dxallydx,Hillsong United concert was awesome at NJ! Especially with my brothers from small group,Tuesday,0.002008858136832714,0.010349095799028873,0.9876420497894287,Positive,0.985633191652596
0,1932524230,2009-05-26 21:38:39-07:00,NO_QUERY,sorcerorvoid,It seems emily's mom doesn't want to talk to me *sigh* there went the only friend I had,Tuesday,0.8864521384239197,0.10648533701896667,0.007062574382871389,Negative,-0.8793895640410483
0,1573564374,2009-04-21 01:46:25-07:00,NO_QUERY,SamSeriously,@user I know that feeling,Tuesday,0.5322248935699463,0.38216540217399597,0.08560971170663834,Negative,-0.44661518186330795
0,2190660141,2009-06-16 03:22:02-07:00,NO_QUERY,simonech,@user too bad in most professions this is not true nowadays,Tuesday,0.8077212572097778,0.1815887838602066,0.010690010152757168,Negative,-0.7970312470570207
0,2003193947,2009-06-02 06:04:05-07:00,NO_QUERY,malucia93,"@user brighton is also beautiful and sunny,but im stuck indoors all day at work",Tuesday,0.09308550506830215,0.2481546401977539,0.6587598323822021,Positive,0.5656743273139
0,2297939583,2009-06-23 11:03:36-07:00,NO_QUERY,Danbow14,"it is 93 degrees out and I have a game later,",Tuesday,0.32076945900917053,0.5360047221183777,0.14322586357593536,Neutral,-0.17754359543323517
0,2202047959,2009-06-16 21:09:40-07:00,NO_QUERY,spikemaniac,@user how very considerate of you. noncaringperson.,Tuesday,0.35861936211586,0.35982146859169006,0.28155916929244995,Neutral,-0.07706019282341003
0,2190170843,2009-06-16 01:58:23-07:00,NO_QUERY,garyandrews,"@user Yeah, would have been a nice easy trip for me. Midweek fixture means I'm unlikely to make a home tie",Tuesday,0.07930105179548264,0.43351811170578003,0.48718076944351196,Positive,0.4078797176480293
4,2190951464,2009-06-16 04:09:33-07:00,NO_QUERY,chloe_hew,Back from my bike ride,Tuesday,0.012082946486771107,0.49099740386009216,0.4969196617603302,Positive,0.4848367152735591
0,2192592236,2009-06-16 07:15:55-07:00,NO_QUERY,DebrasATeam,teaching an 8 year how to say &quot;good-bye&quot; to his best friend,Tuesday,0.23370307683944702,0.6917573809623718,0.07453952729701996,Neutral,-0.15916354954242706
0,2013566289,2009-06-02 22:59:53-07:00,NO_QUERY,saraxo_,Earth 2100. . .wow! wish I saw the whole thing,Tuesday,0.20339541137218475,0.3149685561656952,0.4816359877586365,Positive,0.2782405763864517
0,2013464928,2009-06-02 22:44:29-07:00,NO_QUERY,_sofakingcool,@user Ugh that sucks!!! &lt;222,Tuesday,0.9256492853164673,0.06413225084543228,0.010218426585197449,Negative,-0.9154308587312698
4,2190654151,2009-06-16 03:21:00-07:00,NO_QUERY,desireegrace,"Nonetheless, I still love the rain.",Tuesday,0.004422734025865793,0.018013576045632362,0.9775636792182922,Positive,0.9731409451924264
4,1932954438,2009-05-26 22:37:21-07:00,NO_QUERY,MerleChloe,@user Thanks for trying! @user tweeted that the stream wasn't strong enough.Appreciate your trying.,Tuesday,0.10163978487253189,0.3142692744731903,0.5840909481048584,Positive,0.4824511632323265
4,2190031860,2009-06-16 01:34:27-07:00,NO_QUERY,ticai,@user take care &amp; God bless!,Tuesday,0.007524289656430483,0.02456796169281006,0.9679077863693237,Positive,0.9603834967128932
0,2299588626,2009-06-23 13:06:04-07:00,NO_QUERY,freelaylay,"@user Lucky itch, cha me hav 2 go fetch my din dins",Tuesday,0.021676067262887955,0.2095782309770584,0.7687457203865051,Positive,0.7470696531236172
4,2192885577,2009-06-16 07:41:33-07:00,NO_QUERY,hazelgreenluv,@user Hi Ahâ¦sorry I didn't talk anything! I'm a Supernatural fan too,Tuesday,0.03768645599484444,0.5047327280044556,0.4575808644294739,Neutral,0.41989440843462944
4,2004489329,2009-06-02 08:16:51-07:00,NO_QUERY,VanitySnob,Sidenote: I'm favoriting all my birthday love because I want to remember next month who im talking and who I shall turn my nose up at,Tuesday,0.008618578314781189,0.04162007197737694,0.9497613906860352,Positive,0.941142812371254
4,2012953389,2009-06-02 21:36:50-07:00,NO_QUERY,KarlsG,@user Oooooooo god dam... well we want u back!!!!!!! Go on - you know you want to.........,Tuesday,0.018370622768998146,0.08869864791631699,0.8929306864738464,Positive,0.8745600637048483
0,2302038602,2009-06-23 16:15:10-07:00,NO_QUERY,shortybutt,should be at the beach right now,Tuesday,0.09163925796747208,0.57539302110672,0.3329676687717438,Neutral,0.2413284108042717
4,2003352871,2009-06-02 06:22:42-07:00,NO_QUERY,westhamprocess,@user cheers mate,Tuesday,0.006329830270260572,0.09976013004779816,0.8939099907875061,Positive,0.8875801605172455
4,2012931710,2009-06-02 21:34:14-07:00,NO_QUERY,DestineeSoleil,weekend planss,Tuesday,0.02963012084364891,0.7825183868408203,0.18785148859024048,Neutral,0.15822136774659157
0,2002763175,2009-06-02 05:05:55-07:00,NO_QUERY,Bec93,Feels so bad for the people on Air France,Tuesday,0.915928304195404,0.07557369023561478,0.008498026058077812,Negative,-0.9074302781373262
4,2013829340,2009-06-02 23:41:32-07:00,NO_QUERY,ToodlesNoodlesz,I HUGGED EVERYONE TODAY coz im so loving.,Tuesday,0.005959330592304468,0.011105948127806187,0.9829347729682922,Positive,0.9769754423759878
4,1469008216,2009-04-07 04:49:01-07:00,NO_QUERY,loobalee,"77 Kids - Dress A Bird? Maybe a fun way to engage kids with the brand, but I'd rather have a deal! [http]",Tuesday,0.01703093759715557,0.23583264648914337,0.7471363544464111,Positive,0.7301054168492556
0,2002536840,2009-06-02 04:29:57-07:00,NO_QUERY,inf0rmer,Sorry! hashtag too long for #tweetie Please use #campuswidgets (via @user),Tuesday,0.6146528720855713,0.35780584812164307,0.02754133939743042,Negative,-0.5871115326881409
0,2196217641,2009-06-16 12:10:45-07:00,NO_QUERY,DJTJ222,@user have i really? i really dont know anymore,Tuesday,0.6381378769874573,0.3448508083820343,0.017011402174830437,Negative,-0.6211264748126268
0,1932367526,2009-05-26 21:19:39-07:00,NO_QUERY,jjbalishhh,ice cream men with their trucks n music are a dying art form.,Tuesday,0.622945249080658,0.3423232436180115,0.034731511026620865,Negative,-0.5882137380540371
0,2195436978,2009-06-16 11:07:42-07:00,NO_QUERY,byatch2006,i'm feelin tired and its only 7pm lord have mercy on my sleepy ass,Tuesday,0.890384316444397,0.09678132086992264,0.012834402732551098,Negative,-0.8775499137118459
0,2297786853,2009-06-23 10:52:21-07:00,NO_QUERY,Charliered23,OMG!! I just got attacked by a crazy ass BEE! Split my skirt and pulled out a hand full of hair he was stuck in my hair!! WTF,Tuesday,0.9287474751472473,0.06154227629303932,0.009710336104035378,Negative,-0.9190371390432119
4,1470183664,2009-04-07 08:35:48-07:00,NO_QUERY,clarechiara,is leaving the office now. Hello home!,Tuesday,0.004008958116173744,0.21145300567150116,0.7845379710197449,Positive,0.7805290129035711
4,1468989489,2009-04-07 04:44:04-07:00,NO_QUERY,RIJssel,New Eminem video....just like the old days kicking around [http],Tuesday,0.008413518778979778,0.45660272240638733,0.5349838137626648,Positive,0.526570294983685
4,1469986425,2009-04-07 08:00:41-07:00,NO_QUERY,sformstone,Am taking advantage of the sunshine and am going to take the dog on the beach for a walk...no work for 12 days....yipeeeee,Tuesday,0.0019703241996467113,0.02508625201880932,0.9729433655738831,Positive,0.9709730413742363
4,2001993013,2009-06-02 02:46:55-07:00,NO_QUERY,fancyfembot,@user All I had to do was slap my computer on the side. It stopped.,Tuesday,0.15839557349681854,0.6494375467300415,0.19216690957546234,Neutral,0.0337713360786438
0,2295199565,2009-06-23 07:36:54-07:00,NO_QUERY,KrisReyes,"@user i've been reading that that's what you have to do. too bad, i'll just have to wait it out",Tuesday,0.7736289501190186,0.2143307626247406,0.012040228582918644,Negative,-0.7615887215360999
0,2202210300,2009-06-16 21:25:04-07:00,NO_QUERY,letssingbaby,@user you've never seen me. &amp; trust me I'm not,Tuesday,0.38592275977134705,0.495829313993454,0.118247851729393,Neutral,-0.26767490804195404
4,2193277016,2009-06-16 08:14:17-07:00,NO_QUERY,jack_mannino,Opera Unite....let the evil thoughts begin [http],Tuesday,0.6160897612571716,0.3341127336025238,0.04979749023914337,Negative,-0.5662922710180283
0,2013162272,2009-06-02 22:02:59-07:00,NO_QUERY,meggiles13,"i'm burned it's a hard, dangerous life being pale in Hawaii",Tuesday,0.8717912435531616,0.1142355278134346,0.013973175548017025,Negative,-0.8578180680051446
0,2203518332,2009-06-16 23:55:15-07:00,NO_QUERY,La_Lais,@user I have no idea how I live without a beach. are u lucky enough to have one?,Tuesday,0.35960012674331665,0.4409387707710266,0.19946105778217316,Neutral,-0.1601390689611435
0,2013669125,2009-06-02 23:15:30-07:00,NO_QUERY,iiiiitsjenna,"@user it was adorable, she looked like a princess. makes me wanna get married!!",Tuesday,0.004371080081909895,0.007427350152283907,0.9882015585899353,Positive,0.9838304785080254
4,2001548010,2009-06-02 01:15:00-07:00,NO_QUERY,stevianykusuma,Can't wait to go to Bali,Tuesday,0.003376599168404937,0.02554398775100708,0.9710793495178223,Positive,0.9677027503494173
0,2192162530,2009-06-16 06:36:36-07:00,NO_QUERY,JohnGrosshans,Just spilled some of my sweet sweet coffee on my shirt and noticed a small scratch on the iPod touch screen,Tuesday,0.515339732170105,0.4071708619594574,0.07748941332101822,Negative,-0.43785031884908676
0,2189611943,2009-06-16 00:27:20-07:00,NO_QUERY,Cat_love_TVXQ,@user: e má»i vÃ o PG ... nhÆ°ng hÃ¬nh nhÆ° trong PG cÅ©ng cÃ³ 1 ss tÃªn MÃ¨o ná»¯a thÃ¬ pháº£i,Tuesday,0.12180816382169724,0.8403053879737854,0.03788641840219498,Neutral,-0.08392174541950226
4,1574106812,2009-04-21 04:16:22-07:00,NO_QUERY,imanwilliams,@user I'm great!. I need your address again so I can send this music,Tuesday,0.002920050173997879,0.028258386999368668,0.9688215255737305,Positive,0.9659014753997326
4,2189949528,2009-06-16 01:20:40-07:00,NO_QUERY,keda22,@user yea i just wrote something on the shanedawson picture video,Tuesday,0.00973248016089201,0.933021605014801,0.05724591389298439,Neutral,0.04751343373209238
4,2006144588,2009-06-02 10:43:30-07:00,NO_QUERY,heyitsMilia,@user lol . thanks for the advice . i`m not rushinq it,Tuesday,0.03088698349893093,0.30665335059165955,0.6624597311019897,Positive,0.6315727476030588
0,2004409193,2009-06-02 08:09:26-07:00,NO_QUERY,foxxyred210,@user you never go out with me!,Tuesday,0.7128772139549255,0.27124613523483276,0.0158766508102417,Negative,-0.6970005631446838
0,2196280934,2009-06-16 12:15:47-07:00,NO_QUERY,MzE41208,Tryna figure out why I feel so old after a few pick-up games!!!,Tuesday,0.39968058466911316,0.5245667695999146,0.0757526382803917,Neutral,-0.32392794638872147
0,2297982011,2009-06-23 11:06:40-07:00,NO_QUERY,SpinachPuffs,@user Curse you! I don't even have/like the iPhone and yet I clicked because it was you. I feel my faith was misguided this time,Tuesday,0.8738563060760498,0.10994225740432739,0.01620141603052616,Negative,-0.8576548900455236
0,2189664846,2009-06-16 00:35:18-07:00,NO_QUERY,joyisthelove,I am waiting for Jane,Tuesday,0.021293671801686287,0.6089068055152893,0.36979952454566956,Neutral,0.34850585274398327
0,2197024924,2009-06-16 13:14:31-07:00,NO_QUERY,kobayashisama,The &quot;tour&quot; ended a lot sooner than I thougt o.o;; Going to attempt to upgrade my UTEID...hope it doesnt take too long,Tuesday,0.2830779552459717,0.508280873298645,0.2086411416530609,Neutral,-0.07443681359291077
0,2190632028,2009-06-16 03:17:09-07:00,NO_QUERY,jimney_cricket,cant harvest my farmtown tomatos how dissappointing,Tuesday,0.9367128014564514,0.05729726329445839,0.005989972501993179,Negative,-0.9307228289544582
0,2202994763,2009-06-16 22:48:55-07:00,NO_QUERY,tanie_kitty,@user your site hates me and won't let me watch the video. It keeps telling me to get IE8 even though that's what I have.,Tuesday,0.9364424347877502,0.05844564363360405,0.005112048238515854,Negative,-0.9313303865492344
0,1468244575,2009-04-07 00:30:46-07:00,NO_QUERY,Locococomoco,"I accidentally put sugar in my food instead of salt, so now I'm eating sweet fried rice My clumsiness astounds me sometimes!!",Tuesday,0.8601486086845398,0.1257205605506897,0.014130833558738232,Negative,-0.8460177751258016
0,2301787450,2009-06-23 15:54:46-07:00,NO_QUERY,keviniewoo,@user it doesnt show u following me yet but welcome! i've got some good ppl u should follow.,Tuesday,0.00963740237057209,0.11293109506368637,0.8774314522743225,Positive,0.8677940499037504
0,2012989673,2009-06-02 21:41:17-07:00,NO_QUERY,natashaharton,seriously. 10 followers? come on ... im feeling a little neglected.,Tuesday,0.8594570159912109,0.12983134388923645,0.0107117323204875,Negative,-0.8487452836707234
0,2195045506,2009-06-16 10:36:17-07:00,NO_QUERY,musicaljo,has been making seaside pictures with sponges and seagulls out of kitchen rolls..ah the joys of nursery..back to work tomorrow,Tuesday,0.00856803823262453,0.09881182014942169,0.8926202058792114,Positive,0.8840521676465869
4,2006530963,2009-06-02 11:18:14-07:00,NO_QUERY,adsplawn07,Really wants to go the pool today.....It's so HOT outside!,Tuesday,0.2182108461856842,0.37174344062805176,0.4100457727909088,Positive,0.1918349266052246
4,2002857814,2009-06-02 05:20:01-07:00,NO_QUERY,Xavierism,"@user Bon dia, Valerie! Hope you have a great Tuesday!",Tuesday,0.0033814338967204094,0.011294418945908546,0.9853240847587585,Positive,0.9819426508620381
0,1932759851,2009-05-26 22:09:22-07:00,NO_QUERY,ZaxyMac,was so shock that Singapore's first case of swine flu is here.. [http],Tuesday,0.8510980010032654,0.13902170956134796,0.009880353696644306,Negative,-0.8412176473066211
0,2198725551,2009-06-16 16:29:00-07:00,NO_QUERY,isadoramartinez,@user nope mi mami i hope i see you soon!! love you,Tuesday,0.003964341711252928,0.020305681973695755,0.9757299423217773,Positive,0.9717656006105244
0,2013786512,2009-06-02 23:34:30-07:00,NO_QUERY,heartwoahome,headache no fun feeling sick is no fun either,Tuesday,0.9327651858329773,0.06007734686136246,0.007157496176660061,Negative,-0.9256076896563172
0,1470233570,2009-04-07 08:44:48-07:00,NO_QUERY,twinklydave,almost time for a ride. Q: will i get it done and stay dry? A: No. cos my shoes are still sopping from yesterday. boo.,Tuesday,0.29046669602394104,0.5683906674385071,0.1411426067352295,Neutral,-0.14932408928871155
0,1468664472,2009-04-07 03:02:13-07:00,NO_QUERY,Ayla_F,@user Feeling really sick today how about you?,Tuesday,0.9016827344894409,0.08972661197185516,0.008590580895543098,Negative,-0.8930921535938978
0,2191883086,2009-06-16 06:08:17-07:00,NO_QUERY,thepurplediva,Dynamite Diva is in a bad mood...damn flowers still NOT here...SO F***ing angry and its not nice to see (and hear) a Lady swear,Tuesday,0.958543598651886,0.03623054921627045,0.005225904285907745,Negative,-0.9533176943659782
0,1932801788,2009-05-26 22:15:09-07:00,NO_QUERY,alexpitzen,@user I think your madre needs to chill :/ &amp; we have 2 finals &amp; then 7th &amp; 8th on thursday meaning I have to come to school 4 1.5 hrs,Tuesday,0.7339904308319092,0.2500579357147217,0.01595163531601429,Negative,-0.7180387955158949
4,2001857774,2009-06-02 02:18:59-07:00,NO_QUERY,habibh,@user Good catch ! We'll look into it and let you know hopefully when it is ... Thanks for letting me know !,Tuesday,0.003169022034853697,0.03916068747639656,0.9576703310012817,Positive,0.954501308966428
4,2013925523,2009-06-02 23:58:00-07:00,NO_QUERY,XStevenProcess,@user give misty my regards!,Tuesday,0.00794004462659359,0.5190601348876953,0.47299981117248535,Neutral,0.46505976654589176
4,2001964439,2009-06-02 02:41:01-07:00,NO_QUERY,Jill88,@user I understand you may have a little payback offering Deb lol . Please feel free to share amongst friends,Tuesday,0.007977633737027645,0.4240233898162842,0.5679989457130432,Positive,0.5600213119760156
4,2004303914,2009-06-02 07:59:44-07:00,NO_QUERY,WestKeighley,@user You know what else is?,Tuesday,0.027279051020741463,0.9280712604522705,0.0446496345102787,Neutral,0.01737058348953724
4,1573699550,2009-04-21 02:25:47-07:00,NO_QUERY,AndyLunn,@user nice to network with ca is a lonngggg way from Leeds uk,Tuesday,0.0045199329033494,0.06330431997776031,0.9321758151054382,Positive,0.9276558822020888
0,2190853997,2009-06-16 03:54:33-07:00,NO_QUERY,Kenji_8055,"Blast you internet, for you are the true enemy of work. Procrastination shouldn't be so fun",Tuesday,0.9226239919662476,0.06800340116024017,0.009372599422931671,Negative,-0.9132513925433159
4,2191019180,2009-06-16 04:19:33-07:00,NO_QUERY,TheOnlyCaz,What am i gonna do today? any suggestions ?,Tuesday,0.04047754406929016,0.8931522965431213,0.06637006253004074,Neutral,0.02589251846075058
0,2197232676,2009-06-16 13:30:59-07:00,NO_QUERY,happieinlove,"God, I miss him soooooo much",Tuesday,0.42036715149879456,0.19413724541664124,0.3854956030845642,Negative,-0.03487154841423035
0,2299351966,2009-06-23 12:48:52-07:00,NO_QUERY,Leisel_J,"I got back facebook back on work but with glitches .Bright side: it is about 15mins to home time! Yeah, home sweet home here I come!",Tuesday,0.009135174565017223,0.07969484478235245,0.9111699461936951,Positive,0.9020347716286778
0,2193105411,2009-06-16 08:00:17-07:00,NO_QUERY,akronva,Getting ready to go to the dentist... not looking forward to that!,Tuesday,0.8294926881790161,0.1450822949409485,0.025425005704164505,Negative,-0.8040676824748516
4,2002203904,2009-06-02 03:29:33-07:00,NO_QUERY,aseemsood,@user good to see another Palm Treo user from India! I love my Treo!!!,Tuesday,0.00182068080175668,0.0077912090346217155,0.9903880953788757,Positive,0.988567414577119
0,2013752435,2009-06-02 23:29:01-07:00,NO_QUERY,SlapDashAsh,@user I'm in the same working late boat as you. So much for the Bethesda party,Tuesday,0.767662763595581,0.20659653842449188,0.02574070729315281,Negative,-0.7419220563024282
4,2190185264,2009-06-16 02:00:41-07:00,NO_QUERY,zyclone12,just had chili crab nissin cup noodles! instant gratification,Tuesday,0.003631949657574296,0.0397632010281086,0.9566048979759216,Positive,0.9529729483183473
0,2296948391,2009-06-23 09:50:22-07:00,NO_QUERY,monicacarlina,"not-happy-ending for tonight, good nite",Tuesday,0.7972580194473267,0.167105033993721,0.03563692048192024,Negative,-0.7616210989654064
4,1468352484,2009-04-07 01:08:52-07:00,NO_QUERY,fintan_mc,@user mr hopkins and i will be better behaved tonite .. cultural evening of a haydn concert in gothic cathedral,Tuesday,0.005493663251399994,0.1861957162618637,0.8083106279373169,Positive,0.8028169646859169
0,2200238875,2009-06-16 18:37:35-07:00,NO_QUERY,kenop,@user I don't know if I can live up to your expectations as a followee worth a try though huh?,Tuesday,0.47094374895095825,0.4743691384792328,0.054687127470970154,Neutral,-0.4162566214799881
0,2302682914,2009-06-23 17:08:59-07:00,NO_QUERY,kassondrajuan,@user. THEY DO THEY DO!,Tuesday,0.06491221487522125,0.6058151721954346,0.32927262783050537,Neutral,0.2643604129552841
4,2012572499,2009-06-02 20:53:47-07:00,NO_QUERY,NorCalChika,Off to the DJ Battle we go,Tuesday,0.011979442089796066,0.6169584393501282,0.37106212973594666,Neutral,0.3590826876461506
0,2007461104,2009-06-02 12:40:25-07:00,NO_QUERY,HT1985,When oh when will it be warm again,Tuesday,0.03343936800956726,0.4345601797103882,0.5320004224777222,Positive,0.4985610544681549
0,1468565154,2009-04-07 02:26:47-07:00,NO_QUERY,IcarusWingz,Aw - Snapcase arent getting back together... I must have dreamt it,Tuesday,0.78095942735672,0.20835061371326447,0.010689888149499893,Negative,-0.7702695392072201
0,2200198102,2009-06-16 18:34:16-07:00,NO_QUERY,sneaky_sparkle,"So So angry, I can not believe,she does not deserve it",Tuesday,0.9419587254524231,0.048753708600997925,0.009287516586482525,Negative,-0.9326712088659406
0,2297524870,2009-06-23 10:32:58-07:00,NO_QUERY,mskimmykim,I was invited once again you guys dnt luv me really @user @user,Tuesday,0.7248357534408569,0.236847385764122,0.038316912949085236,Negative,-0.6865188404917717
0,2001583481,2009-06-02 01:22:12-07:00,NO_QUERY,imyourcupcake,just got home. GYMNASTICS wasn't as bad as I thought. staying up till late tonight. got many assignments to do and its all due TOMORROW!,Tuesday,0.015865925699472427,0.0843019038438797,0.8998321890830994,Positive,0.8839662633836269
4,2190845393,2009-06-16 03:53:08-07:00,NO_QUERY,xoxosophie,haha I'm sitting on my math book,Tuesday,0.035484202206134796,0.502525806427002,0.46198996901512146,Neutral,0.42650576680898666
0,2193293952,2009-06-16 08:15:40-07:00,NO_QUERY,adamread,"Hey @user my question didn't get answered, epic fail ! (jamesclay live &gt; [http]",Tuesday,0.9387924671173096,0.056029848754405975,0.005177717190235853,Negative,-0.9336147499270737
0,2008955586,2009-06-02 14:55:22-07:00,NO_QUERY,SinnerX,@user mostly. Have to see a specialist in a few days. Seems like all my injuries are sex related.,Tuesday,0.7664968967437744,0.21501703560352325,0.01848601922392845,Negative,-0.748010877519846
0,2200955123,2009-06-16 19:36:20-07:00,NO_QUERY,mlexiehayden,@user I really don't can you teach me so I can beat ppl too lol,Tuesday,0.5336474180221558,0.3534546196460724,0.11289799213409424,Negative,-0.4207494258880615
0,2013705232,2009-06-02 23:21:14-07:00,NO_QUERY,Medros,@user and my room is quite chilly,Tuesday,0.32872775197029114,0.5998315811157227,0.07144065201282501,Neutral,-0.2572870999574661
4,2001897536,2009-06-02 02:27:24-07:00,NO_QUERY,trianta,@user ÎºÎ±Î¹ Î²ÎµÎ²Î±Î¯ÏÏ Î¸Î± Ï ÏÎ¬Ï?ÏÎµÎ¹ ÏÎ¿ coveritlive Î¼Îµ @user &quot;on the decks&quot;,Tuesday,0.0256197452545166,0.879955530166626,0.09442470967769623,Neutral,0.06880496442317963
0,2002721201,2009-06-02 04:59:42-07:00,NO_QUERY,marchiee,i'm craving for PCD tonite... hiks,Tuesday,0.06252680718898773,0.374001145362854,0.5634720325469971,Positive,0.5009452253580093
0,2191496317,2009-06-16 05:23:52-07:00,NO_QUERY,bobbiemitch,Forgot my iPod today. Its going to be a long day without any podcasts..,Tuesday,0.9072880148887634,0.07903414964675903,0.013677896931767464,Negative,-0.893610117956996
0,2201072292,2009-06-16 19:46:00-07:00,NO_QUERY,Val_ree,"@user Very sad news, indeed. Sincere condolences from me, &quot;Boo&quot; (b&amp;w) &amp; &quot;Lilly&quot; (calico.)",Tuesday,0.7432320713996887,0.2290799766778946,0.027687888592481613,Negative,-0.7155441828072071
0,2198720224,2009-06-16 16:28:31-07:00,NO_QUERY,b1302,"@user okayyyy i sent you a happy birthday but apparently you didn't receive it ily you, happy birhtday pumpkinn",Tuesday,0.014672604389488697,0.05892234668135643,0.9264050722122192,Positive,0.9117324678227305
0,2298575306,2009-06-23 11:50:58-07:00,NO_QUERY,AJones21,"Jon &amp; Kate done after all them damn kids and 10yrs of marriage?! First Jessica &amp; Nick, then Kelis &amp; Nas... aint nothing 4ever anymore...",Tuesday,0.8342190384864807,0.15609365701675415,0.00968727096915245,Negative,-0.8245317675173283
4,1933225080,2009-05-26 23:19:38-07:00,NO_QUERY,wellheeledblog,@user I know! Discovered it thanks to you. I think his tweets really sound like how I imagine he'd write on twitter.,Tuesday,0.00793313980102539,0.1755206137895584,0.8165462017059326,Positive,0.8086130619049072
0,1468478238,2009-04-07 01:55:05-07:00,NO_QUERY,MyAppleStuff,@user good luck!!! look forward to the update. run not an option in this wind seriously!!!! blowing a real gale,Tuesday,0.03638969361782074,0.1018369123339653,0.8617733716964722,Positive,0.8253836780786514
4,2002364087,2009-06-02 03:59:58-07:00,NO_QUERY,ilovedricoll,happy birthday ashleigh! love yoooou. x,Tuesday,0.003871223423629999,0.009364948607981205,0.9867638945579529,Positive,0.9828926711343229
0,2200275515,2009-06-16 18:40:34-07:00,NO_QUERY,Charli2010,I feel like someone has sucked all the energy out of of,Tuesday,0.875036358833313,0.11399257183074951,0.010971112176775932,Negative,-0.8640652466565371
0,2195515476,2009-06-16 11:14:07-07:00,NO_QUERY,smitrastogi,"Its such a desolate feeling, being alone in hostel which was so full of dynamism a while back",Tuesday,0.872570276260376,0.11760018765926361,0.009829525835812092,Negative,-0.8627407504245639
4,2002431840,2009-06-02 04:11:42-07:00,NO_QUERY,wiidscouk,Morning/Afternoon to all followers,Tuesday,0.010399065911769867,0.16459506750106812,0.825005829334259,Positive,0.8146067634224892
0,2006525227,2009-06-02 11:17:43-07:00,NO_QUERY,stephanie01,Just got back from lunch... Back to work 5 o'clock better get here soon,Tuesday,0.08521903306245804,0.46250104904174805,0.4522799849510193,Neutral,0.36706095188856125
4,2013805065,2009-06-02 23:37:33-07:00,NO_QUERY,eliseo13,"@user Welcome to Twitter, John! (it's Randy from SpoCon)",Tuesday,0.002200304763391614,0.1193138062953949,0.8784858584403992,Positive,0.8762855536770076
4,2004914741,2009-06-02 08:56:16-07:00,NO_QUERY,sweetdee30,Just peachy....,Tuesday,0.010982449166476727,0.048588741570711136,0.9404287934303284,Positive,0.9294463442638516
0,2001155555,2009-06-02 00:00:26-07:00,NO_QUERY,michellevanessa,now I too must shun. shunshunshun.,Tuesday,0.8893483281135559,0.10277144610881805,0.007880259305238724,Negative,-0.8814680688083172
4,2189821576,2009-06-16 01:00:04-07:00,NO_QUERY,AlonsoVertige,Grrr. I've been slacking on my diet! Today i shall be healthy!,Tuesday,0.703551173210144,0.21135881543159485,0.08508995920419693,Negative,-0.6184612140059471
4,2013473168,2009-06-02 22:45:41-07:00,NO_QUERY,Tiffylovesyouu,Going to bed...sweet dreams,Tuesday,0.007005732972174883,0.09621205180883408,0.8967821598052979,Positive,0.889776426833123
4,1573527551,2009-04-21 01:35:34-07:00,NO_QUERY,CraigMason,@user Yup,Tuesday,0.06577832996845245,0.7020876407623291,0.23213401436805725,Neutral,0.1663556843996048
4,2003081657,2009-06-02 05:50:23-07:00,NO_QUERY,sailpamc,"Here's someone well worth following @user is a wealth of info and shares generously. A million thanks, Martin.",Tuesday,0.004281266126781702,0.024475758895277977,0.9712429642677307,Positive,0.966961698140949
4,2191312134,2009-06-16 05:00:26-07:00,NO_QUERY,Palosfantastic4,@user thank you for your sarcastic response.,Tuesday,0.06359546631574631,0.36938050389289856,0.5670240521430969,Positive,0.5034285858273506
0,2298676119,2009-06-23 11:58:37-07:00,NO_QUERY,cream_crackers,i have nothing to tweet,Tuesday,0.5665406584739685,0.3787113428115845,0.054748017340898514,Negative,-0.51179264113307
0,2014452151,2009-06-03 01:34:39-07:00,NO_QUERY,ShellBellzz,you can get out of bed one morning and everything can change... didn't happen this morning though.,Wednesday,0.13296031951904297,0.7915629148483276,0.075476735830307,Neutral,-0.05748358368873596
0,2217339259,2009-06-17 20:43:39-07:00,NO_QUERY,wildchic5,@user i am turning mine off tomorrow casue i cant get text messeges while i am in europe,Wednesday,0.5205651521682739,0.45828646421432495,0.02114839106798172,Negative,-0.4994167611002922
4,2015107644,2009-06-03 03:43:29-07:00,NO_QUERY,rjakesdub,@user singing for Obama .. that's good news if it's true. Nice to see another West Lothian person do well,Wednesday,0.003564508631825447,0.022707698866724968,0.9737277626991272,Positive,0.9701632540673018
4,2014181304,2009-06-03 00:42:18-07:00,NO_QUERY,viherrera,Its raining pretty hard. Is work suspended?,Wednesday,0.6664702892303467,0.31533974409103394,0.01818997785449028,Negative,-0.6482803113758564
0,2216848683,2009-06-17 20:03:04-07:00,NO_QUERY,Schreurs,So much to install on a new computer and so little time to enjoy it,Wednesday,0.6449158787727356,0.2660945951938629,0.08898945152759552,Negative,-0.5559264272451401
0,2018974719,2009-06-03 10:48:15-07:00,NO_QUERY,neosolrkstr,@user that's the problem!! I can't see anything! Lol im catching the end of w/e ya'll tlkn bout!,Wednesday,0.702655017375946,0.25949451327323914,0.03785046562552452,Negative,-0.6648045517504215
4,2014429533,2009-06-03 01:30:07-07:00,NO_QUERY,sarahdenrara,@user hej!late answer but...i guess it would be amsterdam or utrecht...or the hague maybe! any plans or asking for someone else?,Wednesday,0.010053691454231739,0.8899520635604858,0.09999427199363708,Neutral,0.08994058053940535
4,2014482221,2009-06-03 01:40:42-07:00,NO_QUERY,Erock808,"@user Anything you need from me to help @user, you just let me know! He'll tell you, I'm down!!! LOL",Wednesday,0.003810980124399066,0.08443772047758102,0.9117513298988342,Positive,0.9079403497744352
0,2213561515,2009-06-17 15:32:25-07:00,NO_QUERY,sticksy05,dreaming about Europe whilst going to work...,Wednesday,0.08093278110027313,0.8023629784584045,0.11670425534248352,Neutral,0.03577147424221039
0,2204693122,2009-06-17 02:53:23-07:00,NO_QUERY,l17_glg,reeeeally needs someone to talk to,Wednesday,0.12546969950199127,0.7125707268714905,0.16195958852767944,Neutral,0.03648988902568817
4,2015450405,2009-06-03 04:41:49-07:00,NO_QUERY,Johnpaul_88,@user sounds fun i cant wait to go to zante i think its gunna be realy good,Wednesday,0.0025933445431292057,0.008666683919727802,0.9887399077415466,Positive,0.9861465631984174
0,2207423386,2009-06-17 07:55:10-07:00,NO_QUERY,momspark,"For those of you who are waiting for an email response from me, I will try to reply today, I'm very swamped with inquires right now.",Wednesday,0.048087894916534424,0.7579858303070068,0.19392633438110352,Neutral,0.1458384394645691
4,2014092629,2009-06-03 00:26:15-07:00,NO_QUERY,JENTSYY,had a great weekend. so much fun ;) ha ha. Can't wait to hear Miley's hugeee announcement,Wednesday,0.0017936225049197674,0.006546326447278261,0.9916600584983826,Positive,0.9898664359934628
0,2218690519,2009-06-17 22:57:42-07:00,NO_QUERY,littletac,@user oh god ive been there. It sucks. Mostly because i love cats. I had to give mine away.,Wednesday,0.8915206789970398,0.09148885309696198,0.016990533098578453,Negative,-0.8745301458984613
4,2015173579,2009-06-03 03:55:23-07:00,NO_QUERY,daciamelia,today is going to be a good day. I'm as happy as a person can be,Wednesday,0.0038144339341670275,0.007931144908070564,0.9882544279098511,Positive,0.984439993975684
0,2209794135,2009-06-17 10:48:19-07:00,NO_QUERY,NuCode_fi,"@user I guess moderation it should be cached, it wastes CPU cycles, and CSS/JS whitespace trim is useless, so tiny bw savings",Wednesday,0.756729245185852,0.22692754864692688,0.016343189403414726,Negative,-0.7403860557824373
0,2209537778,2009-06-17 10:30:14-07:00,NO_QUERY,ashadowdweller,"@user true, but we won't know for another month and a half or so",Wednesday,0.2772422730922699,0.6954699158668518,0.027287809178233147,Neutral,-0.24995446391403675
4,2015195400,2009-06-03 03:59:19-07:00,NO_QUERY,m0po,watching the origin thru the net since i havent got an antenna hooked up to the tv. [http] thanks @user,Wednesday,0.011962165124714375,0.5590584874153137,0.4289793372154236,Neutral,0.4170171720907092
0,2204274273,2009-06-17 01:47:08-07:00,NO_QUERY,ipittiplatsch,Im so board what can i do ?,Wednesday,0.21737155318260193,0.6358303427696228,0.14679819345474243,Neutral,-0.0705733597278595
0,2218455143,2009-06-17 22:30:53-07:00,NO_QUERY,dVsPup,"Got back about 9, nice guy, fell to sleep after getting more exercise than I ever have in my life. Woke having missed Mistress by 4 mins.",Wednesday,0.025721730664372444,0.2238733470439911,0.7504048943519592,Positive,0.7246831636875868
4,2017191003,2009-06-03 08:00:11-07:00,NO_QUERY,TravisClarke,P.S. Will look into Laker season tickets in 2010 if the wife lets me,Wednesday,0.007542356848716736,0.6714984178543091,0.320959210395813,Neutral,0.31341685354709625
0,2015994567,2009-06-03 05:57:41-07:00,NO_QUERY,silvermoonrays,has an addiction... The Sims 3 for iPhone. and I won't go to rehab.,Wednesday,0.3924022614955902,0.410556435585022,0.1970413327217102,Neutral,-0.19536092877388
0,2208062112,2009-06-17 08:43:55-07:00,NO_QUERY,0ne2c,watching it rain again and beginning to wonder if summer will ever show up,Wednesday,0.6495328545570374,0.33226415514945984,0.018203021958470345,Negative,-0.631329832598567
4,2015269917,2009-06-03 04:11:55-07:00,NO_QUERY,fiona_2008,"is officially sick and off work for the rest of the week, what a shame it's the long weekend...guess I'll just have to lap it up...",Wednesday,0.9136557579040527,0.0770266056060791,0.009317648597061634,Negative,-0.9043381093069911
4,2017440287,2009-06-03 08:23:40-07:00,NO_QUERY,Armonizar,Eating chocolate,Wednesday,0.04392954334616661,0.6618948578834534,0.2941755950450897,Neutral,0.2502460516989231
0,2218306388,2009-06-17 22:14:37-07:00,NO_QUERY,ShadderdGlass,@user I Had other pics i wanted to use but noooo the stupid twitter thought my photos were 2 big and kept denying em,Wednesday,0.8024450540542603,0.18560515344142914,0.011949818581342697,Negative,-0.7904952354729176
0,2217173382,2009-06-17 20:29:43-07:00,NO_QUERY,brunoleandrooo,OMG. I have a pimple coming in on my forehead. I guess its true...no body's perfect,Wednesday,0.7864242196083069,0.18549741804599762,0.02807834930717945,Negative,-0.7583458703011274
0,2014768723,2009-06-03 02:37:30-07:00,NO_QUERY,mememegann,@user i tried and you have to pay,Wednesday,0.2668297290802002,0.704023540019989,0.029146727174520493,Neutral,-0.2376830019056797
0,2013942700,2009-06-03 00:00:46-07:00,NO_QUERY,Unseengrub,Watched e3 and I kinda want a ps3,Wednesday,0.01026240736246109,0.3369285464286804,0.6528090238571167,Positive,0.6425466164946556
0,2215697999,2009-06-17 18:29:31-07:00,NO_QUERY,arbunny2000,"I was supposed to go to Camp Newman today, but some of the counselors have swine flu, so camp opening is delayed. Isn't that horrible?",Wednesday,0.9393158555030823,0.055793724954128265,0.004890401381999254,Negative,-0.934425454121083
0,2207380096,2009-06-17 07:51:42-07:00,NO_QUERY,vmboudiette,Going to miss church tonight.,Wednesday,0.8251484036445618,0.15943944454193115,0.015412148088216782,Negative,-0.809736255556345
0,2014607955,2009-06-03 02:05:31-07:00,NO_QUERY,nicolepenney,people constantly dissapoint and anger me,Wednesday,0.8803979754447937,0.11020464450120926,0.009397375397384167,Negative,-0.8710006000474095
0,1792327546,2009-05-13 22:49:03-07:00,NO_QUERY,ayydeebz,I need a new stupid blackberry. Its official. Mine hates me and decides not to work sometimes. It ruins my plans,Wednesday,0.9493575692176819,0.04298841208219528,0.00765409879386425,Negative,-0.9417034704238176
0,2015802835,2009-06-03 05:32:56-07:00,NO_QUERY,junp3i,@user I'm hungry. When do you finish unis so we can get food ? This week? Next week?,Wednesday,0.07464331388473511,0.7844583988189697,0.14089839160442352,Neutral,0.06625507771968842
4,2015374475,2009-06-03 04:29:44-07:00,NO_QUERY,kenarmstrong1,"@user You can smile at me if you want. Or laugh, anything positive really...",Wednesday,0.012589252553880215,0.0913797914981842,0.8960309624671936,Positive,0.8834417099133134
4,2014009551,2009-06-03 00:11:50-07:00,NO_QUERY,HeriCabral,@user its late! you need to sleeep girlie.,Wednesday,0.5732636451721191,0.3943042755126953,0.032432083040475845,Negative,-0.5408315621316433
4,2016324841,2009-06-03 06:34:44-07:00,NO_QUERY,jnttphm,@user yes i do but the beauty of msn is that incomplete msgs get interrupted by the other person's msg. yeah that makes no sense.,Wednesday,0.5244519710540771,0.35844239592552185,0.11710559576749802,Negative,-0.40734637528657913
0,2218962011,2009-06-17 23:30:13-07:00,NO_QUERY,InvisibleWeazel,Are you the same? Don't know anymore?,Wednesday,0.4449360966682434,0.5416324138641357,0.013431545346975327,Neutral,-0.4315045513212681
0,2204318672,2009-06-17 01:54:20-07:00,NO_QUERY,lee_milton,@user I wish I knew you better so I could know what was happening and help you out. *hugs*,Wednesday,0.38550621271133423,0.5148759484291077,0.09961780905723572,Neutral,-0.2858884036540985
0,2014009736,2009-06-03 00:11:52-07:00,NO_QUERY,israelhilton,it gets harder each time he leaves. I haven't been able to get a goodnight sleep since then. i miss him,Wednesday,0.868895947933197,0.11904532462358475,0.012058702297508717,Negative,-0.8568372456356883
0,2016611724,2009-06-03 07:04:22-07:00,NO_QUERY,jordan819,"Economics over now, 5 exams to go - 3/4 of them maths",Wednesday,0.08559047430753708,0.7641533613204956,0.1502562314271927,Neutral,0.06466575711965561
0,2014424437,2009-06-03 01:29:08-07:00,NO_QUERY,ifenn,@user @user Amazon.co.uk customer service is great within certain parameters. Move out of those and you're in trouble.,Wednesday,0.28531596064567566,0.3944198191165924,0.32026419043540955,Neutral,0.03494822978973389
4,2014318391,2009-06-03 01:08:06-07:00,NO_QUERY,SilverWillow,Feels sooooo good to be wearing smaller jeans,Wednesday,0.01316425297409296,0.052704837173223495,0.9341309666633606,Positive,0.9209667136892676
4,2017239545,2009-06-03 08:04:36-07:00,NO_QUERY,MegsEggs,he's been online only half an hour already I wanna kill him.,Wednesday,0.9004616737365723,0.08861076086759567,0.010927584953606129,Negative,-0.8895340887829661
0,2322188635,2009-06-24 22:11:34-07:00,NO_QUERY,vphungg,wow i just saw the @user!! sorry,Wednesday,0.7813482284545898,0.19536304473876953,0.023288648575544357,Negative,-0.7580595798790455
0,2015637271,2009-06-03 05:10:00-07:00,NO_QUERY,divasoria,stevie wonder's lately on the radio &amp; I'm crying my eyes out.,Wednesday,0.14405539631843567,0.30890899896621704,0.5470356345176697,Positive,0.402980238199234
0,2206868698,2009-06-17 07:10:01-07:00,NO_QUERY,gagi001,im upset that ny&amp;co closed dt nwk,Wednesday,0.8911432027816772,0.10265584290027618,0.006201033014804125,Negative,-0.8849421697668731
0,2203731667,2009-06-17 00:24:15-07:00,NO_QUERY,Salo2,"I hate trying to sort things out, i wish i had someone that could do it for me",Wednesday,0.8935040235519409,0.0972094014286995,0.009286576882004738,Negative,-0.8842174466699362
0,2017357844,2009-06-03 08:15:38-07:00,NO_QUERY,Haleyohhh,"I'm so sad, today my babies graduate they grow up so fast! haha",Wednesday,0.7684597969055176,0.13592742383480072,0.09561270475387573,Negative,-0.6728470921516418
0,2214097440,2009-06-17 16:15:47-07:00,NO_QUERY,cheraynatalie,Twitteriffic stopped working for me once I left LA...a whole weeks worth of missed tweets,Wednesday,0.8708645701408386,0.11940164119005203,0.009733760729432106,Negative,-0.8611308094114065
0,2217863665,2009-06-17 21:30:14-07:00,NO_QUERY,YEPNAYDEA,@user lol..oh please u dont even call me,Wednesday,0.6357483267784119,0.3278208076953888,0.03643088415265083,Negative,-0.599317442625761
0,2207035090,2009-06-17 07:23:49-07:00,NO_QUERY,cablearms,@user hiya!- can't log onto butterfly on website Any tips?,Wednesday,0.5258534550666809,0.4566369652748108,0.017509575933218002,Negative,-0.5083438791334629
0,2205498639,2009-06-17 04:52:17-07:00,NO_QUERY,richardagorman,Why all all days does it have to rain Any day except today would have been fine!,Wednesday,0.8507850766181946,0.1253802627325058,0.023834632709622383,Negative,-0.8269504439085722
0,2203753081,2009-06-17 00:27:18-07:00,NO_QUERY,RandomAni,hes just so sweet but i mean idk what he wants from me sometimes and i just dont know i mean i used to know what i wanted but not anymore,Wednesday,0.4370467960834503,0.3941671550273895,0.16878607869148254,Negative,-0.2682607173919678
0,1792565476,2009-05-13 23:31:27-07:00,NO_QUERY,PrettyGirlKD,@user i wish i knew what it meant to be locked in... im so out of the loop,Wednesday,0.7607327699661255,0.22661496698856354,0.012652234174311161,Negative,-0.7480805357918143
0,2213360858,2009-06-17 15:16:16-07:00,NO_QUERY,bethkolar,Molitor to Farnsworth...2 mph. Don't they know I have to be at the Dr by 5:30?!! Hope it's not an accident,Wednesday,0.7781860828399658,0.20277957618236542,0.01903432048857212,Negative,-0.7591517623513937
0,2014183137,2009-06-03 00:42:40-07:00,NO_QUERY,IamIli,"Received my exam schedule today! Omg, I'll be sitting for IRK and History on the same day! How worse can life get?",Wednesday,0.9231098294258118,0.0669659972190857,0.009924247860908508,Negative,-0.9131855815649033
0,2212932576,2009-06-17 14:43:15-07:00,NO_QUERY,hazel4785,Home from my holidays its less than half the degrees here. brrrr,Wednesday,0.2996770143508911,0.4278196096420288,0.27250343561172485,Neutral,-0.02717357873916626
0,2018271098,2009-06-03 09:42:19-07:00,NO_QUERY,GrantBaisley,is working until 7pm and is already knackered and in need of dinner,Wednesday,0.6812770366668701,0.27924999594688416,0.03947291523218155,Negative,-0.6418041214346886
0,2208945954,2009-06-17 09:49:25-07:00,NO_QUERY,iTouchiReview,"@user [http] - I also want to start developing for the iPhone, but I don't have a Mac",Wednesday,0.051333483308553696,0.7756119966506958,0.173054501414299,Neutral,0.12172101810574532
0,2217199012,2009-06-17 20:31:48-07:00,NO_QUERY,AshleySuperfly,Guess i'll worry about updating my iPhone later I'm too tired to be worrying about it right now.,Wednesday,0.5300151705741882,0.4119175672531128,0.05806732177734375,Negative,-0.4719478487968445
0,2206109509,2009-06-17 06:01:11-07:00,NO_QUERY,Lawna_t,Haven't been getting paid. What. The. Fuck. Where's Laura?!,Wednesday,0.9354381561279297,0.05797821283340454,0.006583587732166052,Negative,-0.9288545683957636
0,2015820727,2009-06-03 05:35:22-07:00,NO_QUERY,CarloVent,"Sugar, we're going down, arent we D: or at least i am cannot figure out why i am so easily emotionally affected *cry*",Wednesday,0.9055823087692261,0.08446650207042694,0.009951197542250156,Negative,-0.8956311112269759
4,2014020615,2009-06-03 00:13:44-07:00,NO_QUERY,Recamel,@user ill see if ii can get more closeup of the products today do you have places like that in your area?,Wednesday,0.006928459741175175,0.8805668354034424,0.11250471323728561,Neutral,0.10557625349611044
0,2016434820,2009-06-03 06:46:19-07:00,NO_QUERY,ilovechloex,Got fucking conjuctivitus in both eÑess ! well annoÑingg,Wednesday,0.9065620303153992,0.07705046981573105,0.01638747565448284,Negative,-0.8901745546609163
0,2210493496,2009-06-17 11:39:16-07:00,NO_QUERY,slius,@user thats really heartbreaking,Wednesday,0.8867741823196411,0.09903786331415176,0.014188040979206562,Negative,-0.8725861413404346
0,2017208490,2009-06-03 08:01:46-07:00,NO_QUERY,brendafreitas,@user i'm crying feels like you're always sliping away from me. please come back very soon. brazil loves you x,Wednesday,0.16967271268367767,0.17765885591506958,0.6526684761047363,Positive,0.48299576342105865
4,2014430324,2009-06-03 01:30:14-07:00,NO_QUERY,erinsnape,@user Your baby is teasing you! Fingers crossed all goes well &amp; wish for Friday birth - great day for a Bday&amp;happens to also be mine,Wednesday,0.0038448392879217863,0.01716655306518078,0.9789886474609375,Positive,0.9751438081730157
0,2014944427,2009-06-03 03:12:06-07:00,NO_QUERY,thinkingaus,Apparently the warm weather won't last the week You can guarantee more than 7 days of sun in Oz,Wednesday,0.5478130578994751,0.36817610263824463,0.08401084691286087,Negative,-0.4638022109866142
0,2206890830,2009-06-17 07:11:49-07:00,NO_QUERY,lhopsss13,Ugh i really don't want to work today. Someone get me a new job,Wednesday,0.936631977558136,0.053982269018888474,0.009385713376104832,Negative,-0.9272462641820312
0,2323141215,2009-06-24 23:59:57-07:00,NO_QUERY,vikkihyndman,I'm I'll! sick day in bed for me,Wednesday,0.538115918636322,0.3374572992324829,0.12442679703235626,Negative,-0.41368912160396576
4,2014705801,2009-06-03 02:24:54-07:00,NO_QUERY,rainerafael,@user you think you'd be in the final round?,Wednesday,0.01576993800699711,0.9526521563529968,0.031577933579683304,Neutral,0.015807995572686195
0,2322826712,2009-06-24 23:21:09-07:00,NO_QUERY,NoraMas,"Hot and sunny in singapore right now, but then its like that every day",Wednesday,0.05863743647933006,0.5125299096107483,0.42883267998695374,Neutral,0.3701952435076237
4,2015583014,2009-06-03 05:02:06-07:00,NO_QUERY,torilovesbradie,@user awesome! i would love to hear about your epic adventures Mr Flangan haha xx &lt;3,Wednesday,0.001922968658618629,0.009118504822254181,0.988958477973938,Positive,0.9870355093153194
4,2015140488,2009-06-03 03:49:33-07:00,NO_QUERY,bykimbo,Very true @user We should campaign for a new name for the Kitchen Table - the School Playground.,Wednesday,0.012053379788994789,0.36418652534484863,0.6237601041793823,Positive,0.6117067243903875
0,2208555285,2009-06-17 09:20:37-07:00,NO_QUERY,AlBooqie,mad @user cuz shes not gonna be in NY for my bday,Wednesday,0.8914260268211365,0.09900619089603424,0.009567838162183762,Negative,-0.8818581886589527
0,2018026431,2009-06-03 09:19:16-07:00,NO_QUERY,abcaryndef,Did anyone else's &quot;Bored&quot; by Pink come up as &quot;Why Did I Ever Like You&quot; when putting it on iTunes? That confused me slightly.,Wednesday,0.4145728051662445,0.5675973296165466,0.017829829826951027,Neutral,-0.3967429753392935
4,2017240807,2009-06-03 08:04:43-07:00,NO_QUERY,tempore,@user he spontaneously impregnates women with lazzara spawn. No fornication required.,Wednesday,0.2828081250190735,0.675743818283081,0.04144813492894173,Neutral,-0.24135999009013176
0,2015929368,2009-06-03 05:49:36-07:00,NO_QUERY,tarushikha,@user 10 min?? nothing? fudge it!! ill go 5 in the morning..,Wednesday,0.8960503935813904,0.09487755596637726,0.00907196570187807,Negative,-0.8869784278795123
4,1936100214,2009-05-27 07:27:20-07:00,NO_QUERY,tien1empire,"Nothing like driving with the windows down, wind in your hair, listening to Hotel California",Wednesday,0.009165463969111443,0.15482552349567413,0.8360090255737305,Positive,0.826843561604619
0,2211152446,2009-06-17 12:30:00-07:00,NO_QUERY,Andrew1990,"@user We'll be there on the 5th, right at the back Any chance of front row seats for true dedicated fans instead of boring press?",Wednesday,0.011386607773602009,0.46676796674728394,0.5218454599380493,Positive,0.5104588521644473
0,2218066838,2009-06-17 21:50:05-07:00,NO_QUERY,wxgirl2008,"@user yeah, sadly you're right about both. agreed too w/the HOF thing *especially* in regards to Barry Bonds! what a cheat. grr",Wednesday,0.9277082681655884,0.06636952608823776,0.005922120530158281,Negative,-0.9217861476354301
0,2016630522,2009-06-03 07:06:11-07:00,NO_QUERY,pliniopinto,"@user Well, I didn't really mean I was &quot;having a life&quot;. I was still inside the studio painting I was being &quot;work productive&quot;",Wednesday,0.1256999671459198,0.6966792345046997,0.1776208132505417,Neutral,0.05192084610462189
4,2014540310,2009-06-03 01:52:33-07:00,NO_QUERY,hjmart,@user cant' click on the link to see your featured artwork. Please re-send the link,Wednesday,0.48553839325904846,0.49564293026924133,0.018818601965904236,Neutral,-0.4667197912931442
0,2209140575,2009-06-17 10:03:21-07:00,NO_QUERY,Heather_Jean_,my dad took my car so i cant leave my house @user,Wednesday,0.810268223285675,0.1818796545267105,0.007852164097130299,Negative,-0.8024160591885448
0,2322484338,2009-06-24 22:42:00-07:00,NO_QUERY,batmanspanties,@user the only DR I have seen lately is my gynecologist. I'm sick of them. I will tough it out a little mroe. But thank you.,Wednesday,0.8830608129501343,0.10390409827232361,0.013035058043897152,Negative,-0.8700257549062371
0,2014314201,2009-06-03 01:07:14-07:00,NO_QUERY,maaikeanne,@user Aww your not allowed to die!,Wednesday,0.4097290337085724,0.4993746280670166,0.09089630842208862,Neutral,-0.31883272528648376
0,2208822678,2009-06-17 09:40:22-07:00,NO_QUERY,x_Beckiie_x,OMG! @user are doing TWO MORE shows in london this year! and they only do one in manchester,Wednesday,0.002220775233581662,0.04276169091463089,0.9550174474716187,Positive,0.952796672238037
0,2205949913,2009-06-17 05:44:42-07:00,NO_QUERY,muser74,"@user hah. That *would* be cool. No partners, though.",Wednesday,0.01747668720781803,0.19584621489048004,0.7866771221160889,Positive,0.7692004349082708
0,2014173002,2009-06-03 00:40:48-07:00,NO_QUERY,sherenejose,"A lot of plane crashes lately, eh? Being so far removed frm everything/everyone familiar in those last minutes must be the worst thing",Wednesday,0.8909327983856201,0.09927880764007568,0.009788393042981625,Negative,-0.8811444053426385
0,2205356443,2009-06-17 04:33:37-07:00,NO_QUERY,lindsaymallen,"@user Oh, Marky Mark ... the saddest thing about that Tweet was that it didn't come off as vain. I mean, not even a *little*!",Wednesday,0.8565146923065186,0.11233915388584137,0.03114611841738224,Negative,-0.8253685738891363
0,2321583432,2009-06-24 21:15:51-07:00,NO_QUERY,pomlala,the sun is here! Byebye gloomy weather!,Wednesday,0.009607937186956406,0.050251979380846024,0.9401401281356812,Positive,0.9305321909487247
0,2207470656,2009-06-17 07:58:54-07:00,NO_QUERY,KatWaterflame,Spent 10 minutes on hold. Problem not solved! Had to hang up to get to the bank. Store will have to open a few minutes late as a result!,Wednesday,0.9057461619377136,0.08739729225635529,0.006856479216367006,Negative,-0.8988896827213466
0,2215191604,2009-06-17 17:48:15-07:00,NO_QUERY,sosweet2tweet,@user im glad we have the confidence..if only we had rossi,Wednesday,0.010604224167764187,0.08659607917070389,0.902799665927887,Positive,0.8921954417601228
0,2322528955,2009-06-24 22:46:52-07:00,NO_QUERY,tiaysrn,I regret rejected his offer yesterday,Wednesday,0.6794407963752747,0.2980230450630188,0.02253618836402893,Negative,-0.6569046080112457
0,2014964809,2009-06-03 03:16:12-07:00,NO_QUERY,NoAddition,"from the clips ive seen of the sims3 on youtube it doesn't look anything great. What a let down, guess i wont know till i play it",Wednesday,0.9404557943344116,0.05318959802389145,0.006354515440762043,Negative,-0.9341012788936496
4,2016477240,2009-06-03 06:50:46-07:00,NO_QUERY,xboycottlove,Just got to level 25 on Restaurant City,Wednesday,0.00957075972110033,0.5321558117866516,0.45827341079711914,Neutral,0.4487026510760188
0,2213271749,2009-06-17 15:09:16-07:00,NO_QUERY,miranda3157,Not happy,Wednesday,0.6737561821937561,0.26216602325439453,0.06407779455184937,Negative,-0.6096783876419067
0,2207092449,2009-06-17 07:28:30-07:00,NO_QUERY,GyakutenZwei,"Waiting for people, on the other hand, makes me a very sad person",Wednesday,0.9051312804222107,0.08499953150749207,0.009869206696748734,Negative,-0.895262073725462
4,2014223504,2009-06-03 00:50:12-07:00,NO_QUERY,turtlebulb,"@user Yeah, Dutch people are up as well ;). Say hi to Sydney for me",Wednesday,0.002986162668094039,0.14282171428203583,0.8541921973228455,Positive,0.8512060346547514
0,2217846462,2009-06-17 21:28:36-07:00,NO_QUERY,learningashland,"Okay, @user says: Pls ppl, no more DDoS rt #Iran #iranelection (If you don't know what DDoS is, don't worry, you're not doing it.)",Wednesday,0.6170602440834045,0.3523247241973877,0.03061506897211075,Negative,-0.5864451751112938
0,2015997849,2009-06-03 05:58:05-07:00,NO_QUERY,psychobunny,ARGH!!!! just got bumped out of poker,Wednesday,0.8496001958847046,0.1236458420753479,0.02675403095781803,Negative,-0.8228461649268866
4,2015292363,2009-06-03 04:15:48-07:00,NO_QUERY,Pipia,@user me too... fiz agr pausa antes de almoÃ§o...,Wednesday,0.032274968922138214,0.7759971618652344,0.19172781705856323,Neutral,0.15945284813642502
4,2018256961,2009-06-03 09:40:59-07:00,NO_QUERY,VanessaAHudgens,"I'm reporting xVAHx right now as we speak, so if you could all block her then we can all go on with happy tweeting",Wednesday,0.31913453340530396,0.5599868297576904,0.12087865173816681,Neutral,-0.19825588166713715
0,2213754758,2009-06-17 15:48:03-07:00,NO_QUERY,chelseylindo,TV doesn't get good til 5,Wednesday,0.5451663136482239,0.3969891369342804,0.05784453824162483,Negative,-0.48732177540659904
0,2204109781,2009-06-17 01:20:56-07:00,NO_QUERY,mitchellrj,@user That link failed a bit!,Wednesday,0.7789900302886963,0.20880034565925598,0.01220958586782217,Negative,-0.7667804444208741
0,2322118040,2009-06-24 22:04:42-07:00,NO_QUERY,geomariesanders,A LiTTLE TOO NOT OVER YOU,Wednesday,0.32316291332244873,0.38613128662109375,0.2907058298587799,Neutral,-0.03245708346366882
0,2321448064,2009-06-24 21:04:12-07:00,NO_QUERY,Fergzzzz,wishes na sa hindi umulan ngayon.. and matuloy ang gimik nmin bukas [http],Wednesday,0.036398522555828094,0.6724578738212585,0.29114362597465515,Neutral,0.25474510341882706
0,2213627347,2009-06-17 15:37:45-07:00,NO_QUERY,veganluke,"@user You didn't say 'please delete that' to that photo. Look I'm sorry It was just a photo, and I'm sorry for putting it up.",Wednesday,0.8191591501235962,0.17310641705989838,0.0077344696037471294,Negative,-0.8114246805198491
0,2014744057,2009-06-03 02:32:32-07:00,NO_QUERY,xoxmillyxox,"@user yeh, i know, i cant wait till tomorrow night it's too long!! plus i'll be out to dinner with em so i wont see it!! xx",Wednesday,0.20657667517662048,0.24246303737163544,0.5509603023529053,Positive,0.3443836271762848
0,2212578021,2009-06-17 14:16:09-07:00,NO_QUERY,maddgirl,"[http] - working on a pic of julia, but I can't figure out the hand. Might give up on it",Wednesday,0.8234453201293945,0.16865873336791992,0.00789585616439581,Negative,-0.8155494639649987
0,2215515535,2009-06-17 18:14:49-07:00,NO_QUERY,lovesickass,@user Too bad,Wednesday,0.8642176389694214,0.1257142871618271,0.010068090632557869,Negative,-0.8541495483368635
0,2205673320,2009-06-17 05:13:24-07:00,NO_QUERY,Airport_Dieppe,@user Yup....up and at 'em!!!!! Why should I be awake and working if no one else is....,Wednesday,0.4753763973712921,0.38650941848754883,0.13811415433883667,Negative,-0.33726224303245544
0,2321621771,2009-06-24 21:19:17-07:00,NO_QUERY,Felipe_Andrade,@user AH!!! I want to see it!!!,Wednesday,0.004030309617519379,0.023386400192975998,0.9725832939147949,Positive,0.9685529842972755
0,2215689136,2009-06-17 18:28:48-07:00,NO_QUERY,claaudita,Thinking about you,Wednesday,0.06878331303596497,0.6576460599899292,0.2735706567764282,Neutral,0.20478734374046326
0,2016473741,2009-06-03 06:50:24-07:00,NO_QUERY,AshBryans,@user not now that I have a blackberry storm. Its way too slow when you hang up and and call back I tried yesterday lol,Wednesday,0.882819652557373,0.10687332600355148,0.010307052172720432,Negative,-0.8725126003846526
4,2016738836,2009-06-03 07:16:51-07:00,NO_QUERY,mariamorim,@user I love you,Wednesday,0.007281733676791191,0.026691032573580742,0.9660272598266602,Positive,0.958745526149869
0,2207544642,2009-06-17 08:04:28-07:00,NO_QUERY,xtheladyx,been chillin' and readin' today... nice... but got a headache now,Wednesday,0.12509262561798096,0.3569813370704651,0.517926037311554,Positive,0.392833411693573
4,1936063309,2009-05-27 07:23:18-07:00,NO_QUERY,testobsessed,@user You'll find this goes faster if you just admit I'm right,Wednesday,0.11511251330375671,0.5523173213005066,0.3325701653957367,Neutral,0.21745765209197998
4,2016089195,2009-06-03 06:08:44-07:00,NO_QUERY,RobDockerty,@user You managed to watch the original yet?,Wednesday,0.019535990431904793,0.946380078792572,0.03408387675881386,Neutral,0.014547886326909065
0,2213531958,2009-06-17 15:30:03-07:00,NO_QUERY,bearpupuk,"@user Thanks mate, I'm on contract, not PAYG so left settings alone, tried sending MMS to 1010, but no luck yet",Wednesday,0.09907380491495132,0.7100411057472229,0.19088512659072876,Neutral,0.09181132167577744
0,2206329562,2009-06-17 06:22:26-07:00,NO_QUERY,Tulippee,damn i wish i had money to by the vampire chronicle books,Wednesday,0.37102797627449036,0.43567967414855957,0.19329236447811127,Neutral,-0.1777356117963791
0,2218765998,2009-06-17 23:06:26-07:00,NO_QUERY,Vanysh,"@user Nick, can you write me a nice advice to be strong =( I need support",Wednesday,0.3637969493865967,0.4697193503379822,0.16648371517658234,Neutral,-0.19731323421001434
4,2015127020,2009-06-03 03:47:05-07:00,NO_QUERY,JoshuaRitmeijer,@user haha no haven't got any today but soon i will get some more haha,Wednesday,0.018084952607750893,0.2122262567281723,0.7696887850761414,Positive,0.7516038324683905
0,2214913470,2009-06-17 17:24:37-07:00,NO_QUERY,alyssachaeXP,phone broken again,Wednesday,0.8199347257614136,0.1594933420419693,0.020571958273649216,Negative,-0.7993627674877644
4,2018375652,2009-06-03 09:52:12-07:00,NO_QUERY,Haileybird19,@user [http] - whoa! oops i drooled,Wednesday,0.15896408259868622,0.410054475069046,0.43098148703575134,Positive,0.2720174044370651
0,2015757804,2009-06-03 05:26:59-07:00,NO_QUERY,mvks1,Thinkin of boomer....tomorrow is the anniversary of his passing,Wednesday,0.45035284757614136,0.5233882665634155,0.026258910074830055,Neutral,-0.4240939375013113
0,2014269632,2009-06-03 00:59:07-07:00,NO_QUERY,Splend,@user I tweeted someone asking if O'Brian cleaved Jay's desk in twain and made off with some wenches. Don't think he got the joke,Wednesday,0.4213653802871704,0.5586230158805847,0.020011641085147858,Neutral,-0.40135373920202255
0,2203622833,2009-06-17 00:09:14-07:00,NO_QUERY,suzanneb2,What a let down! Apple website now says the new iPhone software won't be ready until 6/18!,Wednesday,0.9103685021400452,0.07924198359251022,0.010389459319412708,Negative,-0.8999790428206325
4,2015723427,2009-06-03 05:22:15-07:00,NO_QUERY,AndrewGatto,@user Where's Greta Van Susteren when you need her.,Wednesday,0.3440314829349518,0.6019942760467529,0.05397422984242439,Neutral,-0.2900572530925274
0,2015634511,2009-06-03 05:09:35-07:00,NO_QUERY,staceydouglas,Doesnt feel very well,Wednesday,0.8225448131561279,0.15427373349666595,0.023181455209851265,Negative,-0.7993633579462767
4,2014398281,2009-06-03 01:23:57-07:00,NO_QUERY,wiredmusician,another wonderful end to a great day.. fruitful conversation with @user just made my night. thanks danz &lt;3 night tweeps,Wednesday,0.002766677178442478,0.005897918250411749,0.9913354516029358,Positive,0.9885687744244933
4,1936044937,2009-05-27 07:21:16-07:00,NO_QUERY,ilostmyfakeid,#unfollowdiddy and follow me instead! i am cooler.,Wednesday,0.1343141794204712,0.5404666066169739,0.3252192437648773,Neutral,0.19090506434440613
4,2015040715,2009-06-03 03:30:54-07:00,NO_QUERY,Shelleyftr,@user I second these thoughts!! You tell 'em Phil!,Wednesday,0.004264169838279486,0.06792772561311722,0.9278081059455872,Positive,0.9235439361073077
0,2208660234,2009-06-17 09:28:23-07:00,NO_QUERY,Alexxstar,@user *cries in corner*,Wednesday,0.5493096113204956,0.41201698780059814,0.03867334872484207,Negative,-0.5106362625956535
4,2017154891,2009-06-03 07:56:47-07:00,NO_QUERY,BionicBeauty,@user Yeah!! I'm honored!! I found your through @user. Looking forward to tweetin' with ya.,Wednesday,0.0021485676988959312,0.007455745246261358,0.990395724773407,Positive,0.988247157074511
0,2015996270,2009-06-03 05:57:54-07:00,NO_QUERY,NicholeVeronica,Class from 7-3 then work from 5-8 and still sick as a dog,Wednesday,0.8248921632766724,0.1563258320093155,0.01878204196691513,Negative,-0.8061101213097572
0,2205753634,2009-06-17 05:22:40-07:00,NO_QUERY,HCLforever,is getting ready to say her goodbyes,Wednesday,0.10764753818511963,0.7764880657196045,0.11586437374353409,Neutral,0.00821683555841446
0,2213268537,2009-06-17 15:09:01-07:00,NO_QUERY,lindafulkerson,Hi twitter-mates! Just installed a twitter app on my new blackberry. Haven't tweeted in ages! My service doesn't do iphone.,Wednesday,0.2778342664241791,0.5323494076728821,0.18981632590293884,Neutral,-0.08801794052124023
0,2211484260,2009-06-17 12:54:45-07:00,NO_QUERY,dchambe,I'm finally on here again because Dave is making me.,Wednesday,0.005465843249112368,0.0619967058300972,0.9325374364852905,Positive,0.9270715932361782
0,2209426211,2009-06-17 10:22:32-07:00,NO_QUERY,Brumstew,Looking out of the window and it looks like autumn,Wednesday,0.014059682376682758,0.4033695459365845,0.5825707912445068,Positive,0.5685111088678241
0,2203937998,2009-06-17 00:54:37-07:00,NO_QUERY,ChrisJervis,"@user damn, that sucks. sorry",Wednesday,0.8926029801368713,0.09574402868747711,0.011652978137135506,Negative,-0.8809500019997358
0,2014794200,2009-06-03 02:42:34-07:00,NO_QUERY,grabbity,oh dear. my hoomin-to-be is telling me that the live video stream isn't working that means i can be naughty and she won't know!,Wednesday,0.7671487331390381,0.20853136479854584,0.024319881573319435,Negative,-0.7428288515657187
0,2204521795,2009-06-17 02:26:12-07:00,NO_QUERY,sandycritchley,"My email has been bombarded with spams since on Twitter GRRR No thanks, I've NO INTEREST in Russian ladies!",Wednesday,0.9329010248184204,0.06006281450390816,0.007036139722913504,Negative,-0.9258648850955069
4,2014834809,2009-06-03 02:50:38-07:00,NO_QUERY,acampos95023,@user.. good night veruca.. nightowl like me.. * RN 2009 *,Wednesday,0.003375731175765395,0.12097644060850143,0.8756478428840637,Positive,0.8722721117082983
0,2215875442,2009-06-17 18:43:57-07:00,NO_QUERY,Shash,"@user well, how can we change that? That's not a good way to lose weight at all!!",Wednesday,0.9413632154464722,0.05401725694537163,0.00461948337033391,Negative,-0.9367437320761383
0,2217674743,2009-06-17 21:12:41-07:00,NO_QUERY,HuisJHu,my iTunes is messing up,Wednesday,0.9035654664039612,0.08673015981912613,0.009704363532364368,Negative,-0.8938611028715968
0,2214994155,2009-06-17 17:31:23-07:00,NO_QUERY,BabyC43,@user DAMN... just talking about that album makes me miss it... It was either lost or stolen,Wednesday,0.9296745657920837,0.06309854239225388,0.007226895075291395,Negative,-0.9224476707167923
0,2211325747,2009-06-17 12:42:59-07:00,NO_QUERY,CherryPie8683,Having a non impressive wednesday evening..,Wednesday,0.7698303461074829,0.21017025411128998,0.019999325275421143,Negative,-0.7498310208320618
0,2205369485,2009-06-17 04:35:19-07:00,NO_QUERY,peacefullykeira,didn't like that exam...,Wednesday,0.8860078454017639,0.10454224795103073,0.00944992434233427,Negative,-0.8765579210594296
0,2213756810,2009-06-17 15:48:13-07:00,NO_QUERY,MattProsser5,taylor youre mean,Wednesday,0.8386884331703186,0.1509980857372284,0.010313495062291622,Negative,-0.828374938108027
0,2016713739,2009-06-03 07:14:24-07:00,NO_QUERY,dance_angel,@user i babysit my cousins daughter. shes 1...and sry i 4got about twitter. i feel bad...,Wednesday,0.8382244110107422,0.15101496875286102,0.010760585777461529,Negative,-0.8274638252332807
0,2211456434,2009-06-17 12:52:39-07:00,NO_QUERY,Melig123,@user Shut up. PS Chris johnson was walking around with a cane yesterday. I asked him if he was taking classes but he didn't get it,Wednesday,0.5944118499755859,0.3752176761627197,0.030370499938726425,Negative,-0.5640413500368595
0,2216921359,2009-06-17 20:08:59-07:00,NO_QUERY,music4yasoul,"@user The past couple of days yeah. Sad, but yeah. I can quit anytime I want to though. They all say that huh.",Wednesday,0.7390576601028442,0.23588404059410095,0.025058340281248093,Negative,-0.7139993198215961
0,2217559893,2009-06-17 21:02:42-07:00,NO_QUERY,airalyn,super worried/scared. i NEED a real job #trackle #squarespace,Wednesday,0.884057343006134,0.1034948080778122,0.012447900138795376,Negative,-0.8716094428673387
4,2014614780,2009-06-03 02:06:50-07:00,NO_QUERY,soulboykirk,@user and that is the definition of a real man ...ooh song idea ...,Wednesday,0.013157347217202187,0.21845854818820953,0.7683840990066528,Positive,0.7552267517894506
4,2014969504,2009-06-03 03:17:08-07:00,NO_QUERY,phr0ggi,@user Wow. Talk about paying for your sins. JHB and Zuma's rhetoric? You must have killed kittens for fun in a previous life.,Wednesday,0.9281134009361267,0.06459961831569672,0.007286943960934877,Negative,-0.9208264569751918
0,2014426444,2009-06-03 01:29:32-07:00,NO_QUERY,gunyeewen,@user wooo ya.. we play like mad.. stress-releasing time... now limping and aching all over...,Wednesday,0.42802271246910095,0.3198499381542206,0.2521272897720337,Negative,-0.17589542269706726
4,2015063373,2009-06-03 03:35:09-07:00,NO_QUERY,iLoveSeventeen,@user i vote for tom felton &amp; chris pine! haha,Wednesday,0.0035663165617734194,0.3590938448905945,0.6373398303985596,Positive,0.6337735138367862
0,2204190854,2009-06-17 01:33:39-07:00,NO_QUERY,ch8en2,"@user I know you 're still sleeping I missed you yesterday on YT, so you better be there today LMAO j/k TTYSOON sweetie &lt;3 ya",Wednesday,0.03970872610807419,0.15917149186134338,0.8011197447776794,Positive,0.7614110186696053
4,2014530921,2009-06-03 01:50:41-07:00,NO_QUERY,1stladyRetroKid,gooodnight twitter! session went very well gotta keep pushing,Wednesday,0.002843464259058237,0.01432634238153696,0.9828301668167114,Positive,0.9799867025576532
0,2208159977,2009-06-17 08:51:17-07:00,NO_QUERY,brianlance,boooo to the jackhammering right out side my window. Also boooo to the people that don't change the empty bottle on the water cooler.,Wednesday,0.787077009677887,0.1867530643939972,0.026169877499341965,Negative,-0.760907132178545
0,2213070000,2009-06-17 14:53:51-07:00,NO_QUERY,Effervesce,@user CENTIPEDES?! AHH MAYBE I WILL NEED PROTECTING. LOL.,Wednesday,0.4292473793029785,0.3956468105316162,0.17510579526424408,Negative,-0.25414158403873444
0,2014876213,2009-06-03 02:58:54-07:00,NO_QUERY,gemeg,It's raining. I hope there's no school tomorrow!! Pleassee.,Wednesday,0.7667579054832458,0.16603563725948334,0.0672064796090126,Negative,-0.6995514258742332
4,2014612778,2009-06-03 02:06:26-07:00,NO_QUERY,IGoFaster,@user I'm on here sup nikka man I can't sleep nigga its lightning like crazy out here in irvine,Wednesday,0.6018692255020142,0.2981093227863312,0.10002142190933228,Negative,-0.5018478035926819
4,2018255785,2009-06-03 09:40:53-07:00,NO_QUERY,NoxFusion,Gonna get something to eat then long on RoM,Wednesday,0.013063467107713223,0.77886962890625,0.2080669105052948,Neutral,0.19500344339758158
0,2213509287,2009-06-17 15:28:13-07:00,NO_QUERY,MsPatriceMack,"I'm going to see HangOver tonight, but i'd rather see transformers.",Wednesday,0.10439284890890121,0.6244206428527832,0.2711865305900574,Neutral,0.16679368168115616
0,2206058572,2009-06-17 05:56:03-07:00,NO_QUERY,JoeMSantangelo,@user I have no tracking info yet WTF,Wednesday,0.8310385942459106,0.1626795530319214,0.006281822919845581,Negative,-0.8247567713260651
0,2208118452,2009-06-17 08:48:09-07:00,NO_QUERY,djmicdamn,Funyuns and Hot Chocolate. Not a good combo,Wednesday,0.9008356928825378,0.08719214051961899,0.011972138658165932,Negative,-0.8888635542243719
0,2213636910,2009-06-17 15:38:31-07:00,NO_QUERY,MrBairo,@user meant NEW*,Wednesday,0.056093793362379074,0.8595677018165588,0.08433850109577179,Neutral,0.028244707733392715
4,1792509317,2009-05-13 23:20:59-07:00,NO_QUERY,angiedoeshair,about ready to go to sleep,Wednesday,0.07396169006824493,0.7208638787269592,0.20517441630363464,Neutral,0.1312127262353897
4,2015336517,2009-06-03 04:23:20-07:00,NO_QUERY,irenekapetanaki,@user hello! and welcome to the wonderful world of tweeter,Wednesday,0.0027614140417426825,0.02098161354660988,0.9762569665908813,Positive,0.9734955525491387
4,2017155716,2009-06-03 07:56:52-07:00,NO_QUERY,NinaWenstrom,"Dinner with all the girls, gonna be so much fun!",Wednesday,0.0018129505915567279,0.008867282420396805,0.9893198013305664,Positive,0.9875068507390097
0,2215328900,2009-06-17 17:59:38-07:00,NO_QUERY,gduggan33,Uh i lost my schedule now i have to go back up there and get another print off. I need to make money so i can finish my sleeve,Wednesday,0.5664222836494446,0.38216593861579895,0.05141181871294975,Negative,-0.5150104649364948
0,2216426704,2009-06-17 19:28:08-07:00,NO_QUERY,gforce1967,@user Was going to download this afternoon...should I wait?,Wednesday,0.02938089519739151,0.9350453615188599,0.03557369485497475,Neutral,0.006192799657583237
0,2015490394,2009-06-03 04:48:11-07:00,NO_QUERY,Raptorine,"@user Hot tubs DEhydrate your body due to the high heat, and swimming can too because it's exercise. Sorry H'Wood.",Wednesday,0.8070788383483887,0.1797502338886261,0.013170941732823849,Negative,-0.7939078966155648
4,2014745436,2009-06-03 02:32:49-07:00,NO_QUERY,viveksingh,@user yeah sure,Wednesday,0.014732826501131058,0.6056835055351257,0.3795836865901947,Neutral,0.36485086008906364
4,2018754899,2009-06-03 10:27:40-07:00,NO_QUERY,GuidoS,@user the more the merrier...,Wednesday,0.007668378297239542,0.20985867083072662,0.7824729681015015,Positive,0.7748045898042619
0,2015030127,2009-06-03 03:29:00-07:00,NO_QUERY,maryasutimi,"paranoid! i'm too afraid to sleep and starting to hate DREAMS! sounds ridiculous, but it's true..",Wednesday,0.9382857084274292,0.05230997875332832,0.009404324926435947,Negative,-0.9288813835009933
4,2016873130,2009-06-03 07:29:57-07:00,NO_QUERY,JennW,"@user aw, thanks Kev.",Wednesday,0.007231474854052067,0.04195155203342438,0.9508169293403625,Positive,0.9435854544863105
0,2212130670,2009-06-17 13:42:48-07:00,NO_QUERY,sjh1494,"is at home, doing science coursework but will be worth it if i win the money",Wednesday,0.021921226754784584,0.27312830090522766,0.7049504518508911,Positive,0.6830292250961065
0,2204680100,2009-06-17 02:51:18-07:00,NO_QUERY,Jackzy,Had some weird/strange dreams,Wednesday,0.7258999347686768,0.2556573152542114,0.018442722037434578,Negative,-0.7074572127312422
0,2213246851,2009-06-17 15:07:19-07:00,NO_QUERY,BubblyBiancax3,Teeth are killing me!,Wednesday,0.9067288041114807,0.07683788985013962,0.01643328182399273,Negative,-0.890295522287488
4,2014233237,2009-06-03 00:52:02-07:00,NO_QUERY,growwit,"Wednesday is St. Morand's Day, patron of vintners, wine growers, wine makers. A good reason to open a bottle of wine",Wednesday,0.0021984523627907038,0.041202936321496964,0.9565985798835754,Positive,0.9544001275207847
4,2014529167,2009-06-03 01:50:20-07:00,NO_QUERY,SpicyBev,"@user ha ha Laureen, you would be ok at my house I would even let you play the blackout!",Wednesday,0.011431139893829823,0.11740370094776154,0.8711651563644409,Positive,0.8597340164706111
0,2018819083,2009-06-03 10:33:39-07:00,NO_QUERY,belleterrier724,At work. Should we studying investments - don't want to go to class tonight. Miss Amber this weekend,Wednesday,0.6896085143089294,0.2735441029071808,0.03684736415743828,Negative,-0.6527611501514912
4,2014967924,2009-06-03 03:16:48-07:00,NO_QUERY,jefz07,am about to go home. for no reason. need to find some motivation. still,Wednesday,0.7158899903297424,0.25026094913482666,0.03384901583194733,Negative,-0.6820409744977951
0,2215290406,2009-06-17 17:56:25-07:00,NO_QUERY,cameronolivier,@user haha I wish it was that simple. lol it's super frustrating either way,Wednesday,0.8532034158706665,0.11783735454082489,0.028959166258573532,Negative,-0.824244249612093
0,2214013212,2009-06-17 16:08:51-07:00,NO_QUERY,siana_mia,@user well delicious things aren't meant to last forever unfortunately,Wednesday,0.7428299188613892,0.22445033490657806,0.032719820737838745,Negative,-0.7101100981235504
0,2016698627,2009-06-03 07:12:54-07:00,NO_QUERY,jennyweir13,"@user Know what you mean.have been at work nearly an hr, aftr rolling out of bed &amp; drive the 40 minutes. &amp; I am not a coffee person",Wednesday,0.439985066652298,0.5065657496452332,0.053449176251888275,Neutral,-0.3865358904004097
4,2015694271,2009-06-03 05:18:10-07:00,NO_QUERY,_AMILLI_,On my way to work,Wednesday,0.027250811457633972,0.7723472118377686,0.20040199160575867,Neutral,0.1731511801481247
0,2213712938,2009-06-17 15:44:40-07:00,NO_QUERY,AdubbFFamous,this bitch so ugly she make my eyes hurt....,Wednesday,0.9560512900352478,0.03828165680170059,0.005667009390890598,Negative,-0.9503842806443572
0,2217757828,2009-06-17 21:20:17-07:00,NO_QUERY,QueenofHeartsx,"@user, yep that was me",Wednesday,0.06758865714073181,0.6848044395446777,0.24760690331459045,Neutral,0.18001824617385864
0,2016486043,2009-06-03 06:51:40-07:00,NO_QUERY,kenziee11,Actually have to go to school for 2 hours today,Wednesday,0.4830552637577057,0.4661693274974823,0.05077534168958664,Negative,-0.43227992206811905
0,2015757930,2009-06-03 05:27:00-07:00,NO_QUERY,joanslade,"sore throat i sang too much yesterday, lol. its true.",Wednesday,0.6630699038505554,0.28405138850212097,0.052878670394420624,Negative,-0.6101912334561348
0,2213606773,2009-06-17 15:36:04-07:00,NO_QUERY,LadyDiorrr,OMG! My dog is blind in one eye! I have a real bad attitude...don't want to be spoken to for the rest of the day,Wednesday,0.9435330629348755,0.04746884107589722,0.008998104371130466,Negative,-0.934534958563745
0,2219067224,2009-06-17 23:43:31-07:00,NO_QUERY,viajuan,"@user gaaay lol, ima re-write my about me",Wednesday,0.031179217621684074,0.6127146482467651,0.35610607266426086,Neutral,0.3249268550425768
0,2217736658,2009-06-17 21:18:20-07:00,NO_QUERY,doublepunching,[http] - Ah chucks! I missed the party...,Wednesday,0.8913604021072388,0.09356120973825455,0.015078401193022728,Negative,-0.876282000914216
0,2321679893,2009-06-24 21:24:25-07:00,NO_QUERY,take2top,How does it feel when you see your people dying for their freedom and here no one even knows where #iran is on the map. who cares i guess,Wednesday,0.9069425463676453,0.08852435648441315,0.004533084575086832,Negative,-0.9024094617925584
4,2017642451,2009-06-03 08:43:20-07:00,NO_QUERY,_rOsanna,@user lots of pulp for me,Wednesday,0.30060240626335144,0.5064423680305481,0.19295525550842285,Neutral,-0.10764715075492859
0,2207240211,2009-06-17 07:40:25-07:00,NO_QUERY,laura_x3,physics exam on friday,Wednesday,0.03580082580447197,0.888091504573822,0.07610765099525452,Neutral,0.04030682519078255
0,2206911028,2009-06-17 07:13:30-07:00,NO_QUERY,Letiitaa,Morning always comes too soon...,Wednesday,0.720677375793457,0.25423285365104675,0.02508970908820629,Negative,-0.6955876667052507
4,2014224992,2009-06-03 00:50:27-07:00,NO_QUERY,dmf71,"@user @user Good night wonderful people! May tomorrow be a beautiful day for you, filled w/ empathy.",Wednesday,0.0034815981052815914,0.008682138286530972,0.9878363013267517,Positive,0.9843547032214701
0,2204320994,2009-06-17 01:54:42-07:00,NO_QUERY,laurapower1,im feeling a little sad today,Wednesday,0.8446213006973267,0.14059701561927795,0.014781671576201916,Negative,-0.8298396291211247
0,2215674388,2009-06-17 18:27:36-07:00,NO_QUERY,edwardtime,T-mobile...coming up with new phones to outdate my current phone right after I get it.,Wednesday,0.310445100069046,0.5015429258346558,0.18801197409629822,Neutral,-0.1224331259727478
4,2016364317,2009-06-03 06:38:55-07:00,NO_QUERY,heidipj,procrastinating by installing open office 3 THEN i will finish that proposal,Wednesday,0.4300038814544678,0.5117734670639038,0.0582226887345314,Neutral,-0.37178119271993637
0,2014558024,2009-06-03 01:56:08-07:00,NO_QUERY,93Daisy,At work... empty... bored... v.bored...,Wednesday,0.8365505933761597,0.15261484682559967,0.010834536515176296,Negative,-0.8257160568609834
0,2213229446,2009-06-17 15:05:58-07:00,NO_QUERY,dieselboy28,Dev Team is taking forever to release the jailbreak software,Wednesday,0.8795583248138428,0.1095304787158966,0.010911166667938232,Negative,-0.8686471581459045
4,2018376856,2009-06-03 09:52:19-07:00,NO_QUERY,analao,addicted. i love shopping. bought another pair of shoes. damn. wheres my money?!?!?!,Wednesday,0.016451066359877586,0.05105996131896973,0.9324889183044434,Positive,0.9160378519445658
0,2322597161,2009-06-24 22:54:25-07:00,NO_QUERY,rtorres81,is still awake,Wednesday,0.038186680525541306,0.8687559366226196,0.09305748343467712,Neutral,0.05487080290913582
0,2209365979,2009-06-17 10:18:27-07:00,NO_QUERY,Mischee,@user I can't make that It's one of my best friends' birthday and he doesn't want to go to rapturefest. I am gutted to say the least.,Wednesday,0.9339624643325806,0.05882999300956726,0.007207520306110382,Negative,-0.9267549440264702
4,2015952752,2009-06-03 05:52:28-07:00,NO_QUERY,ddaly9,@user I showed a pic to my mum She said he's lovely! You looking forward to getting him?,Wednesday,0.0018201264319941401,0.01750481128692627,0.9806750416755676,Positive,0.9788549152435735
0,2213782787,2009-06-17 15:50:19-07:00,NO_QUERY,Lots_of_Jennie,"@user so i have a feeling the bad news is that you can't go to the beach! yo if you don't go, im going to be mad. So figur ...",Wednesday,0.8938757181167603,0.09738995879888535,0.008734289556741714,Negative,-0.8851414285600185
0,2218182760,2009-06-17 22:01:51-07:00,NO_QUERY,staciebee,@user It says I'm in the US store but brings up my Canadian store email address and neither password works...,Wednesday,0.5815519690513611,0.40419188141822815,0.014256123453378677,Negative,-0.5672958455979824
0,2205391108,2009-06-17 04:38:10-07:00,NO_QUERY,caatheedee,I'm always in school everytime Tom tweets @user Please tweet in the afternoon (in England time) (((((,Wednesday,0.706229031085968,0.2740705907344818,0.019700372591614723,Negative,-0.6865286584943533
0,2218164079,2009-06-17 22:00:05-07:00,NO_QUERY,Unknown_Heather,"@user I &lt;3 U Current Comedy, but you're gone because the jackholes in my town decided they'd rather have the Game Show Network.",Wednesday,0.7535821199417114,0.1885175257921219,0.05790038779377937,Negative,-0.695681732147932
0,2212955493,2009-06-17 14:45:01-07:00,NO_QUERY,aisbitsky,oh ... i forgot about the meeting tonight ... i guess i won't relax just yet,Wednesday,0.7739933729171753,0.21193638443946838,0.014070255681872368,Negative,-0.7599231172353029
0,2206281708,2009-06-17 06:17:56-07:00,NO_QUERY,freshblaked,is going in to get his wisdom teeth taken out and needs someone to take care of him.,Wednesday,0.17756469547748566,0.726146936416626,0.09628834575414658,Neutral,-0.08127634972333908
0,2204897333,2009-06-17 03:25:27-07:00,NO_QUERY,caseysevenfold,"@user So do I god damnit, why cant the hurry up and announce some date",Wednesday,0.923056960105896,0.06610352545976639,0.010839477181434631,Negative,-0.9122174829244614
0,2204947567,2009-06-17 03:33:18-07:00,NO_QUERY,jennaleaa,@user weve got it all to come haha,Wednesday,0.00453847274184227,0.11126094311475754,0.8842005729675293,Positive,0.879662100225687
0,2204782742,2009-06-17 03:07:03-07:00,NO_QUERY,DreemaS,I so cant go to sleep,Wednesday,0.7485749125480652,0.2084895372390747,0.04293551295995712,Negative,-0.7056393995881081
4,2016363097,2009-06-03 06:38:47-07:00,NO_QUERY,jessicasays,"@user Congrats! Also, neat, because our 5th is tomorrow!",Wednesday,0.0025821912568062544,0.010330469347536564,0.9870873689651489,Positive,0.9845051777083427
0,2212347184,2009-06-17 13:59:05-07:00,NO_QUERY,gritsy,@user all I have is my flask,Wednesday,0.0919966772198677,0.8145678639411926,0.09343548864126205,Neutral,0.0014388114213943481
0,2018835244,2009-06-03 10:35:09-07:00,NO_QUERY,cynthiasiew,i think the guitar hero guitar spoil,Wednesday,0.13330794870853424,0.7349411249160767,0.13175086677074432,Neutral,-0.001557081937789917
4,2014511299,2009-06-03 01:46:39-07:00,NO_QUERY,megan_rice,@user About time you started Twittering!,Wednesday,0.044696662575006485,0.6380348205566406,0.3172684907913208,Neutral,0.2725718282163143
4,2014273888,2009-06-03 00:59:56-07:00,NO_QUERY,viyoma,To Train..is altogether a different ball game..Loving It,Wednesday,0.004555888008326292,0.0212783832103014,0.974165678024292,Positive,0.9696097900159657
0,2015974954,2009-06-03 05:55:16-07:00,NO_QUERY,beccaschrod,@user i cant see the rest of what you wrote it just has dots... xxxx,Wednesday,0.5757512450218201,0.4088040888309479,0.015444665215909481,Negative,-0.5603065798059106
4,2015800272,2009-06-03 05:32:35-07:00,NO_QUERY,ycedeno,@user that's right! we're awesome! lolz! did you stay up watching episodes last night? lolz!,Wednesday,0.0017781845526769757,0.009659547358751297,0.9885622262954712,Positive,0.9867840417427942
0,2218867721,2009-06-17 23:18:28-07:00,NO_QUERY,marctaylor,almost got mauled by a raccoon they are not cute like in animes irl,Wednesday,0.9318899512290955,0.06159587949514389,0.006514139007776976,Negative,-0.9253758122213185
0,2206718741,2009-06-17 06:57:34-07:00,NO_QUERY,feeshda,@user johnny! that guy is unbelievable suuuper nice and sweet! bagay kay D. i'll miss alex too!,Wednesday,0.011027001775801182,0.03285536915063858,0.9561176300048828,Positive,0.9450906282290816
0,2203821501,2009-06-17 00:36:59-07:00,NO_QUERY,thenoblesavage,"@user Yeah, wish I had said that, or similar. Just astonished that grown adults so openly hateful towards a 4-year-old.",Wednesday,0.9146232604980469,0.07975084334611893,0.005625956691801548,Negative,-0.9089973038062453
4,2015513519,2009-06-03 04:51:47-07:00,NO_QUERY,Bigman1234,@user why do you have to know them to follow? The point of Twitter is to make friends/interact outside your normal circle,Wednesday,0.17037361860275269,0.7922126054763794,0.03741373121738434,Neutral,-0.13295988738536835
0,2018327757,2009-06-03 09:47:43-07:00,NO_QUERY,Furiouso,@user yeah man im dissapointed tho,Wednesday,0.8851731419563293,0.10761024802923203,0.007216591387987137,Negative,-0.8779565505683422
0,2204949848,2009-06-17 03:33:39-07:00,NO_QUERY,icicle_halo_,"@user I would DM, but you don't follow me However, I love a secret mission, so tell me!!!",Wednesday,0.04362696781754494,0.2953731119632721,0.6609998941421509,Positive,0.6173729263246059
0,2206627372,2009-06-17 06:49:40-07:00,NO_QUERY,techn0crat,@user me too. it does have priority shipping on it though so i'm thinking happy thoughts.,Wednesday,0.0030467952601611614,0.02648622915148735,0.9704669713973999,Positive,0.9674201761372387
0,2205063668,2009-06-17 03:51:45-07:00,NO_QUERY,krisgeorgiev,@user why doesn't my twitpit work from my bb,Wednesday,0.7848474979400635,0.20734478533267975,0.0078076645731925964,Negative,-0.7770398333668709
0,2015305657,2009-06-03 04:18:06-07:00,NO_QUERY,JeniPoynter_x,got double science n double tech,Wednesday,0.022987935692071915,0.7388616800308228,0.23815032839775085,Neutral,0.21516239270567894
0,2216890001,2009-06-17 20:06:24-07:00,NO_QUERY,vfclover14,i bored idk what to do #happybirthdaydrewryanscott =p,Wednesday,0.7604833841323853,0.20043809711933136,0.039078488945961,Negative,-0.7214048951864243
0,2215641799,2009-06-17 18:24:57-07:00,NO_QUERY,BeOWT,@user She just selfish!,Wednesday,0.9128388166427612,0.07824535667896271,0.008915835991501808,Negative,-0.9039229806512594
4,2014491330,2009-06-03 01:42:34-07:00,NO_QUERY,CharmsOfLight,"I love getting new followers, but REAL people only please!",Wednesday,0.0078122676350176334,0.03339199721813202,0.9587956666946411,Positive,0.9509833990596235
0,2205460197,2009-06-17 04:47:16-07:00,NO_QUERY,BedlamB,@user Interesting poll of the kids. I remember it being so niche and geeky when I was small. Mind you that was years ago.,Wednesday,0.020133381709456444,0.18062643706798553,0.7992401719093323,Positive,0.7791067901998758
0,2217125615,2009-06-17 20:25:42-07:00,NO_QUERY,orbital7,is home voiceless.,Wednesday,0.6860455274581909,0.29602912068367004,0.017925338819622993,Negative,-0.6681201886385679
4,2014221530,2009-06-03 00:49:55-07:00,NO_QUERY,rach210,dinners done and was yum! wow im in a rhyming mood lol... going out now yay! such an epic day!!!,Wednesday,0.002265920164063573,0.005818336736410856,0.991915762424469,Positive,0.9896498422604054
0,2019069324,2009-06-03 10:57:18-07:00,NO_QUERY,JenMeanIt,"@user they gonna put u on meds? Did they say if pot smoking has helped or hurt? Sorry man, that sux 4 u.",Wednesday,0.8846656680107117,0.10849644988775253,0.006837877910584211,Negative,-0.8778277901001275
4,2015651368,2009-06-03 05:12:00-07:00,NO_QUERY,degseb,"J'aurai 1.000.000 followers - Friday, 16th of March 2108 merci twittas pour cette superbe info",Wednesday,0.02414623647928238,0.8831365704536438,0.09271714091300964,Neutral,0.06857090443372726
4,2015209685,2009-06-03 04:01:34-07:00,NO_QUERY,BrandyMain,@user is truly one of the best friends ever! i love you,Wednesday,0.006969780195504427,0.008137866854667664,0.9848923683166504,Positive,0.977922588121146
4,2018830934,2009-06-03 10:34:44-07:00,NO_QUERY,RachelRebell,Leaving for Chick-Fil-A.,Wednesday,0.02001524157822132,0.834884762763977,0.14510001242160797,Neutral,0.12508477084338665
0,2206240739,2009-06-17 06:14:03-07:00,NO_QUERY,lizzi33,My mouth hurts. And I have to get the kids up and ready to go!,Wednesday,0.828548014163971,0.1493820697069168,0.02206992916762829,Negative,-0.8064780849963427
0,2210921393,2009-06-17 12:11:45-07:00,NO_QUERY,lucieoliverx,the cold is no fun,Wednesday,0.905209481716156,0.08096300810575485,0.013827505521476269,Negative,-0.8913819761946797
0,2218525039,2009-06-17 22:38:32-07:00,NO_QUERY,niholoid,@user yeah i remember that too,Wednesday,0.0702863410115242,0.7868691086769104,0.14284460246562958,Neutral,0.07255826145410538
