target,ids,date,flag,user,text,weekday
4,2048720362,2009-06-05 15:39:50-07:00,NO_QUERY,Judy_bcn,@user ou sorry! my english is bad too :$ hehe but i'm speaking catalan in that moment,Friday
0,2249549259,2009-06-19 22:32:38-07:00,NO_QUERY,msbunndotcom,just witnessed how easily my husband got my 2yo niece to take her medicine. OMG! What did I do wrong??? I was very nice with my approach!,Friday
4,1957641384,2009-05-29 01:08:12-07:00,NO_QUERY,sarah_jean,"@user no, trying to meet baby spice!",Friday
4,1961116118,2009-05-29 09:00:36-07:00,NO_QUERY,FreeBeing,#FF one of my new faves cos y'all know how I am! - @user,Friday
4,1963691694,2009-05-29 13:06:13-07:00,NO_QUERY,NinaMcFLY,it's cruel that I'm not living in the UK. wanna watch BGT too.,Friday
4,1881318484,2009-05-22 04:18:24-07:00,NO_QUERY,alexmcduff,is sick with teh fever. but im so happy that my baby took care of me yesterday the whole day so i'm feeling so much better,Friday
0,1957624003,2009-05-29 01:04:58-07:00,NO_QUERY,susieblake2002,@user Aw I left it at home I do have some Travis or Coldplay though? xx,Friday
0,2236599075,2009-06-19 04:06:05-07:00,NO_QUERY,tremblingfinger,Tante @user your number never works let's get together this weekend...,Friday
0,1960905445,2009-05-29 08:41:09-07:00,NO_QUERY,caitlinw13,..exams. haha just remembrd the china buffet king yesterday. vair amusing ....,Friday
4,1964706020,2009-05-29 14:40:12-07:00,NO_QUERY,seolman,@user sounds like a plan,Friday
0,2245732526,2009-06-19 16:33:34-07:00,NO_QUERY,micheala02,"Aliya has puked all over the carseat and car, peed all over a highchair and floor, and now diarhea all over the car seat Within 12 hrs!",Friday
0,2044730649,2009-06-05 09:44:54-07:00,NO_QUERY,Sian_11,cant work out if hes playing games or not,Friday
4,2050715699,2009-06-05 19:10:00-07:00,NO_QUERY,twolamb,"I'm so excited, I'm about to pee in my pants",Friday
0,1965667019,2009-05-29 16:19:33-07:00,NO_QUERY,NikitaBonita,Sick of fighting so it looks like no more burlesque for me,Friday
4,1963531604,2009-05-29 12:51:53-07:00,NO_QUERY,JtErvin,"@user haha not this season, but hopefully by next year it'll be the first official TV season!",Friday
0,1881102141,2009-05-22 03:36:26-07:00,NO_QUERY,omegatron,"@user Yep, can't get access to the desktop without getting rid of it, and I can't get the thing to boot of the Mac OS 9.0.4 cd either",Friday
0,2048952661,2009-06-05 16:02:53-07:00,NO_QUERY,MardellDavis,how long is it going to take to get an answer? getting seriously stressed out here,Friday
4,1957287777,2009-05-29 00:03:21-07:00,NO_QUERY,metamorphosisss,Okay...Back to job tracking,Friday
4,1960192316,2009-05-29 07:34:18-07:00,NO_QUERY,Lou1510,@user im yours is on! hehehe love it! xxxxx,Friday
4,1964894269,2009-05-29 14:59:09-07:00,NO_QUERY,shaquib,I like the idea of having a big family,Friday
4,2048389995,2009-06-05 15:07:19-07:00,NO_QUERY,ennnaenna,"i'm @user i can't really do anything, but it's fun.",Friday
0,2247499703,2009-06-19 19:11:20-07:00,NO_QUERY,sarannfox,@user my little coin purse that said this economy sucks is lost! someone pickpocketed me in hollister i had so much in there ...,Friday
0,1964685410,2009-05-29 14:38:09-07:00,NO_QUERY,nedia,@user im going to my dance class now,Friday
4,1964734314,2009-05-29 14:43:00-07:00,NO_QUERY,demiwood,@user Hey you're welcome... like the way you change your pic btw... v.clever,Friday
0,2051549555,2009-06-05 22:16:48-07:00,NO_QUERY,Joshontheradio2,I'm on the air and not feeling well.,Friday
4,1962007670,2009-05-29 10:22:47-07:00,NO_QUERY,AAmyHaanson,@user it just took a while.,Friday
4,1957550264,2009-05-29 00:51:18-07:00,NO_QUERY,SamanthaSlade,[http] don't forget goodnight.,Friday
0,2240610728,2009-06-19 09:57:13-07:00,NO_QUERY,Faukes,No letter yet this week... Usually it's come by now.,Friday
0,2048821969,2009-06-05 15:49:56-07:00,NO_QUERY,connster9700,@user I'm sorry to hear about your headache. Rest well and feel better soon.,Friday
4,1963820020,2009-05-29 13:17:54-07:00,NO_QUERY,EmBee20,@user I don't wear nail polish either so I forgive you.,Friday
0,1548314484,2009-04-17 20:36:54-07:00,NO_QUERY,oreocookie18,when i go in urban outfitters i mildly freak out because i want EVERYTHING - but then i realize 3/4 of it looks like shit on me,Friday
0,2238083803,2009-06-19 06:47:55-07:00,NO_QUERY,LindaaxD,@user Yay! I'm so jealous..,Friday
4,1967287526,2009-05-29 19:18:18-07:00,NO_QUERY,KidNovice,"@user mela i know ur a freak, u dont have to write me lol",Friday
4,1880905117,2009-05-22 02:55:18-07:00,NO_QUERY,GMMR,Big win of the day - @user letting us know that @user was on Twitter. Andrew FTW! My favorite Buffy character (um &amp; Willow too,Friday
4,1880857080,2009-05-22 02:45:02-07:00,NO_QUERY,merylpixelmagic,"@user hang in there - will get to your background soon, promise!",Friday
4,1957702073,2009-05-29 01:20:01-07:00,NO_QUERY,evapoortman,Getting a tour of the eye tracking lab today [http],Friday
0,1965532102,2009-05-29 16:05:10-07:00,NO_QUERY,bubblegumneko,"@user Yeah, it's work. It's been busy all day and I'm tired and hungry.",Friday
4,1964195051,2009-05-29 13:52:02-07:00,NO_QUERY,SashaHalima,"&quot;U know 1st date awkwardness? Twitter is just like that. But the more you hang out 2gether, more comfortable u become&quot; (via @user)",Friday
4,1966268188,2009-05-29 17:26:52-07:00,NO_QUERY,kimanie14,Nothing else exists when art does - Me,Friday
4,1966802928,2009-05-29 18:25:41-07:00,NO_QUERY,macmaxxx,"playing badugi freeroll on pokerstars....man, thats really a gamble...but i like it",Friday
0,1969409691,2009-05-29 23:57:09-07:00,NO_QUERY,hollyhalvorsen,Called my momma in aid of an emotional crisis. We're onna go out for a late-night snack. Sad friday's almost over,Friday
0,1960139893,2009-05-29 07:29:15-07:00,NO_QUERY,bufyluver5,"Finally, a beautiful, sunny day in Atlanta. Too bad I'm stuck inside working...",Friday
0,2235783932,2009-06-19 02:03:58-07:00,NO_QUERY,MrTweetALot,#IranElection Khamenei is so full of crap Freedom of speech my ass.....,Friday
0,2243322528,2009-06-19 13:18:10-07:00,NO_QUERY,xBlueEyes2x,@user Arghhhhhh msn being stupid and wont let me sign in :@ will keep trying though LoveYouuu xxx,Friday
0,1882200928,2009-05-22 06:25:46-07:00,NO_QUERY,lesliejam,Hoping to see a time soon when I don't have to answer the question what kind of pain is it? Dull or throbbing.....sigh,Friday
4,1548527841,2009-04-17 21:12:13-07:00,NO_QUERY,crazybeauty86,@user Thank you so much!!,Friday
0,2234931040,2009-06-19 00:03:20-07:00,NO_QUERY,missyosigirl,@user i has donuts! but how to give them to you?,Friday
4,2052074681,2009-06-05 23:35:10-07:00,NO_QUERY,rizwandean,Green tea,Friday
0,2235885902,2009-06-19 02:19:10-07:00,NO_QUERY,x_Darcey831_x,"@user yes u haveeeeee! near Bath, awesome! but i cant go which means it'll actually be absolutely rubbishhhhh!!",Friday
4,1962592051,2009-05-29 11:17:10-07:00,NO_QUERY,Rachel_410,@user Thanks for tweeting the New Moon clip link ! OME! I'm watching it over and over and over....,Friday
4,2044896628,2009-06-05 09:57:46-07:00,NO_QUERY,HiImShauna,@user @user you guys entertain me. keep tweeting.,Friday
0,2240793027,2009-06-19 10:10:09-07:00,NO_QUERY,monzica,"@user im so jealous i want to see it! Its taping, dont get the channel here getting a Mcds too hehe",Friday
4,1883116556,2009-05-22 08:02:05-07:00,NO_QUERY,NerdimusPrime,@user Have a good trip and lots of fun in Chicago.,Friday
0,1960382852,2009-05-29 07:52:37-07:00,NO_QUERY,nancy1053,"We need to remodel the house and the thoughts of doing it make me kind of ill He has one way and I have anouther, I just want to move. !",Friday
4,2048514392,2009-06-05 15:19:27-07:00,NO_QUERY,KristenKBarnett,"Looking forward to the weekend! Celebrating mom's bday, a little scrapbooking, quality time w/my hubby and babies Does it get any better?",Friday
4,2047966663,2009-06-05 14:27:19-07:00,NO_QUERY,mrsxkevxjay,"My computer crashed, but you could still check out my youtube. youtube.com/dRamatica1376",Friday
0,2250109652,2009-06-19 23:43:34-07:00,NO_QUERY,liannaaa,phone needs to be repaired maybe,Friday
0,2247829056,2009-06-19 19:41:16-07:00,NO_QUERY,SmittySmiff,@user awe man. I got so excited.,Friday
4,1676031358,2009-05-01 20:55:27-07:00,NO_QUERY,Scottiejmurray,Eatin brekky at a bite to eat yummy in my tummy,Friday
0,2051308693,2009-06-05 21:36:16-07:00,NO_QUERY,Dani_Van_S,"I don't know if my heads gonna explode or cave in on itself. Either way, not good.",Friday
0,2246126949,2009-06-19 17:07:57-07:00,NO_QUERY,allisonwills,"@user oh no you didnt not,your poor hair haha",Friday
0,2243289811,2009-06-19 13:15:40-07:00,NO_QUERY,JamesBarronFOX4,"...and as fate would have it, I'm having major voice issue but the show must go on!",Friday
0,2240521935,2009-06-19 09:50:47-07:00,NO_QUERY,haselwand,@user I wish it did! It doesn't include half of them. LOVE YOU!,Friday
0,1967335228,2009-05-29 19:23:36-07:00,NO_QUERY,_magic8ball,@user My sources say no,Friday
4,1882798663,2009-05-22 07:30:17-07:00,NO_QUERY,Bookworm,"@user Thanks, Mike!",Friday
4,1967494194,2009-05-29 19:41:02-07:00,NO_QUERY,philphenomenonx,Is going to watch up,Friday
0,2248846484,2009-06-19 21:16:57-07:00,NO_QUERY,DJTHEFUNNY,Chilling with my cat. I miss my girl and get come to sonic my aunt is rasing money for breast cancer text for details.!,Friday
0,1963710302,2009-05-29 13:07:54-07:00,NO_QUERY,lovelyaiko,My last full day of even day classes. I'm a little sad,Friday
4,1880400327,2009-05-22 01:06:19-07:00,NO_QUERY,craigrhoward,@user If you're going to bbq on gas you may aswell be cooking inside! where's the challenge if you know the food will cook properly?,Friday
4,1960591791,2009-05-29 08:12:10-07:00,NO_QUERY,Funkypotato,3 more exams to go. Easypeasy. ENGLAND HERE I COME! 10/13,Friday
4,1961765638,2009-05-29 10:00:39-07:00,NO_QUERY,muhr,now you're there,Friday
4,1969377445,2009-05-29 23:50:45-07:00,NO_QUERY,limers,"@user English, Filipino, and Japanese. hahaha! I can't curse in any other language hahaha",Friday
0,1882693845,2009-05-22 07:19:28-07:00,NO_QUERY,Hollie_Ainslie,Is in hospital,Friday
4,1964706513,2009-05-29 14:40:14-07:00,NO_QUERY,mintedscott,@user season 5 of ghost whisperer? do tell,Friday
0,1961891984,2009-05-29 10:12:07-07:00,NO_QUERY,RLKeane,wants this summer to actually have some sun in it,Friday
4,2051562096,2009-06-05 22:18:20-07:00,NO_QUERY,zerohitwonder,"David Sedaris loved my hair He asked what the style was called and I didn't have a name for it, so he dubbed it &quot;The Plexus&quot;.",Friday
0,1881524754,2009-05-22 04:53:55-07:00,NO_QUERY,mikeyfuzz,About to head off to a beach campsite and no t or internet til Sunday,Friday
4,1881338101,2009-05-22 04:21:59-07:00,NO_QUERY,kricket_rc234,"@user heyy yes, i'm here",Friday
0,2048262450,2009-06-05 14:55:16-07:00,NO_QUERY,Nanu_oh,I'm cold Nothing better than a hot coffee and watch movies!,Friday
0,2247395300,2009-06-19 19:02:00-07:00,NO_QUERY,drea510,oh my gosh! cant believe it's barely 7! today is going by SO slooooooow!!!!!,Friday
0,1967466256,2009-05-29 19:37:57-07:00,NO_QUERY,j007,Bored out of my gourd. If you're bored then you're boring?,Friday
0,1881485449,2009-05-22 04:47:42-07:00,NO_QUERY,lizyrose,Rounders was awesome! One more eam! But it is physics!,Friday
0,1960448602,2009-05-29 07:58:54-07:00,NO_QUERY,beccabreu,"is just waking up.. not very impressed with my sleep or my dreams. today is going to be a sucky day, I can feel it",Friday
4,1960478635,2009-05-29 08:01:41-07:00,NO_QUERY,giazzpet,"if at first you don't get what you want, keep trying....or think of another avenue first - me",Friday
4,1962486542,2009-05-29 11:07:13-07:00,NO_QUERY,Christina_Sal,Date 3 tonight! 2 CAN PLAY THAT GAME; WAIT &amp;&amp; SEE! ITS NOT ON UR TIME ITS ON MINE &amp; I RUN THIS!!! ? Ready to go to the Lake tonight!!,Friday
0,2051464354,2009-06-05 22:05:29-07:00,NO_QUERY,ainebegonia,after an hour of maintenance(sp???) Twitter is being flaky for me.,Friday
0,2249325399,2009-06-19 22:07:19-07:00,NO_QUERY,Crockettsgirl,Trying to go to sleep I miss the hubby shoulda had him come to Ohio,Friday
4,1962867926,2009-05-29 11:49:36-07:00,NO_QUERY,CC_Cassin,@user {{{{{{huggsss}}}}} you,Friday
0,1880976957,2009-05-22 03:10:09-07:00,NO_QUERY,_emmajane_,"@user I watched another film with zach in last wkend, The Last Kiss, but found it boring though",Friday
0,2244702857,2009-06-19 15:06:02-07:00,NO_QUERY,thefatlosskid,IM+ is shit. Keeps losing my Tweets. Gonna stick w/ Tweetie 4 now. On the train to &amp;other boring Sat at work,Friday
4,2044407196,2009-06-05 09:18:48-07:00,NO_QUERY,Doc_Remy,@user 'Over there' is absolutely messy! See your smile is soooooo refreshing to me...,Friday
4,1881168565,2009-05-22 03:49:44-07:00,NO_QUERY,ananelson,yay! mathnet reference in XKCD!,Friday
4,2050207484,2009-06-05 18:15:32-07:00,NO_QUERY,frankparker,"@user Me! In the gutter! Never! LOL ;-) Go get some sleep then, im going soon",Friday
0,2043922002,2009-06-05 08:36:39-07:00,NO_QUERY,Rachana,my throat hurts sooo much,Friday
0,1963278132,2009-05-29 12:28:55-07:00,NO_QUERY,asholigee,my phone is dead and my charger is miles away.. @user i'll talk to you in august,Friday
4,1964063377,2009-05-29 13:40:07-07:00,NO_QUERY,KitaCupcake,just chilling on twitter,Friday
0,2243644651,2009-06-19 13:42:53-07:00,NO_QUERY,missdiva27,About to start me shift.....bleh!!!!,Friday
0,2247391981,2009-06-19 19:01:42-07:00,NO_QUERY,theKT,"why are they dating?? now they're ALL taken,, i won't have a chance at the concert this is so heart-breaking!",Friday
0,1880963764,2009-05-22 03:07:19-07:00,NO_QUERY,james_gough,i hate people in the northern hemisphere! summer holidays for those losers,Friday
0,2243073188,2009-06-19 12:59:33-07:00,NO_QUERY,stfudemo,nearly KO-ed at work. the word anemic keeps being thrown around,Friday
0,1969161371,2009-05-29 23:11:48-07:00,NO_QUERY,joliramos,want that 2 happen. God give me grace n strength to make it idk how else to say i w/o getting emotional...yuck,Friday
0,1968879225,2009-05-29 22:26:40-07:00,NO_QUERY,alixt,"Panic attacks are painful for me, my chest hurts",Friday
0,2247572217,2009-06-19 19:17:53-07:00,NO_QUERY,amytranxo,should have tooken the weekend off still not fully recovered,Friday
4,2044465053,2009-06-05 09:23:53-07:00,NO_QUERY,anthonyjohnston,@user I see what you did there .. Very good ! x x x,Friday
4,1881130090,2009-05-22 03:42:05-07:00,NO_QUERY,rodet,@user wasnt I the guy with the pocket calculator? ... thanks for letting me discover @user though,Friday
4,1548319011,2009-04-17 20:37:37-07:00,NO_QUERY,bynjaimyn,So in love...,Friday
4,1880533902,2009-05-22 01:35:06-07:00,NO_QUERY,michaelonabike,"work is fun! (runs away) such a nice sunshiney day, hope it stays like this",Friday
0,1880208286,2009-05-22 00:27:11-07:00,NO_QUERY,tysrn,I can't believe final exam is next week! I don't even remember the subject on 1st semester,Friday
4,1967117385,2009-05-29 19:00:18-07:00,NO_QUERY,BJoie,"@user ohhmmmm,, Come back heah... ohmmmmm",Friday
4,1963114767,2009-05-29 12:13:32-07:00,NO_QUERY,TheHighRoad,@user whew. almost changed my perception of you. Now I can put you back on the pedestal.,Friday
4,1676483231,2009-05-01 22:10:48-07:00,NO_QUERY,marathonmaritza,@user good. I keep telling everyone I know. We all do it and I don't want any of you to learn the lesson like I did.,Friday
0,2051800172,2009-06-05 22:50:35-07:00,NO_QUERY,Yuleineeee,Jamming to Carrie Underwood &amp; Rascal Flatts in the car with the girls. On our way home! P.S; &quot;Land of the Lost -SUCKED.&quot; I didn't like it,Friday
4,2048391709,2009-06-05 15:07:28-07:00,NO_QUERY,midsomerlover,@user Because it aired already I can get BBC 1 and 2 on my television. And Hugh was brilliant! :p,Friday
4,2050773367,2009-06-05 19:16:01-07:00,NO_QUERY,dwsmillionthhug,@user [http] - Yeah... come to St. Louis... and Memphis... and Houston... @user,Friday
0,1967043408,2009-05-29 18:52:13-07:00,NO_QUERY,PunkieDory,where the f are my pinking shears? rarararrrarararr...babyproofing while cutting stuff makes me stick shears random places &amp; forget them,Friday
0,1957756631,2009-05-29 01:30:41-07:00,NO_QUERY,btudor,@user You've got to love fly tippers: [http] Worst I've seen is a dead mule dumped on Holmbury Hill.,Friday
0,2239791688,2009-06-19 08:58:22-07:00,NO_QUERY,Ainmer,@user Ugh...,Friday
4,2046726639,2009-06-05 12:36:09-07:00,NO_QUERY,BizarroBytes,"@user No bugs, eh? Better stay away from my story &quot;Parasite.&quot;",Friday
4,2047988413,2009-06-05 14:29:21-07:00,NO_QUERY,Abbie_xD,@user I personally think you look amazing and back up what you are saying 100%,Friday
4,2052106587,2009-06-05 23:40:53-07:00,NO_QUERY,Vanellita,@user daaaaani congraaaatulaaaatiooons q fiino! Q emocioon jajaja es lo maximo qndo le dicen a uno q you have been accepted,Friday
0,2237191086,2009-06-19 05:21:22-07:00,NO_QUERY,lizkerr4sure,Fuck work. I just wanna sleep,Friday
4,2048801879,2009-06-05 15:47:53-07:00,NO_QUERY,VenusetSerena,Another day of intense running and tennis... hopefully it all pays off womens final in the morning Safina vs. Kuznetsova! Go Sveta!!!!,Friday
0,1957522630,2009-05-29 00:46:04-07:00,NO_QUERY,rachellylove,im very sorry.,Friday
0,1880228300,2009-05-22 00:31:13-07:00,NO_QUERY,Lizziebeth2586,laying here awake... should be sleeping... but i miss my love,Friday
0,2046398455,2009-06-05 12:07:19-07:00,NO_QUERY,VikkSyn,@user Pullin a Cardo on a b.tch. What's been uppp.,Friday
4,2049028133,2009-06-05 16:10:21-07:00,NO_QUERY,sakuraphoto,"@user i have house fever big time, just not sure what we can afford, or if we'll even qualify for anything",Friday
4,2045708470,2009-06-05 11:07:13-07:00,NO_QUERY,D_AMAZIN,wake up in the morning turn on music choice and what comes on...MICHAEL JACKSON BAD!!!!!!! this was the cut tho when i was a lil kid lol,Friday
4,2051802221,2009-06-05 22:50:54-07:00,NO_QUERY,coolakool7,Minneapolis tomorrow and Australia on Tuesday yay i love life,Friday
0,2245668083,2009-06-19 16:27:59-07:00,NO_QUERY,NateLewis,I have (4) $100 Amex gift cards -- want a Kindle but AMZ does not take multiple cards at once. Booooo -- not sure what to do with these,Friday
4,2051842538,2009-06-05 22:56:59-07:00,NO_QUERY,tweeteradder6,@user Get 100 followers a day using [http] Once you add everyone you are on the train or pay vip,Friday
0,2240139470,2009-06-19 09:23:14-07:00,NO_QUERY,D5quared,Just had blood drawn. Apparently I have bad veins. My Dr. is a bitch. My arm hurts,Friday
4,1966114026,2009-05-29 17:09:02-07:00,NO_QUERY,xSummerLovinx,@user I like your Twitter pic!,Friday
0,1966593771,2009-05-29 18:03:03-07:00,NO_QUERY,katshimmers,@user pretty crap! looks like i'm going to have to move out of balcatta,Friday
0,1881255121,2009-05-22 04:06:31-07:00,NO_QUERY,EvenInArcadia,@user Same here... Poor show!!,Friday
0,1962733435,2009-05-29 11:33:31-07:00,NO_QUERY,BadPC,"My guitar ain't herew yet?, feel like i lost a limb!.",Friday
0,2051442804,2009-06-05 22:01:58-07:00,NO_QUERY,wtfitzsoyummiee,"anxious! hope my grades stay the same and raise! hope geometry have more extra credits, 2 pts away from an A!! i want tht A",Friday
0,2246203126,2009-06-19 17:14:43-07:00,NO_QUERY,princesssrox,becuz of the before we had before the last day of school my bangs have a permanent green highlight dang my mothers gonna kill me,Friday
4,2046682446,2009-06-05 12:32:17-07:00,NO_QUERY,PortDiscovery,Thinking of booking a school/group trip to Port Discovery? Contact Kristie Guilick in our Group Sales Dept. at 410.864.2664,Friday
4,1882303642,2009-05-22 06:37:33-07:00,NO_QUERY,classimami,@user aww thanks boo,Friday
0,2245007878,2009-06-19 15:31:30-07:00,NO_QUERY,xxJaviJav,watching nascar qualifying in sonoma. gahhh I wanna be there,Friday
4,1966672984,2009-05-29 18:11:22-07:00,NO_QUERY,Halleybug36,listening to paranoid... nick makes me smile BUTTERFLIEZZZ,Friday
0,2238154752,2009-06-19 06:53:56-07:00,NO_QUERY,firecracker35,"Ok, so the job market sucks big time out there! 2 family members laid off in the last 2 weeks. Let me know if you have any admin jobs.",Friday
0,2044026726,2009-06-05 08:45:46-07:00,NO_QUERY,minglemaddie,i've tried my best for not thinking damn much. but its still spinning on my head. anyone reveal insomnia potion pls,Friday
0,2234920989,2009-06-19 00:02:03-07:00,NO_QUERY,IslanderBri,i'm wide awake with nothing to do. ugh!,Friday
4,2046196131,2009-06-05 11:49:55-07:00,NO_QUERY,rachelmahoney,wanna babysit tonight?,Friday
4,1960192831,2009-05-29 07:34:21-07:00,NO_QUERY,starsweeper,"Watching The Office before work. &quot;No, Rose, they are not breathing. And they have no arms or legs.&quot; haha",Friday
0,1882191859,2009-05-22 06:24:44-07:00,NO_QUERY,Jayme1988,@user Good you feel well. I am good thanks. just waiting for the end of work,Friday
0,1965980697,2009-05-29 16:54:05-07:00,NO_QUERY,joshg85,"ugh gone through 2 new phones and now my screen is black, which means no texting",Friday
4,1676222041,2009-05-01 21:25:34-07:00,NO_QUERY,clara018,I'm about to be finish with this story! ha! I'll gonna post it soon,Friday
0,1961243505,2009-05-29 09:12:08-07:00,NO_QUERY,DonnaWilliams85,extremely bored.,Friday
4,2048349307,2009-06-05 15:03:30-07:00,NO_QUERY,CedricDiggory,"Sitting in Mike's apartment while he's at work with Shelbz, Emz, Steph, and Chez Going to Shane's soon",Friday
4,1883094142,2009-05-22 07:59:58-07:00,NO_QUERY,pinky_dink82,"Going to use the Dwight (the Office US) method of looking busy, typing his name over and over and over again",Friday
0,1676590196,2009-05-01 22:30:55-07:00,NO_QUERY,tuffasnuts,attempting to get PCTV working on Vista Premium. The out of the box install failed.,Friday
0,2239592018,2009-06-19 08:43:52-07:00,NO_QUERY,SylvieSOfasho,Ughhh I could have slept in but I'm soo used to waking up early. Work at 10,Friday
4,1880936050,2009-05-22 03:01:33-07:00,NO_QUERY,lisabjerre,"@user Social media savvy youngsters know how to tweet smart If they don't, they're not cut out for it?",Friday
4,1880848657,2009-05-22 02:43:16-07:00,NO_QUERY,andyenglish,"Last day of this illustration job... seems to be moving nicely but, as usual, I have saved the trickiest until last. Before that, a map",Friday
0,1969142870,2009-05-29 23:08:42-07:00,NO_QUERY,ultraterry,@user its gonna take foreverrrr,Friday
0,1966043399,2009-05-29 17:01:05-07:00,NO_QUERY,t_petrillo,Homework &amp; Study Guides,Friday
0,2045284454,2009-06-05 10:30:16-07:00,NO_QUERY,MilanChristophr,@user goodmorning misster although I'm mad at you!,Friday
0,2247327426,2009-06-19 18:56:01-07:00,NO_QUERY,kingscorpio09,@user Noooo im gonna goo OJ on that chick lol. Nah have fun at the awards,Friday
4,1966114878,2009-05-29 17:09:07-07:00,NO_QUERY,reikifurbabies,@user Thanks That is her &quot;crunchy&quot; kittie,Friday
0,1963131303,2009-05-29 12:15:05-07:00,NO_QUERY,gabiigarcia,my hair won't turn whiiite,Friday
4,1957740979,2009-05-29 01:27:43-07:00,NO_QUERY,SenjaParkkinen,is going shopping today,Friday
4,1881230821,2009-05-22 04:01:53-07:00,NO_QUERY,cjs_3,Give to Charities ........Refer Friends ........ Then Earn.......... Come Join Me [http],Friday
4,2047571021,2009-06-05 13:51:07-07:00,NO_QUERY,THE_TOPIC,"@user i'll tell you whats up Rich just joined twitter, lol ...I see you still looking as fine as you did @ st. john's what's good V?",Friday
4,1883432859,2009-05-22 08:32:36-07:00,NO_QUERY,kellypuffs,@user: absolutely! Happy vacation!,Friday
0,1957524173,2009-05-29 00:46:21-07:00,NO_QUERY,biglime,"Ghhh! Went an hour earlier to bed thinking ill get an area hr of sleep, woke up an hr earlier. Today is gonna be a looooong one again.",Friday
0,2051452301,2009-06-05 22:03:30-07:00,NO_QUERY,mzsonia,Boy! Twitter really not like'in me right now.,Friday
4,1880830575,2009-05-22 02:39:29-07:00,NO_QUERY,ChellyBum,yayyay getaway and amity next weekend,Friday
0,2243378221,2009-06-19 13:22:26-07:00,NO_QUERY,aggiieee,30stm playin at london tommorow &amp; only london in england,Friday
0,2247196320,2009-06-19 18:44:03-07:00,NO_QUERY,Rockin_Robyn,"Monster migraine all day- meds not working, might as well be popping candy.",Friday
4,1957394055,2009-05-29 00:21:54-07:00,NO_QUERY,rtirado,@user I bet it was...,Friday
0,2239370649,2009-06-19 08:27:40-07:00,NO_QUERY,Serescobar,@user: well have fun call me when u get a change,Friday
0,2049536637,2009-06-05 17:03:14-07:00,NO_QUERY,dropdeadcaveman,I miss my xbox 360,Friday
4,1548284813,2009-04-17 20:32:10-07:00,NO_QUERY,DanteSephiroth,I'm thinking of you. [http],Friday
0,2049702086,2009-06-05 17:20:47-07:00,NO_QUERY,GreenEyedGrin,@user,Friday
0,1880173440,2009-05-22 00:20:09-07:00,NO_QUERY,Asilady,Anyone else feel alone tonight,Friday
4,1968317485,2009-05-29 21:11:28-07:00,NO_QUERY,treewatcher21,"@user yeah,that's true !",Friday
4,2047703361,2009-06-05 14:03:02-07:00,NO_QUERY,lizzyv12,.... ditching.....,Friday
4,2050528535,2009-06-05 18:49:56-07:00,NO_QUERY,Sh3G4,"The good thing is tha today is FRIDAY!! And that means, is weekend!! And thereÂ´s no school! Yayyyy!",Friday
0,2045260887,2009-06-05 10:28:15-07:00,NO_QUERY,familychoice,"@user I'm so fed up with this site, it's taken ten times longer to build and worst of all it's a freebie",Friday
0,2050947345,2009-06-05 19:34:58-07:00,NO_QUERY,feathersong,"@user yeah, I'm catching up on tweets and saw it's been a day to forget for you, so sorry",Friday
4,1961004215,2009-05-29 08:50:22-07:00,NO_QUERY,SedonaClarke,[http] - The Best movie i have seen in my life! 3D Made it alot better,Friday
0,2248806891,2009-06-19 21:12:56-07:00,NO_QUERY,imsobakedrtnow,gonna ATTEMPT to fall asleep..this shall be funnnn,Friday
0,1966568172,2009-05-29 18:00:21-07:00,NO_QUERY,lonemat,@user i want teddys to love me,Friday
0,2245949331,2009-06-19 16:52:33-07:00,NO_QUERY,rhaay,@user eu sempre tenho vou te add no heybroccoli!,Friday
0,2248138607,2009-06-19 20:09:40-07:00,NO_QUERY,susiegirltellem,Last night in California.,Friday
0,1965477238,2009-05-29 15:59:31-07:00,NO_QUERY,luduhkris,too bad i'm @ work ...,Friday
0,2249190560,2009-06-19 21:52:52-07:00,NO_QUERY,ohbernbern,@user aw I missed you! I had to work,Friday
4,1676065801,2009-05-01 21:00:40-07:00,NO_QUERY,nkotbblockhead,@user good knight don't tink! ;P,Friday
0,2046723350,2009-06-05 12:35:52-07:00,NO_QUERY,nicole328,@user what song? I'm at lunch,Friday
0,2244347480,2009-06-19 14:37:42-07:00,NO_QUERY,bratt,@user sorry to hear that. hope it gets better.,Friday
4,1957467663,2009-05-29 00:35:37-07:00,NO_QUERY,perfectdeath,Congrats Gerard and Lindsey! You guys are gonna make AMAZING parents!,Friday
4,2051250112,2009-06-05 21:20:05-07:00,NO_QUERY,jproudfo,"Really feel like an American tonight... Drove 15 mins and was in line for 20 mins for a free donut. The economics seem wrong, somehow.",Friday
0,1967165275,2009-05-29 19:05:25-07:00,NO_QUERY,kellyske,"took a nap with Micah just now and I'm still exhausted...Might resort to coffee...wait no, it's too late in the day for coffee",Friday
4,1966373728,2009-05-29 17:38:55-07:00,NO_QUERY,Money_all_day,"@user ROFL! For real, the Hills, Harlem Heights,Charm School,etc. etc. aint got nothing on what could be!!! But soon-trust &amp; believe!",Friday
4,1966764595,2009-05-29 18:21:27-07:00,NO_QUERY,sjaydacapricorn,"Okay denver let's do this, let's win this game please. Happy b day by the way melo",Friday
4,1882248137,2009-05-22 06:31:14-07:00,NO_QUERY,DarkPiano,"@user Hey there, Catrina! Happy Friday.",Friday
0,2047614848,2009-06-05 13:55:06-07:00,NO_QUERY,SearaNicole,Been sicky in bed all day,Friday
0,2044456141,2009-06-05 09:23:05-07:00,NO_QUERY,janita7,my heand hurts,Friday
0,2051156535,2009-06-05 19:57:59-07:00,NO_QUERY,ChrisIsWrong,First day of summer is over. Starting to sink in is the fact that my girlfriend time has been severely limited,Friday
4,1881578993,2009-05-22 05:02:20-07:00,NO_QUERY,Meghuber,Morning y'all. I am off to sub for PE. Can I make them run laps all day? No? Darn.,Friday
0,2047902497,2009-06-05 14:21:14-07:00,NO_QUERY,jedidiah08,The pirates do suck. Sorry nacho. Its never gonna happen,Friday
4,1957720392,2009-05-29 01:23:35-07:00,NO_QUERY,Ilariat93,@user i agree... Love italy...,Friday
4,1967983394,2009-05-29 20:33:28-07:00,NO_QUERY,Devynn323,readingg,Friday
0,2247040254,2009-06-19 18:30:02-07:00,NO_QUERY,WhatsTheT,@user it rarely happens but I'm human.,Friday
0,1967551587,2009-05-29 19:47:22-07:00,NO_QUERY,ohrio,@user were u at wonderland today? we did the beep test,Friday
4,1676562465,2009-05-01 22:25:38-07:00,NO_QUERY,itfeltsoweird,"@user I don't care. Assuming you're posting either lyrics or a title, I'm doing the same. Apocalyptica",Friday
0,2247038033,2009-06-19 18:29:50-07:00,NO_QUERY,esposj,@user sorry to hear happy thoughts beamed your way.,Friday
4,1676455548,2009-05-01 22:05:48-07:00,NO_QUERY,chrissylvester,Finished marshalling at the triathlon - off to find beer and food,Friday
4,2048093503,2009-06-05 14:39:11-07:00,NO_QUERY,kellymarie4,happy birthday to my brother bologna and @user. hope you both are having fantastic days!,Friday
4,1548499787,2009-04-17 21:07:27-07:00,NO_QUERY,edgar_ardon,@user watching Shockwave !!,Friday
0,1967360378,2009-05-29 19:26:19-07:00,NO_QUERY,Twit_WorLd,#TWRF My besties. If only @user was there. on Twitpic: [http] - My besties. If only.. [http],Friday
4,1965697204,2009-05-29 16:22:43-07:00,NO_QUERY,FraBernal,@user YEAHHH,Friday
4,1967419282,2009-05-29 19:32:41-07:00,NO_QUERY,rehes,@user grass is always greener,Friday
4,1960874130,2009-05-29 08:38:16-07:00,NO_QUERY,Elliecan,Workout time... Lets go!!!,Friday
4,1882356697,2009-05-22 06:43:28-07:00,NO_QUERY,MeGgy,What a happy lunchtime - New shoes at a bargain price,Friday
0,2246656577,2009-06-19 17:55:47-07:00,NO_QUERY,iTomath,Ah damn I'm tired. Never anyone online at this time to talk to I'm like the only person who stays up late out of my friends.. pfft,Friday
4,1965525966,2009-05-29 16:04:30-07:00,NO_QUERY,MrsAtwood,@user Feel good about it. Failure is just a learning experience.,Friday
0,1881656987,2009-05-22 05:14:28-07:00,NO_QUERY,Brett_Terry,For some reason I was wide awake at 6:00 this morning even though I didn't go to bed until after 3:00. Sad day...no sleep.,Friday
4,1961047352,2009-05-29 08:54:19-07:00,NO_QUERY,TayHartsMusic,it's acctually sunny today,Friday
4,1965932493,2009-05-29 16:48:38-07:00,NO_QUERY,RickyNichols,At Alfresco Fridays festival DTown at the outside of the plaza theatre. Free. 202 playing. Till 730. come play,Friday
0,2236256337,2009-06-19 03:14:22-07:00,NO_QUERY,bemadder,I wanna play with my dogs but they're asleep.,Friday
4,1880839101,2009-05-22 02:41:17-07:00,NO_QUERY,tpphotography,@user congratulations - lisa - they are one lucky couple,Friday
0,1968173758,2009-05-29 20:54:16-07:00,NO_QUERY,Nchalada,@user need a delete button on Thumbwhere... the 2 photos i sent dint' come out very well this mornin',Friday
0,2052055129,2009-06-05 23:31:45-07:00,NO_QUERY,miss_alliev,@user shattered that they're already bringing out a better iPhone.. I thought I was safe for 12 months at least!!,Friday
4,2049895788,2009-06-05 17:41:36-07:00,NO_QUERY,Florrciita,"@user seriously Demi, you're amazing!! apart from having a wonderful voice, it's so kind of you to say those words!",Friday
0,2240626976,2009-06-19 09:58:22-07:00,NO_QUERY,codePrincess,"know i'm a bit late on this, but: the season final of heroes was... ridiculous",Friday
4,2049744096,2009-06-05 17:25:21-07:00,NO_QUERY,mattmaloney,@user awesome,Friday
0,1961261937,2009-05-29 09:13:50-07:00,NO_QUERY,d0rsch,Hallooo bayern!hallooo stau!,Friday
4,1964480780,2009-05-29 14:18:12-07:00,NO_QUERY,Tanya_xO,can't get Fly With Me out if my head...not that I want to,Friday
0,1881880683,2009-05-22 05:46:16-07:00,NO_QUERY,mcraddictal,@user you have enough stuff to worry about...,Friday
4,1961594303,2009-05-29 09:44:45-07:00,NO_QUERY,patte3992,"Good night! Early day tomorrow! Youth Aflame, &quot;Palarong Pinoy&quot; tomorrow @ church, 8am. Don't be late!",Friday
4,1881947808,2009-05-22 05:55:07-07:00,NO_QUERY,SharitaBBJ,Is headed to Alabama to see my little big brother graduate from high school,Friday
0,2238781835,2009-06-19 07:43:58-07:00,NO_QUERY,baileso,@user can that count as a carb and a protein for me???,Friday
0,2051227046,2009-06-05 21:13:28-07:00,NO_QUERY,wynsters,FTW: bought many books today FTL: bit my tongue so hard it bled,Friday
0,2244893813,2009-06-19 15:21:56-07:00,NO_QUERY,Glitter_City,My bunny died,Friday
0,1957303384,2009-05-29 00:06:00-07:00,NO_QUERY,AyoMillions,@user No twitpic? lol,Friday
0,2247413241,2009-06-19 19:03:37-07:00,NO_QUERY,belenneleb,"@user i need they to come back here. i sin chiruzas, solitos por favor POR FAVORRRRR",Friday
4,1964241277,2009-05-29 13:56:11-07:00,NO_QUERY,SaraGray89,hot pink nail polish makes me,Friday
4,1960293242,2009-05-29 07:44:05-07:00,NO_QUERY,StudioDaCapo,"Recently retouched. [http] Finally got it to work, I think. An old dog can learn new tricks, see?",Friday
4,1960389854,2009-05-29 07:53:17-07:00,NO_QUERY,anambanana,@user thanks.,Friday
0,2049555023,2009-06-05 17:05:09-07:00,NO_QUERY,zaurav,@user yeah I'm still working on it. Theres a LOT of stuff left to do,Friday
0,2048789247,2009-06-05 15:46:38-07:00,NO_QUERY,meggytron,@user It's such BULLSHIT. I'm sorry &lt;3333333,Friday
4,1967250968,2009-05-29 19:14:22-07:00,NO_QUERY,BookishlyFab,@user I meant &quot;worse&quot; not &quot;worst.&quot;,Friday
4,1963908839,2009-05-29 13:26:02-07:00,NO_QUERY,TheRealAngelena,"ANYWAYS, FOLLOW FRIDAY FOLLOW ME @user AND I WILL FOLLOW YOU BACK. HOPEFULLY I GET 1000 FOLLOWERS BY THE END OF THE WEEK. HAHA",Friday
0,1963963696,2009-05-29 13:30:59-07:00,NO_QUERY,kaylapotter89,This Water Horse movie is totally making me want to go to Scotland. I want a water horse lol,Friday
0,2051134402,2009-06-05 19:55:34-07:00,NO_QUERY,matthewfong,"@user not out, there never is any",Friday
4,1967849060,2009-05-29 20:19:18-07:00,NO_QUERY,Hueeezy,i love my momma. she treats me like im still 5 years old.,Friday
4,1958076347,2009-05-29 02:34:46-07:00,NO_QUERY,conversegirl101,parttyy tonightt. off to dubaii-lermall tweet outtt.,Friday
4,1991718378,2009-06-01 07:32:30-07:00,NO_QUERY,Casserella,@user I've felt like that,Monday
4,1997873374,2009-06-01 17:36:14-07:00,NO_QUERY,Missmikelah,@user soon I hope! I'm still getting better myself but def want to take her out soon,Monday
4,1993905582,2009-06-01 11:06:41-07:00,NO_QUERY,ShiyamaE,"Hwk, Class, Laying out all day, more crazy amounts of hwk but nothing is better than laying out in this sun and getting my tan on",Monday
4,1564469591,2009-04-20 03:38:30-07:00,NO_QUERY,rwwr,@user do you own any cologne? that's for your Q&amp;A.,Monday
0,2177704475,2009-06-15 06:33:49-07:00,NO_QUERY,keeyoe,I came back home from work. So tired today 4days interval influenced probably.,Monday
4,1696003612,2009-05-04 07:24:40-07:00,NO_QUERY,agibsmith,This is great! I just found out that it's Star Wars Day. &quot;May the 4th&quot; be with you! Have you hugged your Ewok today?,Monday
4,2188031215,2009-06-15 21:11:16-07:00,NO_QUERY,charlotte_yo,"trying to convice my mum 2 stop eating red meat, and to buy me a puppy it aint workin so far yet tho, ill keep yooh all posted xx",Monday
0,1989919124,2009-06-01 03:16:07-07:00,NO_QUERY,NANCY___,@user the clash are too good for their armand van halen ears.,Monday
4,1992708625,2009-06-01 09:11:41-07:00,NO_QUERY,KandiceLeigh,I had forgotten how therapeutic a cigarette was.,Monday
4,1573026392,2009-04-20 23:25:56-07:00,NO_QUERY,simonsolli,Just arrived at school. We're talking about meat and stuff mmmmmmmm..,Monday
4,2176849898,2009-06-15 04:54:06-07:00,NO_QUERY,donyablaze,Truly excited about this Monday and expecting greatness. Shouts to Coka for the inspiration!,Monday
0,2178448319,2009-06-15 07:42:59-07:00,NO_QUERY,Nawel_xx,@user I WANNA MOVE TO LONDON!!!!!!!! LOOOOOOOOOOL!! it sucks living in kent.. haha,Monday
4,1995939902,2009-06-01 14:17:01-07:00,NO_QUERY,KristinFOD,YAY for cheap flights!!!,Monday
0,2180167127,2009-06-15 10:06:02-07:00,NO_QUERY,MissTonix,I bet it gets worse,Monday
0,1990389975,2009-06-01 04:44:24-07:00,NO_QUERY,jasdans,@user the thing is i had iberry's horlics choc cake for lunch and am still feeling sick,Monday
4,1999511025,2009-06-01 20:20:42-07:00,NO_QUERY,nthmost,"You know, @user, you might be right.",Monday
0,2181508307,2009-06-15 11:55:26-07:00,NO_QUERY,DanaK6,@user totally! I'm jealous! cake &amp; flapjack!,Monday
0,2282823120,2009-06-22 11:51:14-07:00,NO_QUERY,wondergirlsarah,today i'm obsessed with sailor moon i want to make a video but sony vegas wont go,Monday
4,1834488420,2009-05-18 03:07:40-07:00,NO_QUERY,dinosaurrrrs,Wheeeeeeeeeeeeeeeeeeeeeeeeeeeeeeeeeeeeeeee,Monday
0,1989963916,2009-06-01 03:25:28-07:00,NO_QUERY,gingermail,I'm not allowed outside today. I got too burnt yesterday,Monday
0,1991129189,2009-06-01 06:27:36-07:00,NO_QUERY,keeksmiele,missing all time low...,Monday
0,2287990169,2009-06-22 18:34:12-07:00,NO_QUERY,mellynn30052,i really want my mac to come back on,Monday
0,2286044085,2009-06-22 15:55:22-07:00,NO_QUERY,Drayshawn,"@user AWW man that sucks. That whip is the shit, with it's WI-Fi....LMAO!!!",Monday
4,1696133938,2009-05-04 07:40:47-07:00,NO_QUERY,comzeradd,back to athens. ????? ? ??????,Monday
4,2176737431,2009-06-15 04:38:03-07:00,NO_QUERY,genvongrimm,Twitterrific works again. Yayyyy,Monday
0,2181617284,2009-06-15 12:04:13-07:00,NO_QUERY,inkgypsy,@user Season 2 - Amazing wonderful! And then Season 3!! Jackzilla is too young to be Buffy friendly yet have to sneak in viewings...,Monday
4,2184184343,2009-06-15 15:32:30-07:00,NO_QUERY,RadioKiller87,B-O-O-S-I-E B-A-D-A-Z-Z that's me! wipe me down,Monday
4,1835547673,2009-05-18 06:14:21-07:00,NO_QUERY,kayasmith,@user @user so guys did u enjoy my muffins? x,Monday
0,1997499239,2009-06-01 16:57:34-07:00,NO_QUERY,katewalling,@user Thanks! The Blackberry app isn't as good I think I'll sign in/ sign out for now.,Monday
0,1833903753,2009-05-18 00:52:55-07:00,NO_QUERY,appieschot,virtual machine beta doesn't support disk sizes of 172 gb,Monday
4,1834010767,2009-05-18 01:17:06-07:00,NO_QUERY,sugartastic,"@user Nah, you're not old! XD Lots of people don't know what &quot;XD&quot; means. But it's good you know &quot;LOL&quot;.",Monday
0,1997453425,2009-06-01 16:52:39-07:00,NO_QUERY,emilykatee,@user come back to adelaide!! i miss you your two shows in adelaide were amazing!! and cant wait to see it for a third time in augus &lt;3,Monday
4,2180102220,2009-06-15 10:00:49-07:00,NO_QUERY,wendy_fred6,"@user Hehe yeah, the beer bike is becoming a normal thing in #Amsterdam. Quite fun imho [http]",Monday
4,1996616085,2009-06-01 15:23:19-07:00,NO_QUERY,evilbobby,"@user good point, but I would need to see some twitpics too otherwise not much fun",Monday
0,2175120927,2009-06-15 00:08:18-07:00,NO_QUERY,ladyliin,"testweek, here I come.",Monday
4,2185804523,2009-06-15 17:55:53-07:00,NO_QUERY,savina_donitia,@user ...my favorite rapper Jay Z (he is a great rapper but not my favorite lyricist) ...fav lyricist is Common &quot;Be&quot; album,Monday
4,1991624899,2009-06-01 07:22:35-07:00,NO_QUERY,gregstephenson,"@user As I typed that, I was thinking something like that and was hoping no one would pounce on it. Git.",Monday
0,1989944859,2009-06-01 03:21:29-07:00,NO_QUERY,maheshpai,but not exactly the photo i wanted,Monday
0,2188529265,2009-06-15 22:03:58-07:00,NO_QUERY,no_ware_land,purchased sum travel size shampoo bottles &amp; just realized tht they dont hv the plastic recycle logo. does tht mean theyre not recyclable?,Monday
0,1835306082,2009-05-18 05:40:42-07:00,NO_QUERY,Mal_de_Mer,@user Hope you work things out I can tell you really love each other and we all have these moments in marriage...work through it,Monday
0,2178320965,2009-06-15 07:31:40-07:00,NO_QUERY,mmariulaand,"@user *suerte que no fui ! y DO YOU KNOW WHAT? no esta cosa tiene que ser si o si por msn ,",Monday
0,2283769744,2009-06-22 13:02:48-07:00,NO_QUERY,dangerrD,"@user: me freakin toooo, and I'm making goals on an empty tummmy",Monday
4,1835424330,2009-05-18 05:57:48-07:00,NO_QUERY,MissShivi,"@user umm, not overlly well but I'll have a go, with whatever you need",Monday
0,1835629069,2009-05-18 06:25:02-07:00,NO_QUERY,DaSkalar,This ride seem long as hell I'M BORED,Monday
0,1834287863,2009-05-18 02:21:14-07:00,NO_QUERY,_alexxxx,exams why are you so lame. Go away,Monday
4,1990938972,2009-06-01 06:04:28-07:00,NO_QUERY,jasonbetts,@user Love the fact u got that pic as ur profile now.. How come ur allowed to sleep ??? Do you not work?!?!,Monday
4,1992541205,2009-06-01 08:55:18-07:00,NO_QUERY,luckiethirteen,i.DO.NOT.HOOK.UP,Monday
4,2000644563,2009-06-01 22:35:47-07:00,NO_QUERY,gabeevictoriaxo,@user yesss please &lt;3,Monday
4,1834622251,2009-05-18 03:37:53-07:00,NO_QUERY,buffyc,@user aw how lovely! hope you had a fantastic time such a wonderful part of the country,Monday
4,1989107358,2009-06-01 00:22:07-07:00,NO_QUERY,JayJay512,Contemplating whether or not to turn in my Blackberry Pearl for 60 swagbucks!!,Monday
4,2181924384,2009-06-15 12:29:04-07:00,NO_QUERY,clayray3290,@user CONGRATS ON THE TEEN CHOICE AWARD NOM!!!!,Monday
4,1990685644,2009-06-01 05:30:08-07:00,NO_QUERY,jameswoodcock,"If you have a YouTube account, please register on my channel to monitor all my gaming HD features - [http] - Please re-tweet",Monday
4,1998574638,2009-06-01 18:46:35-07:00,NO_QUERY,iamsuperbianca,"@user congratulaaaaations!!!!!!!!! soo proud of you!! see?! you can sooo do it! now, you'll miss school, i tell you! haha!",Monday
4,1991513143,2009-06-01 07:10:26-07:00,NO_QUERY,Yntet,Nokia 5800 XpressMusic or iPhone 3G??? whaddaya think guys?? GuEve!!,Monday
4,1995764384,2009-06-01 14:00:39-07:00,NO_QUERY,QueenBee77,@user Well how fun is that!!! I will try that with my family! Happy birthday whenever the fuck it is!!! LOL!,Monday
4,2177294345,2009-06-15 05:50:36-07:00,NO_QUERY,Noodlez,woo! Time to watch the first ep of True Blood season 2! I am of course currently in the US of A,Monday
4,1563866203,2009-04-20 00:37:46-07:00,NO_QUERY,SusanB920,Vote your opinion on Susan Boyle! [http],Monday
0,1994539850,2009-06-01 12:04:31-07:00,NO_QUERY,yosoyian,I need a haircut,Monday
0,2179838505,2009-06-15 09:39:14-07:00,NO_QUERY,Jansy9,I think God is giving me stuff to prove that the last stuff that I thought was so awful wasn't really that bad...,Monday
0,2188828452,2009-06-15 22:38:52-07:00,NO_QUERY,liz777ann2,I love kitties...(and I am missing two right now) ...but it's okay...,Monday
0,1991062239,2009-06-01 06:19:39-07:00,NO_QUERY,emymsm,wants to play sims3!!,Monday
4,1992559262,2009-06-01 08:57:07-07:00,NO_QUERY,poojajose,@user OMG!!! I AM SO happy you won!! You looked amazing last night! COngratulations big time!! You deserve it!,Monday
4,1989211071,2009-06-01 00:43:41-07:00,NO_QUERY,Solidblue22,"I have to say, Star Trek is the best movie ive seen all year and i hate science fiction !!",Monday
4,1564056290,2009-04-20 01:32:46-07:00,NO_QUERY,AmberDeeS,"is at work, on another beautiful day wish i could be outside playing xoxo",Monday
4,1993906014,2009-06-01 11:06:44-07:00,NO_QUERY,Fallingupagain5,Lunch date with my girlfriend in law!,Monday
0,1834041917,2009-05-18 01:24:14-07:00,NO_QUERY,Saaamanthaaa,"off to learn some more, i dont wanna learn anymore oh well, bye!",Monday
4,2179253055,2009-06-15 08:51:14-07:00,NO_QUERY,AndrewKeys,@user super excited for you guys to come to VA,Monday
0,2180748655,2009-06-15 10:53:31-07:00,NO_QUERY,EllieLeddra,"@user i would love to me at the concert right now x I have no idea, about the poor laws, i get all the rest of it, but not thatx",Monday
4,1993861169,2009-06-01 11:02:39-07:00,NO_QUERY,sheb57,"@user How your exam go ?, I finally got completion today on ex OH part-buying me out !",Monday
4,1833929974,2009-05-18 00:59:01-07:00,NO_QUERY,Starpiss,"@user Aww, i just read your first comment. You're really sweet Yeah i'm startin to, i mean he moved on it's about time i do!",Monday
0,1991142169,2009-06-01 06:29:08-07:00,NO_QUERY,camillamjy,shit im bored,Monday
4,1835310949,2009-05-18 05:41:24-07:00,NO_QUERY,nurezki19,@user I really love ur handworks dyy. it's all beautiful&amp; awesome! reallyy nice job,Monday
4,1564282851,2009-04-20 02:43:11-07:00,NO_QUERY,MarLo2332,Pay your tribute to bob today...ONE LOVE...,Monday
4,1990485273,2009-06-01 04:59:56-07:00,NO_QUERY,JoDuxbury,@user @user I'm with you. Not keen to hire staff - practice what I preach and outsource to freelancers,Monday
0,1467881897,2009-04-06 22:38:30-07:00,NO_QUERY,drtaru,@user but i cant figure out how to get there / back / pay for a hotel etc,Monday
0,2186435456,2009-06-15 18:50:11-07:00,NO_QUERY,bridgetitty,@user That's no fun! Have a happy birthday anyway!! lots of love!!!!!!!,Monday
4,2000446395,2009-06-01 22:08:03-07:00,NO_QUERY,stromcarlson,"@user Hey, if you can make it down to los feliz, youre welcome to come with. Otherwise, a trip to SJ is in order",Monday
4,1989732480,2009-06-01 02:36:49-07:00,NO_QUERY,jeffeio,Gnight everybody,Monday
4,1998958869,2009-06-01 19:24:29-07:00,NO_QUERY,lovestoned420,watching never before seen footage from my life on the d list. yay! miss kathy!,Monday
0,2178671573,2009-06-15 08:02:29-07:00,NO_QUERY,jrwho,Was sooooo not wanting to get up this morning! *yawn* I'm still sleepy!,Monday
0,1695107676,2009-05-04 05:13:28-07:00,NO_QUERY,VanityDemented,My ipod just died.,Monday
0,1997025484,2009-06-01 16:07:08-07:00,NO_QUERY,grantmcherron,"@user @user Yup - appears to be a combo of turbulance, lightning and a massive electrical failure",Monday
4,1695805232,2009-05-04 06:59:16-07:00,NO_QUERY,mlexiehayden,Good Morning Twits! Let's makes today x100 better than the one before! Start runnin,Monday
4,2184764174,2009-06-15 16:23:11-07:00,NO_QUERY,Missjz,hey after hours of trying 2 upload a tut i finally got it done please check my beauty blog at [http],Monday
4,2177946138,2009-06-15 06:57:35-07:00,NO_QUERY,silly_kookie,off for a bit. toodle-pip! xx,Monday
0,1997571211,2009-06-01 17:04:57-07:00,NO_QUERY,TinaManzano,@user hey timmay! nah giant step tonight. still at work have fun sonnnnn,Monday
0,2188633169,2009-06-15 22:15:37-07:00,NO_QUERY,alvinordonez,@user i can sign onto iChat but my buddy list is empty. n on my mom's laptop it says my stuff is temporarily unavailable,Monday
4,1998230032,2009-06-01 18:12:28-07:00,NO_QUERY,JavierPradilla,@user: &quot;Bet you were aching to log on to blip. @user Blink 182 â I Miss You&quot;- I did!!! LOL â« [http],Monday
0,2175955753,2009-06-15 02:29:32-07:00,NO_QUERY,emilieburt,i hate pollen!! woke up and had a sneezing attack asthma and hayfever = BIGGEST ANNOYANCE EVER!!,Monday
4,1836153464,2009-05-18 07:28:30-07:00,NO_QUERY,MelissAcevedo,dammnit I'm lit. &amp;dammnit I kn0 ders b0ut2be kiLLer traFFic! &amp; ya d0nt even kn0 h0w haPPy I am dats its back2sch00l,Monday
4,1836062952,2009-05-18 07:17:55-07:00,NO_QUERY,MariCreagh,"Waking going to finish the God Father Part Three, clean my house and work on my book",Monday
4,2176698950,2009-06-15 04:32:27-07:00,NO_QUERY,tekkiepinay,@user that's an exaggeration. LOL.. Connection is too slow. google.com takes &gt;5secs to load.,Monday
4,1999966483,2009-06-01 21:09:11-07:00,NO_QUERY,cashexpert,"@user A full CPA you might not be, but you never know when other CPA's need someone on the inside.",Monday
0,2175559528,2009-06-15 01:19:59-07:00,NO_QUERY,mikeySTRENGTH,good movie :\ wish she was watching it,Monday
4,1565295158,2009-04-20 06:24:32-07:00,NO_QUERY,dakegra,"@user chocolate tea? Hmm. Not sure about that one. Chocolate *and* tea, yes. Oh, yes.",Monday
0,2176512469,2009-06-15 04:04:19-07:00,NO_QUERY,xxrawkstarx,"damn i want to go to school,, urggg",Monday
0,1994093295,2009-06-01 11:24:12-07:00,NO_QUERY,ifka_j,I should learn history now. and chemistry. and maths. and I just really really don't wanna do it.,Monday
0,2282248529,2009-06-22 11:07:42-07:00,NO_QUERY,litlestar23,"doing admission on a 26! year old girl. i wonder what happens in a lifetime that can bring you here, by the time you are 26. sad",Monday
0,1563850348,2009-04-20 00:33:10-07:00,NO_QUERY,TangyFruits,@user then theres this one what always gets to me [http] big what if...,Monday
0,2175330689,2009-06-15 00:41:23-07:00,NO_QUERY,SelenaShines,Oh that was a lame one,Monday
4,2179220906,2009-06-15 08:48:37-07:00,NO_QUERY,_katusha_,Distance would be nice! 6 miles today,Monday
4,1999708036,2009-06-01 20:40:59-07:00,NO_QUERY,lestockdrop,@user drink more!!! pretty please,Monday
4,2178235007,2009-06-15 07:23:56-07:00,NO_QUERY,R_Arblaster,@user a warm weekend,Monday
4,2000790982,2009-06-01 22:58:32-07:00,NO_QUERY,shivaranjan,@user @user liked your blog posts series on Guys should cry or not..,Monday
4,1996554054,2009-06-01 15:16:50-07:00,NO_QUERY,chantellmarie,@user O ok... Well have fun and handle business,Monday
4,2184065088,2009-06-15 15:22:16-07:00,NO_QUERY,tweeteradder7,@user Get 100 followers a day using [http] Once you add everyone you are on the train or pay vip,Monday
4,2182530486,2009-06-15 13:17:36-07:00,NO_QUERY,Lexi_JAKE,"@user Hello Tom, how are you? How feels Marvin? The others are nice with him? Xxxx",Monday
0,2288006465,2009-06-22 18:35:33-07:00,NO_QUERY,candacemurphy,@user ily&lt;3 I miss you already! see you thursday?,Monday
0,2176206182,2009-06-15 03:13:14-07:00,NO_QUERY,daniyaatmawan,"since i moved to twitter, ive lost lot of my friends. ahh bad.",Monday
4,1564253387,2009-04-20 02:33:52-07:00,NO_QUERY,ashleystunning,@user i have the funniest thing to tell you,Monday
4,1999256363,2009-06-01 19:54:31-07:00,NO_QUERY,heyyitsryan,@user Yess! Can't wait!,Monday
4,2185034700,2009-06-15 16:47:12-07:00,NO_QUERY,sweetmonimons,@user - you'll be happy to know that @user is making his tron helmet right now!,Monday
4,1999609872,2009-06-01 20:30:58-07:00,NO_QUERY,levibouska,Paranoid. - mmmmmm. why did you download it..hahaÂ Iâm ashamed of myself. [http],Monday
4,1694477337,2009-05-04 02:48:26-07:00,NO_QUERY,davtoole,@user Ah now Comedy Central have Frasier all morning till twelve. So I guess there goes my morning,Monday
0,1989623403,2009-06-01 02:12:51-07:00,NO_QUERY,rossw9,@user Yup. Far too hot in this room.,Monday
0,2181302315,2009-06-15 11:38:37-07:00,NO_QUERY,clubalektrablue,A pic of us wicked girls yesterday.. ;) missing stormy [http],Monday
0,1564619968,2009-04-20 04:17:51-07:00,NO_QUERY,Purelyfood,trying to get my head round how twitter works! Will have to wait till later - got to go to work way too sunny!,Monday
4,1770924312,2009-05-11 22:38:30-07:00,NO_QUERY,hannahrivera,is updating her plurk [http],Monday
4,1992771669,2009-06-01 09:17:45-07:00,NO_QUERY,xHelloCallie,@user omg 54 days?! or 55 still....lets go with 54 IM SO EXCITEDDD!!!!!!!,Monday
0,1694762743,2009-05-04 04:01:36-07:00,NO_QUERY,roguemm,At least I still have the bourbon,Monday
0,1989116684,2009-06-01 00:24:00-07:00,NO_QUERY,madlymint,my ethnography is gonna suck so hard. it's worth 50% of my entire grade. fml,Monday
4,2182888800,2009-06-15 13:46:05-07:00,NO_QUERY,mvidaure,Heading out to an interview! Wish me luck,Monday
0,1994836022,2009-06-01 12:32:03-07:00,NO_QUERY,swanx065,"@user Also, if you were watching, why didn't you liveblog with gamer and I",Monday
4,2182427946,2009-06-15 13:09:23-07:00,NO_QUERY,pandora_radio,@user Hi Hunter - You can suggest music for our collection at suggest-music@user.com. Thanks! Lucia,Monday
0,2184361338,2009-06-15 15:47:52-07:00,NO_QUERY,treehousedays,"I got all excited when I saw Transformers in the free movie section on On Demand, but it turned out to be a cartoon version.",Monday
0,2284230039,2009-06-22 13:37:36-07:00,NO_QUERY,sparklyboo89,Misses her mum already ! .,Monday
0,1992823613,2009-06-01 09:22:47-07:00,NO_QUERY,MLynn4Heas,Don't feel good at all today,Monday
0,2180019829,2009-06-15 09:54:11-07:00,NO_QUERY,RicardoFranke,@user ieks,Monday
0,1994012184,2009-06-01 11:16:31-07:00,NO_QUERY,vickyjones91,"Air France, its so sad.",Monday
4,1992687809,2009-06-01 09:09:41-07:00,NO_QUERY,RapidRevision,Booked lunch for two in August for a very special event at Le Manoir. Even though Menu du Jour Luncheon better start saving up now,Monday
0,1990535198,2009-06-01 05:07:22-07:00,NO_QUERY,silverSpoon,"@user i m so pissed of with this, i know a lot of people affected by it",Monday
0,1565421457,2009-04-20 06:43:03-07:00,NO_QUERY,jfulldotcom,@user man i want a sleeve too! but the Man ain't gonna hire me looking like that,Monday
0,1996558068,2009-06-01 15:17:15-07:00,NO_QUERY,Andreabelen14,he's is teh reason for the teardrops on muy guitar ! is so really..,Monday
4,1993815343,2009-06-01 10:58:29-07:00,NO_QUERY,KevinEdwardsJr,@user if you like 2 laugh..have a good time..follow me..its just that simple,Monday
4,1563956020,2009-04-20 01:02:51-07:00,NO_QUERY,ricky703ca,@user tere achee khasi excecise ho jaati hogi Ruhaan ke saath,Monday
4,1995528481,2009-06-01 13:38:08-07:00,NO_QUERY,Miss_McKayla,@user I love that song! I was listening to it earlier,Monday
4,1834589574,2009-05-18 03:30:37-07:00,NO_QUERY,Kirstyy09xX,@user i was just wondering if your a fan of The sat you might wanna see this clip [http],Monday
0,1989826270,2009-06-01 02:57:01-07:00,NO_QUERY,MissKate06,@user Whyyyyyy?,Monday
0,1989093502,2009-06-01 00:19:28-07:00,NO_QUERY,ahhamber,Why do I always sit in the drive thru foreverr at fatburger,Monday
4,2180254109,2009-06-15 10:13:06-07:00,NO_QUERY,AlexxKayy,i woke up with a smile on my face.,Monday
4,1565803024,2009-04-20 07:35:13-07:00,NO_QUERY,sandruhhhhh,cindies lol it was my first time lol,Monday
0,2182265280,2009-06-15 12:56:37-07:00,NO_QUERY,purplevelvet09,@user ee mara a7eba bs ma fe on the east coast,Monday
4,1990552272,2009-06-01 05:10:03-07:00,NO_QUERY,markhallCC,Taking a group of guys from church to a camp to work on a kitchen floor today. I'm at Lowes Lowes is to men as walmart is to women.,Monday
0,1770640638,2009-05-11 21:51:35-07:00,NO_QUERY,munkyxx,Missed a good game judging from the scores now i can cry myself to sleep,Monday
4,1994229984,2009-06-01 11:36:50-07:00,NO_QUERY,mmsolomon,@user love that song.,Monday
0,2283607337,2009-06-22 12:50:34-07:00,NO_QUERY,RatheeshP,"Gotta do all the chores on my own now- cooking,washing,ironing... and i hate it",Monday
4,1996257328,2009-06-01 14:47:12-07:00,NO_QUERY,arnn,yo girl doNt like me how long has she been GAY!,Monday
4,2185058149,2009-06-15 16:49:20-07:00,NO_QUERY,tweeteradder5,@user Get 100 followers a day using [http] Once you add everyone you are on the train or pay vip,Monday
4,2188787390,2009-06-15 22:33:51-07:00,NO_QUERY,phillipquin,"@user It can't hurt, well, not much anyway... ;) @user, can you bring stickers/printouts of our faces?",Monday
0,2175117371,2009-06-15 00:07:44-07:00,NO_QUERY,eidann,@user Last time I got checked I got news I didnt like,Monday
0,2185483680,2009-06-15 17:27:02-07:00,NO_QUERY,annach0c19,omg my hair is totally messeeeeeeeed !,Monday
4,2178812580,2009-06-15 08:14:24-07:00,NO_QUERY,chucktowndeals,"Good morning, peeps!",Monday
4,1999856744,2009-06-01 20:57:04-07:00,NO_QUERY,HeatherBradley,*FSM* The song in my heart....it keeps playin' over and over &amp; I can't get it out!,Monday
0,1994676688,2009-06-01 12:17:13-07:00,NO_QUERY,mosesmonster,"Thanks to Lionhead studios, we are one step closer to having Hall 9000 computers.",Monday
4,2176603163,2009-06-15 04:18:09-07:00,NO_QUERY,byDeL,persistent good actor and manipulative byatch really are true match,Monday
4,1833884115,2009-05-18 00:48:27-07:00,NO_QUERY,Roddykat,@user Got it. Thanks!,Monday
0,1994057878,2009-06-01 11:20:48-07:00,NO_QUERY,bballhoney,Sadddd people can be really mean (not to me tho. I don't take that) and HUNGRY! :],Monday
0,1997484324,2009-06-01 16:55:57-07:00,NO_QUERY,NickStarr,@user Just got fired I feel so bad....damn the economy.,Monday
4,2000379809,2009-06-01 21:59:32-07:00,NO_QUERY,SwaggCertified,@user happy birthday sweetheart.,Monday
4,2189337303,2009-06-15 23:48:16-07:00,NO_QUERY,CateDeansSmith,"@user and a peanut is a kidney shaped nut, and a kidney is a peanut shaped organ of the body",Monday
4,2000854769,2009-06-01 23:08:33-07:00,NO_QUERY,thomaskyan,Monkey Island,Monday
4,1989103562,2009-06-01 00:21:22-07:00,NO_QUERY,ivettecupcake,Aw k4ce lounge celebration for xiaos bday. His gf brought us cupcakes,Monday
4,2000319653,2009-06-01 21:51:47-07:00,NO_QUERY,Nobodey,"@user reverse the colors on both so it matches the page, black font, white bg. Three simple steps would rock your 2ndary pages.",Monday
0,2177326834,2009-06-15 05:54:22-07:00,NO_QUERY,Atarimonkey,"Wow it's quite today, no phone calls, no Emails, no nothing! I'm lonely!",Monday
4,1995340314,2009-06-01 13:20:02-07:00,NO_QUERY,lexia,@user woo,Monday
4,1995829486,2009-06-01 14:06:41-07:00,NO_QUERY,dabhaid,"@user as in &quot;a bullet with my name on it&quot;, or &quot;barman, two Heathcotes, heavy on the gin&quot; - the latter gets my vote",Monday
0,1992092602,2009-06-01 08:11:08-07:00,NO_QUERY,chynagyrl1980,Ahhhhh bunny roadkill is so sad and where's the sun today? I'm cold already!,Monday
0,2177000304,2009-06-15 05:14:06-07:00,NO_QUERY,Kimber5,getting ready to be in class all day. I will miss being at the pool or lake. husb and kids will have fun without me.,Monday
4,1834236865,2009-05-18 02:09:28-07:00,NO_QUERY,roxymelody,@user thank u,Monday
4,2183823107,2009-06-15 15:02:03-07:00,NO_QUERY,DionneSouth,"survived the film. It was quite scary, but not the worst i've seen. Just finished a session on the dancemat, off to bed now. Night",Monday
4,1989183212,2009-06-01 00:37:39-07:00,NO_QUERY,geekachu,"@user A better plan would be to just make the rest of the year awesome! I'll help, I can bring alcohols!",Monday
4,2185871828,2009-06-15 18:01:40-07:00,NO_QUERY,MLM216,@user ADORO these fotos of you and Leo....tooooooooo cute/lindas Muito obrigada for sharing them with all of us Abracos!,Monday
4,1564469562,2009-04-20 03:38:30-07:00,NO_QUERY,daliuhh,"@user alright,see ya later :*",Monday
4,1572937462,2009-04-20 23:05:33-07:00,NO_QUERY,myapplemenu,"Sometimes I should listen to my own advice. After all, it's just a job.",Monday
4,1994412168,2009-06-01 11:53:09-07:00,NO_QUERY,elizabeth_92,I can't wait ti'll new moon comes out!! robert &amp;&amp; taylor are sooooo HOT,Monday
4,1998940748,2009-06-01 19:22:36-07:00,NO_QUERY,sarahsj,It's a Mayer kind of night. Amazing the memories listening to his music bring back. Makes me happy.,Monday
0,2186766005,2009-06-15 19:18:20-07:00,NO_QUERY,Roshiii,@user I know trust me. I just sat to a guy that reminded me so much of a certain somebody. That didn't help,Monday
0,2182019210,2009-06-15 12:36:39-07:00,NO_QUERY,allysona,Mmm. Tio's. Wisdom teeth out in Friday.,Monday
4,2000399869,2009-06-01 22:01:58-07:00,NO_QUERY,jasmineem,"@user lol, why oh fark? i got 97%",Monday
4,2176945136,2009-06-15 05:06:50-07:00,NO_QUERY,ryanmaxx,says bagong gupit (funkydance) [http],Monday
0,1994624730,2009-06-01 12:12:34-07:00,NO_QUERY,henrysharman,"Beach lifeguard training is the hardest thing I have ever done, and 5 days to go yet!!",Monday
4,1990499790,2009-06-01 05:01:58-07:00,NO_QUERY,hadez2000,managed to get some headache tablets over lunch.. now just to wait for it to kick in,Monday
4,1989425626,2009-06-01 01:29:41-07:00,NO_QUERY,numb3rb0y,"Heh, so sunny even I'm enjoying it",Monday
4,1996766497,2009-06-01 15:39:13-07:00,NO_QUERY,avacancy,"@user haha my kitchen could use you, if youre up for it",Monday
4,1565576323,2009-04-20 07:04:49-07:00,NO_QUERY,mpanny,Chill chill chilling in bed,Monday
4,1834552024,2009-05-18 03:22:09-07:00,NO_QUERY,fromfirsttolast,Tired in work this morning. One delivery done. Another to go. At least it's money,Monday
0,1834764100,2009-05-18 04:07:31-07:00,NO_QUERY,xxmichellezz,i hate chemistry dont wanna go to that class tomorrow x[,Monday
4,1998612499,2009-06-01 18:50:19-07:00,NO_QUERY,skribe,@user keep telling yourself that,Monday
4,2186836067,2009-06-15 19:24:27-07:00,NO_QUERY,dinosaresexxii,now talking to sara and jake on the phone and justine on facebook. listening to sara sing as usual.,Monday
0,1997986063,2009-06-01 17:48:02-07:00,NO_QUERY,rhispect,"@user Yeah I can't afford that either! I miss pedicures too. I remember yours. You didn't tip her, right? lol",Monday
0,1991574364,2009-06-01 07:17:10-07:00,NO_QUERY,marcgozlan,"up and at the local libary... today is payday for some, and me but thats okay...",Monday
4,1564251684,2009-04-20 02:33:19-07:00,NO_QUERY,gautamghosh,Got @user's book Me 2.0 on the mail Looking forward to reading it!,Monday
0,2182429932,2009-06-15 13:09:33-07:00,NO_QUERY,chik_ster,argh! mondays suck at work. weekends are never long enough!,Monday
4,1835850509,2009-05-18 06:52:51-07:00,NO_QUERY,D_Rox,G'morning @user @user @user @user @user @user @user,Monday
0,2179823890,2009-06-15 09:38:02-07:00,NO_QUERY,LisaRayArnold,I'm not feeling very productive today.,Monday
0,2284519564,2009-06-22 13:59:03-07:00,NO_QUERY,jboMaria,being jealous and missing everyone,Monday
4,2184065767,2009-06-15 15:22:19-07:00,NO_QUERY,eviegarland,@user coursing river. It's from &quot;I'll Make a Man Out Of You&quot; from Mulan. XD,Monday
4,2180551819,2009-06-15 10:37:29-07:00,NO_QUERY,tonybetts,@user Just voted for you!,Monday
4,2183176151,2009-06-15 14:08:55-07:00,NO_QUERY,Melliemula,"@user Its not letting me vote again either Lyn and I haven`t voted for about 3 hours! Lol, hey everyone.",Monday
4,1997083649,2009-06-01 16:13:25-07:00,NO_QUERY,Zoe_E_W,"@user No, This is a job interview with a vampire.",Monday
4,2180128824,2009-06-15 10:02:58-07:00,NO_QUERY,heytherekristen,@user [http] - haha i like that. the bible on DVD! lmfao true though,Monday
4,1989094642,2009-06-01 00:19:41-07:00,NO_QUERY,miketc,"@user [http] - thanks! funny, huh, how I'm the front Israelite dancer, but I'm also the most clueless?",Monday
0,2177229549,2009-06-15 05:42:58-07:00,NO_QUERY,joyhajassad,@user stressing! and now my belly feels like it may explode not good! Have you called the agency people yet? Don't forget!!xxxx,Monday
0,1992083659,2009-06-01 08:10:15-07:00,NO_QUERY,edd9116,"up now ... gonna have a lonnnnnnnnnnnnnnnng day and night ,,, my son sick",Monday
0,1467871844,2009-04-06 22:35:44-07:00,NO_QUERY,larsgunnarf,Tuesdayï¿½ll start with reflection ï¿½n then a lecture in Stress reducing techniques. That sure might become very useful for us accompaniers,Monday
4,1695693600,2009-05-04 06:44:15-07:00,NO_QUERY,amylockaby,"@user thanks, Mandy! What a good sister you are. @user That may be true, but unfortunately my road tires can't say the same.",Monday
4,1834330756,2009-05-18 02:31:27-07:00,NO_QUERY,imtalia,@user tuning in now,Monday
0,2189228423,2009-06-15 23:32:26-07:00,NO_QUERY,jodi_ice,"urfglhg.... ran out of nytol last night, had a shit night's sleep&amp;feel like death warmed up",Monday
0,1997966762,2009-06-01 17:46:00-07:00,NO_QUERY,jwlms,@user - missing you here. And thanks for the congrats!,Monday
0,2186404676,2009-06-15 18:47:31-07:00,NO_QUERY,adashadisini,butuh c aygst [http],Monday
4,1993622422,2009-06-01 10:40:22-07:00,NO_QUERY,hollapapabear,"hot coco while shoppin again, i found really cool jewelry yesterday, a love ring, i get to punch ppl with love aww. ima high 5 ur face",Monday
4,1990564809,2009-06-01 05:11:58-07:00,NO_QUERY,ashutosh_gupta,@user its a duet.. pat both yourselves ..,Monday
0,2175960302,2009-06-15 02:30:18-07:00,NO_QUERY,LocalJoost,I wonder if Iran is now getting its own Tien An Min square episode,Monday
0,2188036664,2009-06-15 21:11:48-07:00,NO_QUERY,crystaliberty27,"ok. peeps any ideas on how to get my iphone to work?? it looks like its turning on, but i can't see the screen enough to do anything!!",Monday
4,2001009361,2009-06-01 23:34:40-07:00,NO_QUERY,rabisquei,@user so lets for the next cruise! Haha Yes! he is coming on this sat!,Monday
4,2000891111,2009-06-01 23:14:30-07:00,NO_QUERY,simmonet,@user Welcome 'home',Monday
4,1993665520,2009-06-01 10:44:28-07:00,NO_QUERY,primsessions,BTW London bookings for July being taken,Monday
4,1990856517,2009-06-01 05:53:58-07:00,NO_QUERY,booksellercrow,"@user [http] is very good and kind, but we are not as old as we look, honest.",Monday
0,1996469845,2009-06-01 15:08:14-07:00,NO_QUERY,FallingBullets,@user you smoke?!!? oh noez!!! you just fell in my estimation,Monday
0,2176005726,2009-06-15 02:38:21-07:00,NO_QUERY,xmagicgraffitix,"made a AIM or whatever, why is it so freakin confusing??",Monday
0,2181195551,2009-06-15 11:29:55-07:00,NO_QUERY,infernalserpent,Today I feel like shit because 1) Oz woke me up every two hours last night and 2) I yelled at him every two hours last night. Also: Iran.,Monday
0,2176056533,2009-06-15 02:47:14-07:00,NO_QUERY,mariaa_ep,then my phone died so i coodnt get a lift then we got a $113 fine then i drank red bull ;),Monday
0,1994998247,2009-06-01 12:47:22-07:00,NO_QUERY,MsBlewBoogie,@user Thanks Jammy! @user i'm sick,Monday
4,2184274618,2009-06-15 15:40:19-07:00,NO_QUERY,jailynpr,Got 2 spend some time with john today @user and discuss some business over a private show. Lucky girl... I know. check him out.,Monday
0,1992667452,2009-06-01 09:07:41-07:00,NO_QUERY,Jasmine_Roberts,is in serious pain!!!! Sprained god dam ankle!!,Monday
4,1695924132,2009-05-04 07:14:41-07:00,NO_QUERY,AlvaFarrow,@user thankyou,Monday
0,2175140869,2009-06-15 00:11:19-07:00,NO_QUERY,hiiikelly,"I really, really hate Bellatrix, and I really, really miss Sirius Siriusly...",Monday
0,2176897054,2009-06-15 05:00:32-07:00,NO_QUERY,MarkCorden,#squarespace birthday on saturday! shame about the driving,Monday
4,1993666901,2009-06-01 10:44:35-07:00,NO_QUERY,bodywisdominc,@user Csikszentmihalyi ...I was taught to pronounce it &quot;Chicks make me high&quot; .&lt;= Better than saying &quot;You know that Flow guy&quot; ...,Monday
4,1835423967,2009-05-18 05:57:45-07:00,NO_QUERY,jethier,Thinks that Lucky Charms are magically delicious,Monday
0,2175731221,2009-06-15 01:50:00-07:00,NO_QUERY,lululabella,@user bad music taste??,Monday
0,1996058155,2009-06-01 14:28:11-07:00,NO_QUERY,hay0u,roller coaster in my stomach,Monday
4,1994500487,2009-06-01 12:00:53-07:00,NO_QUERY,KimberleyLove,BUSY WATCHING EASTENDERS ON BBC1,Monday
4,2178932107,2009-06-15 08:24:37-07:00,NO_QUERY,danmatutina,il be in tacloban on thursday. was invited to give a workshop on social communications and design by the Dept of Health.,Monday
0,1998771857,2009-06-01 19:05:55-07:00,NO_QUERY,HELLOkaraaa,we always hurt the the ones we never loved. early night. bio&amp;french in the morning.,Monday
0,2287981221,2009-06-22 18:33:28-07:00,NO_QUERY,Sposilkin,I want a Slow Loris. Too bed they are illegal,Monday
0,1992009345,2009-06-01 08:02:43-07:00,NO_QUERY,NickyLovesMcFly,Wee! Home! It's so hot Xx My internet is going off soon While Mum moves in and Dad moves out Bad times. Try not to miss me!,Monday
4,2000775513,2009-06-01 22:56:02-07:00,NO_QUERY,mtsumpton,@user NO maam im not!!! im going to work at a summer camp near Conroe...ima get to come visit cuz im off on weekends!!!,Monday
0,1991847388,2009-06-01 07:46:06-07:00,NO_QUERY,alliftw,I wish I posted on the forum more. instead I just lurk. /fail,Monday
0,1991881184,2009-06-01 07:49:41-07:00,NO_QUERY,Cherrim,@user I have no idea what that smells like.,Monday
0,1770675326,2009-05-11 21:56:57-07:00,NO_QUERY,ErinScandalous,"Again, thank you all for the lovely birthday wishes! I had an absolutely lovelyday! But I didn't get free @user with my Gold Card!",Monday
0,2000496946,2009-06-01 22:14:55-07:00,NO_QUERY,Lillysun,Should have been in bed a few hours ago. Gotta be at the salon at the crack of dawn,Monday
4,2178370019,2009-06-15 07:36:06-07:00,NO_QUERY,Wateronfire25,Happy Monday! Lov'n my Monday Why you ask? I'm off Tuesday Every Monday should be like today.,Monday
0,1989069259,2009-06-01 00:14:43-07:00,NO_QUERY,dolcelaalaa,"@user I know sorry, ermm nah nothing new except the weathers warming up over here lol; i just really need to get mre organized",Monday
0,2181536719,2009-06-15 11:57:47-07:00,NO_QUERY,rebeccaloft,heading to the dentist. Ick!,Monday
0,1998655009,2009-06-01 18:54:35-07:00,NO_QUERY,kellygirl3,"@user yes, I miss your face as well. And I dont want to just see you at work every now and then",Monday
4,1990471146,2009-06-01 04:57:40-07:00,NO_QUERY,Natalie1Mae8,Taking the kiddies to the pool,Monday
0,1833924821,2009-05-18 00:57:47-07:00,NO_QUERY,MzStephieMarie,@user I'm at work,Monday
0,1468015006,2009-04-06 23:16:04-07:00,NO_QUERY,TaraEn,@user why do you put up with him!!!!! You should listen to your mom,Monday
0,2184636445,2009-06-15 16:11:53-07:00,NO_QUERY,svensiitan,had a decent day at work finally! B2B final table bubbles though,Monday
0,1977875034,2009-05-30 21:54:32-07:00,NO_QUERY,spiralsxxx,getting pissed how shit this day is,Saturday
4,2055256129,2009-06-06 08:59:28-07:00,NO_QUERY,what_bugs_u,@user why limit your story to 140 ch. Tell all what is #annoying you at [http],Saturday
4,1972918352,2009-05-30 10:07:53-07:00,NO_QUERY,KTL87,Still recovering from a longg morning yesterday at the Today Show with Taylor Swift!! SO FUNN,Saturday
0,2256135071,2009-06-20 12:18:49-07:00,NO_QUERY,ashleycb,"@user ahh, okay. That is sad",Saturday
0,1975573553,2009-05-30 15:26:44-07:00,NO_QUERY,dskjfhklgvirley,i lost my phone,Saturday
0,2252499707,2009-06-20 06:24:11-07:00,NO_QUERY,VodkaChik,"@user Aw please, bloody agony woke up and the right side of my face is swollen slightly not good",Saturday
0,2256658677,2009-06-20 13:06:32-07:00,NO_QUERY,BleuCaldwell,@user You're at Navy Pier? I rode right past you! And I missed the pirates!,Saturday
4,2054139966,2009-06-06 06:39:28-07:00,NO_QUERY,bipolarbearr,Lol. Wow. Hope none of yous are knocked up,Saturday
0,2252805061,2009-06-20 07:01:53-07:00,NO_QUERY,rickyrescue,watching a re-run of Keeping up with the Kardashians. It's about their dads' death.,Saturday
4,1823321153,2009-05-16 21:39:58-07:00,NO_QUERY,chummy_chum07,&quot;just think about it.&quot; haha.,Saturday
4,1751503636,2009-05-09 19:36:13-07:00,NO_QUERY,alyssakochan,"@user Hey did you get any more info about your graduation? And I think my mom's gonna let me go to CP, if you guys still wanna go!",Saturday
0,1969721872,2009-05-30 00:59:36-07:00,NO_QUERY,xGeorgiaEloisex,@user So Do I. I love them. but i can't eat them with love LOL.,Saturday
0,2256104588,2009-06-20 12:16:01-07:00,NO_QUERY,BlondiB,Didn't rain on our parade today- but now it seems to be raining on my buddy's birthday... Hope we can fix the cake and make it work!,Saturday
4,1970479333,2009-05-30 04:01:59-07:00,NO_QUERY,laurirottmayer,"@user Coffee, Leo and Jesus.",Saturday
4,1975281880,2009-05-30 14:49:52-07:00,NO_QUERY,SB_tRiLLBaw,Incredible Pizza today!! With the family and the Bestii!!!!,Saturday
4,1976922286,2009-05-30 19:34:31-07:00,NO_QUERY,AndyfknInfinity,@user mmm well I'm having authenic Mexican I'm down the street at Ricardo's on Flamingo and Decatur lol,Saturday
4,1970385514,2009-05-30 03:39:18-07:00,NO_QUERY,Danni_xOx,@user [http] - does trace ever where a shirt?! lol poor noah.... =(,Saturday
0,2053217619,2009-06-06 03:44:11-07:00,NO_QUERY,Allyeatscat,Fuck driving at 730 in the morning!,Saturday
4,1970106503,2009-05-30 02:28:55-07:00,NO_QUERY,cheeyanie,just got home from Baby Love's 1st birthday party.. she's soooo cute..,Saturday
4,1976397624,2009-05-30 17:14:24-07:00,NO_QUERY,CortneyHarrison,Watching Dr. Jekyll and Mr. Hyde and relaxing.,Saturday
0,2058778800,2009-06-06 15:36:37-07:00,NO_QUERY,LJones521,Is lying in bed watching a dvd but wants a cwtch - preferably off Alun but hes not home 'til the 7th July from S'A x,Saturday
4,2054061190,2009-06-06 06:27:25-07:00,NO_QUERY,supermansGF,"man costa's is such a cool place- people do funny things when affected by large amounts of coffee,",Saturday
4,1750928665,2009-05-09 18:15:27-07:00,NO_QUERY,TessaTweets,Next to my birthday- Mother's Day is my favorite day of the year. The one day I don't feel guilty for slacking just a little. Aaaahh...,Saturday
4,1751819150,2009-05-09 20:21:10-07:00,NO_QUERY,thejenncarroll,"&quot;She threatened me, I patronized her, we didn't have anything to eat, but I thought there was a connection.&quot; Movie night.",Saturday
4,2053235542,2009-06-06 03:48:27-07:00,NO_QUERY,derbygrrl,"geeking over skating, WFTDA rules and training programmes on my saturday night.. love it! might even change my wheels ooooh exciting!",Saturday
4,1978440530,2009-05-30 23:21:52-07:00,NO_QUERY,ageLOC4theworld,@user Send me your e-mail address at [http] and I'll give you the details. Thanks for the tweet.,Saturday
0,2254364851,2009-06-20 09:38:09-07:00,NO_QUERY,Pawitforwardllc,Getting ready for a family picnic..... in the rain,Saturday
0,2251492660,2009-06-20 03:40:53-07:00,NO_QUERY,sporkhead,@user Nice. Has the sun Disappeared for you too? It's Looking really dark outside now,Saturday
0,2252753662,2009-06-20 06:55:54-07:00,NO_QUERY,steph_an_ie,@user he wants megan to be his momma,Saturday
0,1972772360,2009-05-30 09:51:30-07:00,NO_QUERY,stephenhugh3s,@user what happened last night? I wasnt too impressed... was hoping they were better,Saturday
0,1974190092,2009-05-30 12:37:21-07:00,NO_QUERY,katsalvante,Way too hot to be a doggy today,Saturday
0,2259259070,2009-06-20 17:16:40-07:00,NO_QUERY,Speed2007,"@user well I can't, I only have the 1st Gen IPhone, it won't take the download",Saturday
4,1970026376,2009-05-30 02:09:08-07:00,NO_QUERY,brianwelburn,Oooh ! Got an email request for an alyssa milano painting ! What do you think ? should I ?,Saturday
0,2060562056,2009-06-06 19:08:19-07:00,NO_QUERY,alexandrosrahn,"on the floor with @user, kiki and the guys are in bed",Saturday
0,1685054347,2009-05-02 22:54:23-07:00,NO_QUERY,rxbz,Bostons won by 10. @user so manny won in how many rounds? 1-2? Lol,Saturday
4,1971355808,2009-05-30 06:54:36-07:00,NO_QUERY,edonald,@user I keep forgetting what you're working on right now?,Saturday
4,1975941342,2009-05-30 16:14:09-07:00,NO_QUERY,nutaaaa,Just testing,Saturday
4,1975998463,2009-05-30 16:21:58-07:00,NO_QUERY,northernangel1,@user I know u love that song! Did u go out to eat anywhere special?,Saturday
0,1677625619,2009-05-02 03:06:06-07:00,NO_QUERY,samanthablythex,whatttttt?! why wont topshop online put the dress up im in love with,Saturday
4,1970691337,2009-05-30 04:51:48-07:00,NO_QUERY,NatMParmenter,"@user Hey Bec, sorry, there really is not much point to Twitter. Just another source of procrastination! Get better soon x",Saturday
4,1969594309,2009-05-30 00:33:02-07:00,NO_QUERY,Dcharmgcr,"@user lol if you need a shoulder to cry on, i can provide you one...but u gotta strip first lol",Saturday
4,1752382859,2009-05-09 21:46:22-07:00,NO_QUERY,nabejero,@user do u hav a garden? bunny probs r decidedly uncool. thanks 4d link!,Saturday
4,1677876090,2009-05-02 04:27:21-07:00,NO_QUERY,pamingram,David Micah and Jr. get up way to early on Saturday. Waiting on Sissy to wake up so we can make Cinniamon Rolls. hope she takes a minute,Saturday
4,2052963628,2009-06-06 02:43:35-07:00,NO_QUERY,Ewoodite,Can't believe I'm up this early on a Saturday. Have to go to Blackpool to meet a friend before getting the train to Manchester for Aiden!,Saturday
0,1977346580,2009-05-30 20:45:48-07:00,NO_QUERY,DuceDaPrivilege,@user im on dat goose 2....no patron tho,Saturday
0,2054306214,2009-06-06 07:03:27-07:00,NO_QUERY,samjallen,Housework. On a Saturday. Unbelievable.,Saturday
4,2061184166,2009-06-06 20:20:55-07:00,NO_QUERY,DrNoodle,@user,Saturday
4,2052796994,2009-06-06 02:03:32-07:00,NO_QUERY,OrlandoWomenRun,Orlando Women Runners UNITE! Can't wait to see everyone this morning,Saturday
4,2057405220,2009-06-06 12:56:41-07:00,NO_QUERY,sofsterrawr,"@user DONT YOU DARE CALLIN ME A BITCH, BITCH and btw i said i would CONSIDER it. it doesnt mean im not going!! :O",Saturday
0,1823656848,2009-05-16 22:35:08-07:00,NO_QUERY,Shawn_ED,Need Food,Saturday
4,2057082828,2009-06-06 12:20:20-07:00,NO_QUERY,Applecored,@user ok thanks,Saturday
0,2060623425,2009-06-06 19:15:24-07:00,NO_QUERY,AmyBabyxox,@user - that is so sick....i will definitely be praying for them..especially heidi.....i'm sure she'll be okay.. in my prayers,Saturday
4,2058623523,2009-06-06 15:18:24-07:00,NO_QUERY,TanukiMaki,@user Lol yeaaah. A couple people but you were the only one who sounded sure of themselves!,Saturday
4,1677611264,2009-05-02 03:01:31-07:00,NO_QUERY,ronvanrutten,@user lucky you I can understand that certain changes need to be made but Deadpool really didn't need any change.,Saturday
4,1550879922,2009-04-18 07:31:35-07:00,NO_QUERY,allenmickle,@user Not concerned?,Saturday
0,1678599383,2009-05-02 07:12:04-07:00,NO_QUERY,ch_seanmartin,Time for work,Saturday
4,1553985776,2009-04-18 15:45:19-07:00,NO_QUERY,alisongow,@user lol! You get mail from 'Mr Hunglow' too huh?,Saturday
4,1970010713,2009-05-30 02:05:17-07:00,NO_QUERY,laurenrigby,Loving the sunshine in my shorts and t-shirt enjoy it while it lasts,Saturday
4,1677611930,2009-05-02 03:01:44-07:00,NO_QUERY,jonsie,"Blue skies, Saturday morning, Bank Holiday weekend. I like this",Saturday
4,1976558259,2009-05-30 18:26:19-07:00,NO_QUERY,radiochica,@user: Charlie wearing jorts. Sexy! That's worth a trip. Tell'em hi 4 me. Gina G.,Saturday
0,1972397859,2009-05-30 09:08:57-07:00,NO_QUERY,kristenbraxton,Wow this is a lil of a schoker,Saturday
0,2058167955,2009-06-06 14:24:05-07:00,NO_QUERY,jearle,"@user Damn, I've not got the budget for twice as much.",Saturday
4,1971562273,2009-05-30 07:23:14-07:00,NO_QUERY,shanthegirl,"@user If you pass through Lima, I'll be stuck in Ohio most of the day.",Saturday
0,1977440651,2009-05-30 20:59:07-07:00,NO_QUERY,KathrynLampi,"is back from Panama, and thinking about home visits!!! Emmitt is &quot;needs foster&quot; -- doesn't like kids",Saturday
4,1556685258,2009-04-18 23:52:28-07:00,NO_QUERY,harry_jerry,@user oye....BRRRrrrrrrrrrruah! Congrats mate...God bless you and your life partner!,Saturday
4,1553983677,2009-04-18 15:45:00-07:00,NO_QUERY,uniquely_moi,"chilling out with sis had Ben &amp; Jerry's half baked cookie doh ice cweam was amashzine now listenin2music,watchin TV &amp; surfin Inet hee!",Saturday
0,2253567000,2009-06-20 08:23:06-07:00,NO_QUERY,buhrayaaan,@user @user oohh we have more than a hundred here haha it's now up to 300+ but officials say that 70% are fine now,Saturday
0,1553823403,2009-04-18 15:18:30-07:00,NO_QUERY,Zetura,"Bientï¿½t dï¿½collage vacances, bye bye Twitterï¿½",Saturday
4,1823765160,2009-05-16 22:55:02-07:00,NO_QUERY,yessimelle,just got in....chill nite w/my faves. but so ready for sleepville. Gnite twitlovers,Saturday
4,1678264403,2009-05-02 06:07:16-07:00,NO_QUERY,TheCake,"Our windows #Homeserver now with 1,5 Terabytes Memory",Saturday
4,2061459960,2009-06-06 20:55:02-07:00,NO_QUERY,haleyysy,UP Was sooo cute!,Saturday
4,2053405599,2009-06-06 04:26:22-07:00,NO_QUERY,jokela,@user I did not know that about you &amp; Johnny Depp. If someone pinches you does he say ouch?,Saturday
4,2062079422,2009-06-06 22:17:07-07:00,NO_QUERY,kiarapop,back to maths. i wish i could stab it. but at least i have another red bull,Saturday
0,1970100208,2009-05-30 02:27:18-07:00,NO_QUERY,Lizzie169,has just got up.. reallly don't want to go back to school on mondayy!,Saturday
0,2261677517,2009-06-20 21:10:06-07:00,NO_QUERY,monicaaxl3,feeling like shit,Saturday
4,2056484803,2009-06-06 11:13:45-07:00,NO_QUERY,mandyhale23,@user OMG! I just saw an article that says Charlie is still alive and is coming back on Lost!!! Yay!,Saturday
0,2258596209,2009-06-20 16:10:58-07:00,NO_QUERY,raiannasz,"@user please say hi to lauren, to duda, and to me!",Saturday
4,2059397227,2009-06-06 16:51:06-07:00,NO_QUERY,xubean,nice weather for momos! thank god we're having momos!,Saturday
0,2250242958,2009-06-20 00:02:28-07:00,NO_QUERY,savannahperkins,how do i reply to peoples twitter things on my phone? godddd twitters so confusing,Saturday
0,1550755280,2009-04-18 07:10:13-07:00,NO_QUERY,unahealyfan,is still gutted she couldnt see diana sing last night! but bring on halmiton park in july!,Saturday
4,2057551667,2009-06-06 13:12:55-07:00,NO_QUERY,ConnieHoney,drinking some hot chocolate,Saturday
4,1678088709,2009-05-02 05:26:51-07:00,NO_QUERY,Marlonious,I like the way all my agents are making an effort on quality!,Saturday
0,1973929350,2009-05-30 12:06:30-07:00,NO_QUERY,winterone51,wishes there were some #aslym -type goodness in her city!!,Saturday
4,2060650527,2009-06-06 19:18:38-07:00,NO_QUERY,jaquetx,[http] - SOUZA COrinthians 2 x 0 Coritiba,Saturday
0,2254743444,2009-06-20 10:12:59-07:00,NO_QUERY,luellawitches,did three washings and cleaning the kitchen. nice day off,Saturday
4,2052343253,2009-06-06 00:24:50-07:00,NO_QUERY,ninetien,"heading to shangrila,let's burn some fat [http]",Saturday
0,2055503426,2009-06-06 09:26:11-07:00,NO_QUERY,MatteoScavo,HOLY CROW!!...who knew that a TTC employee would sexually assault someone on the TTC...people these days,Saturday
4,2061507059,2009-06-06 21:00:53-07:00,NO_QUERY,beautyandbedlam,@user love your wife - met her at Blissdom....she gave you a shout out.,Saturday
4,1973743664,2009-05-30 11:44:55-07:00,NO_QUERY,TanveerNaseer,Want to say thank you and welcome to the many great people now in my stream. Need to update my Tweetdeck now to get conversing with you.,Saturday
0,2261914476,2009-06-20 21:33:51-07:00,NO_QUERY,mr_billiam,"#reasonsihatewinter my nose runs all the time, whether I'm sick or not",Saturday
0,2053705446,2009-06-06 05:26:55-07:00,NO_QUERY,MagicMarek,Can't wait to play BFH!!! I'm dying of hunger for BFH!!! And it's still down,Saturday
4,2062593031,2009-06-06 23:41:29-07:00,NO_QUERY,mzungubeck,@user cause im coughing,Saturday
4,2058027312,2009-06-06 14:07:22-07:00,NO_QUERY,eslikinslautner,i want posole...yum,Saturday
0,2261324098,2009-06-20 20:36:47-07:00,NO_QUERY,Minnmess,Watching Travis-Live in Glasgow and then headed to bed. For 6 hours or less,Saturday
0,1970778508,2009-05-30 05:10:41-07:00,NO_QUERY,hellodello,straightening my hair in this heat is killing me. today sucks. i need to get out of this house or i may lose my mind,Saturday
4,1974942467,2009-05-30 14:07:17-07:00,NO_QUERY,MatthewCWhite,Is watching UP with @user and @user Super Excited!!,Saturday
0,1680264889,2009-05-02 11:16:57-07:00,NO_QUERY,brightiiC,@user I want to go ! ! !,Saturday
0,2058996997,2009-06-06 16:02:34-07:00,NO_QUERY,OINKOINKLOVE,"I'm sorry if i was super worried, concern and cared so much. I didn't know you left your fone, I know its my fault.",Saturday
4,2056280481,2009-06-06 10:51:27-07:00,NO_QUERY,lalithsuresh,"A Puma t-shirt for Rs 150? @ Spencer's plaza, Chennai only.",Saturday
0,2052338549,2009-06-06 00:23:52-07:00,NO_QUERY,dubbcee,@user No winning but always fun. The drunk Irishman came and sat with us and made no sense...we politely made him go away and...,Saturday
4,1972162363,2009-05-30 08:41:17-07:00,NO_QUERY,Chicarita6680,I love lazy Saturday mornings,Saturday
4,1978054332,2009-05-30 22:19:36-07:00,NO_QUERY,NiNAAA__x3,Going home ah. Tonight !,Saturday
0,1969615823,2009-05-30 00:37:15-07:00,NO_QUERY,itszacefron,"im not zac, PLEASE ADD again @user!! His account @user was hacked ! tell everyone to add him again please! god bless you!",Saturday
4,2062251754,2009-06-06 22:43:12-07:00,NO_QUERY,renz15renz,due and girls come and see my facebook ... renz.toribio@user.com ..,Saturday
0,1973646486,2009-05-30 11:33:28-07:00,NO_QUERY,ashaazaaa,a part of me was hoping Hollie Steel would cry again.. i'm evil,Saturday
0,2057184660,2009-06-06 12:31:49-07:00,NO_QUERY,raptattention,No Tony Hawk skate board for me Oh well..it might have helped had i read the directions a little closer...lol,Saturday
4,2056501468,2009-06-06 11:15:36-07:00,NO_QUERY,hotjez68,Chilling out with his second vodka and coke and reading an ebook on my Sony reader. Great combo,Saturday
4,2060819265,2009-06-06 19:38:21-07:00,NO_QUERY,drjudyblando,#joy ~ Doesn't 'supercalifragilisticexpialidocious' just make you smile.,Saturday
4,1977926408,2009-05-30 22:01:24-07:00,NO_QUERY,gladthinking,"anyways, be happy everyone-philosophy!",Saturday
0,1974849421,2009-05-30 13:56:59-07:00,NO_QUERY,heavyheartthat,Sooooo gutted that Aidan didn't win!!! I've never been so upset in my life!! Soo gutted xx,Saturday
4,2061365128,2009-06-06 20:42:59-07:00,NO_QUERY,Meilowski,lol black dont crack and white u gotta light right...ha...snl is funny...NOT..yea it is tho,Saturday
4,1972971013,2009-05-30 10:13:52-07:00,NO_QUERY,CallMe_Goddess,"Current Track: Dead End Countdown by The New Cities via @user I love this song If you haven't heard it, check it out!",Saturday
4,1970596719,2009-05-30 04:30:07-07:00,NO_QUERY,EmmaFranzen,@user you can sun too! It's a lovely weather! You can listen to your ipod while doing it,Saturday
4,1975136434,2009-05-30 14:31:22-07:00,NO_QUERY,PaazG,I see iCarly,Saturday
0,2261329540,2009-06-20 20:37:18-07:00,NO_QUERY,marialovesjb9,@user oh em gee. Can I cry? I'm crying! I wiiiish I was there I love NILEY and before the storm!,Saturday
0,1971568908,2009-05-30 07:24:04-07:00,NO_QUERY,Galiiit,@user aw man I am jealous. can't believe I missed the ~last Sydney show :| i will never forgive myself,Saturday
4,1556093366,2009-04-18 21:37:27-07:00,NO_QUERY,mystnightclub,The Ikki twins from double shot at love are hosting at myst tonight! Text for guestlist free till 11 6023803141,Saturday
4,1970811728,2009-05-30 05:17:45-07:00,NO_QUERY,ktbenson,graduated,Saturday
4,1822650241,2009-05-16 20:04:05-07:00,NO_QUERY,MsLuxe,omg..I cant believe I watchd that Jonas show...hahh..but there was nothin else on...n that girl Maria was really pretty...lol...eww Jonas,Saturday
4,1970585587,2009-05-30 04:27:23-07:00,NO_QUERY,mooshud,@user yes it will be babe,Saturday
4,1971135358,2009-05-30 06:18:51-07:00,NO_QUERY,MarkOOakes,"@user Recovery day today. I'll spend my day focusing on those that make everything else worthwhile,... my family",Saturday
4,2057674221,2009-06-06 13:26:54-07:00,NO_QUERY,munkiefly,[http] - he is hot stuff what i would give to be loved by Trace Cyrus!,Saturday
0,2259643592,2009-06-20 17:55:40-07:00,NO_QUERY,chrisluvssixxam,@user my belly is not full and my nails look like shit...for shame lol,Saturday
4,1680992515,2009-05-02 12:58:08-07:00,NO_QUERY,jessica_lee,more friends are getting onto twitter. they + fam say my feed is soooo boring. HR this HR that. won't be offended if ya stopped following,Saturday
0,1552028065,2009-04-18 10:35:55-07:00,NO_QUERY,moxie_b,...beautiful weather...LONg day ahead..so much to do so little time,Saturday
4,2059714638,2009-06-06 17:29:26-07:00,NO_QUERY,aylanha,nice quiet weekend,Saturday
4,2060562393,2009-06-06 19:08:21-07:00,NO_QUERY,QMG,@user @user @user @user @user thanks for the travel recommendations! Added 2 the list,Saturday
4,2061805296,2009-06-06 21:39:21-07:00,NO_QUERY,JustA_Girl,@user there's 9 of them! They r pretty good and easy reading too.,Saturday
4,1974608964,2009-05-30 13:29:01-07:00,NO_QUERY,line5250,@user live a little...have a dog and a cold beer,Saturday
0,2256337301,2009-06-20 12:37:22-07:00,NO_QUERY,19_Clare_86,Chill'axin at home.....bk to the fun factory sunday night!! xx,Saturday
0,2259316030,2009-06-20 17:22:28-07:00,NO_QUERY,kelseyhopper,Just used the wind shield wipers to knock a spider off the wind shield. I fuckin hate spiders.,Saturday
0,1823441624,2009-05-16 21:59:04-07:00,NO_QUERY,thefreshkidlos,Chillin layinqq down watchinqq a movie can't sleep n i got work in the AM,Saturday
4,2053922655,2009-06-06 06:05:24-07:00,NO_QUERY,BiiGGi,&quot;there would'nd be a swineflu if we treated the pig's better!&quot;.. haha that was soo funny,Saturday
4,1970436338,2009-05-30 03:51:43-07:00,NO_QUERY,crushtor,"@user thanks mate, didn't know I was competing, but it makes me feel good inside",Saturday
4,2057785157,2009-06-06 13:39:23-07:00,NO_QUERY,elaboratedream,@user Yep! i am !,Saturday
0,1978008380,2009-05-30 22:12:58-07:00,NO_QUERY,StephenMCollins,Finally in the apt. It's lonely and empty inflating my bed getting ready for sleep time,Saturday
4,2058758675,2009-06-06 15:34:23-07:00,NO_QUERY,talkrubbish,@user I like that,Saturday
0,1551645362,2009-04-18 09:36:10-07:00,NO_QUERY,dannidinosawwrr,dyed her hair... not all the way black sadly just got a job at arbys,Saturday
0,2262158192,2009-06-20 21:59:35-07:00,NO_QUERY,sherabey,wishes bisa sekali &quot;blink&quot; bisa ke CN Tower liat stadioum Raptors ... [http],Saturday
0,1970789107,2009-05-30 05:12:59-07:00,NO_QUERY,aeris84,@user wish I could be at the party too,Saturday
4,2053537281,2009-06-06 04:54:18-07:00,NO_QUERY,platinumpanties,I am off to snuggle under the covers........love to all my tweeps â¥ and I'll be back tomorrow...send me a private msg if you want me,Saturday
0,1555895840,2009-04-18 21:00:36-07:00,NO_QUERY,osora,man i'm so sad right now. can i get a few more hours of live mixing? #asot400,Saturday
0,2054991361,2009-06-06 08:29:19-07:00,NO_QUERY,GodFirst08,"@user then it's just unstoppable. Twitter cannot even stop us! Okay, they probably could for a little while.",Saturday
0,2061948883,2009-06-06 21:58:58-07:00,NO_QUERY,AshleySuperfly,"I know its 12AM and H.I. aired like 4 hours ago but OMG - I thought it'd make sense for the person that died to die, but didn't expect it",Saturday
4,1677207381,2009-05-02 00:56:41-07:00,NO_QUERY,scifiartist,"@user Thanks for following and for the kind words about my artwork, the Anakin Skywalker painting is one of my favourites too",Saturday
4,2055433954,2009-06-06 09:18:31-07:00,NO_QUERY,aislynngrey,@user Really good. Getting things done. Slowly. Baking again.,Saturday
4,1677076275,2009-05-02 00:21:23-07:00,NO_QUERY,mokujen,"@user yeah, welcome home bill! Ps: looking forward to seeing you in Nottingham in July",Saturday
4,1752918668,2009-05-09 23:26:41-07:00,NO_QUERY,JennyandTiffOTR,"@user LOL...oh, man, can I un-twit something? haha! I mean my lean mean fighting machine. I sooo can't believe you called me out!",Saturday
0,1977834891,2009-05-30 21:49:03-07:00,NO_QUERY,somemandy,@user first you have coffeeTU and then (possibly) sushiTU... I'm so jealous... *sniff*,Saturday
0,2251685063,2009-06-20 04:16:23-07:00,NO_QUERY,Viki_T,@user No problem Wifey... Just wish I was with you. Damn my lack of money!! @user,Saturday
0,1978251141,2009-05-30 22:49:54-07:00,NO_QUERY,OriginalGata,@user dammit..I'm going to miss it,Saturday
4,1974759510,2009-05-30 13:47:20-07:00,NO_QUERY,peaceluvnemily,@user that would be me and my bff who just came to say hi. haha,Saturday
0,1970964874,2009-05-30 05:48:31-07:00,NO_QUERY,bbd_russ,"Work now busy as, never going to leave this place thanks for tweets of support @user although cut this pescetarian rubbish!",Saturday
0,1555790214,2009-04-18 20:42:04-07:00,NO_QUERY,NastySteve,Fuuuuuck! Chuck got knocked out again.jesus I hope he retires now,Saturday
4,2061525993,2009-06-06 21:03:12-07:00,NO_QUERY,crvenk,@user What is Blackberry Bold or is it Blackberry Old?,Saturday
4,1971133917,2009-05-30 06:18:35-07:00,NO_QUERY,brewster_d,Just been up the empire state building. One of the best experiences I've ever had in my life. Bloody amazing,Saturday
0,1977346001,2009-05-30 20:45:41-07:00,NO_QUERY,Joshuawhalen,I need some followers.,Saturday
0,2056876238,2009-06-06 11:57:43-07:00,NO_QUERY,mattpicasso,At Cinci zoo with Pam. Cat House should be renamed Sad Cat House. All of them made this face,Saturday
4,2060667304,2009-06-06 19:20:36-07:00,NO_QUERY,Juls_W,attempting to install the firms sims game on my laptop,Saturday
0,1685191097,2009-05-02 23:23:38-07:00,NO_QUERY,just_reva,Me and @user havin a Movie Marathon here. @user leaving for home tonight But it has been a wonderful weekend! YAY!!!,Saturday
4,1677686280,2009-05-02 03:26:02-07:00,NO_QUERY,sandrasrockinit,@user you probably know this already...but that was a joke,Saturday
0,1553299058,2009-04-18 13:53:49-07:00,NO_QUERY,shazyck,Has decided against the tattoo as I promised the agency I haven't made any changes. Does a new nose count?,Saturday
4,2057728084,2009-06-06 13:33:00-07:00,NO_QUERY,beccajonas,145 people in @user 's chat,Saturday
0,1677940021,2009-05-02 04:46:35-07:00,NO_QUERY,mustntgrumble,"@user 9, but with his difficulties, he is much more vulnerable physically &amp; emotionally",Saturday
4,1823993463,2009-05-16 23:40:18-07:00,NO_QUERY,sweetthaang19,Truthfulness is the foundation of all human virtues.,Saturday
0,2257794047,2009-06-20 14:54:17-07:00,NO_QUERY,sophielockley,Matt was allowed a McDonalds. I wasnt. So unfair! All I had was yoghart!,Saturday
4,2053944788,2009-06-06 06:09:00-07:00,NO_QUERY,irisvarsi,Today planning to watch movies and going to the city with my bestfriend Mirjam,Saturday
4,2059998997,2009-06-06 18:03:38-07:00,NO_QUERY,ComplicatedMama,@user priceless!!!,Saturday
0,2057171106,2009-06-06 12:30:20-07:00,NO_QUERY,felicityjade,kam sucks! i have a huge bruise thanks to him,Saturday
0,2052218855,2009-06-06 00:01:24-07:00,NO_QUERY,chantellmarie,"@user LMAO. Sometimes those dairy products really pick fights w/ my stomach... Sadly, I can't end my love affair w/ dairy",Saturday
4,1973263478,2009-05-30 10:48:39-07:00,NO_QUERY,caty118,@user you are ruining summer by being sick. hope you feel better,Saturday
4,2053434841,2009-06-06 04:32:36-07:00,NO_QUERY,jennimoon,enjoying some quality &quot;me&quot; time,Saturday
4,1977476252,2009-05-30 21:03:10-07:00,NO_QUERY,Decinces,@user and you too i drugged the chocolate i put out for the zipper-rompa-roos. so you don't have to worry about them tonight ;),Saturday
0,2061991760,2009-06-06 22:04:37-07:00,NO_QUERY,egoins22,Hey @user not fair drakes not there (treysongz live &gt; [http],Saturday
0,2261121803,2009-06-20 20:17:47-07:00,NO_QUERY,DEAHHNAH,@user jaja i know siempre me decia abusor.i gues she took one of my intense shits for reals lo k me pasa x ser intensa uhh jaja,Saturday
4,2059050440,2009-06-06 16:08:53-07:00,NO_QUERY,ThaBusDriva,@user Nice Pic!!! Very Nice Pic!!! If I was ballin I would buy!!,Saturday
4,1752619888,2009-05-09 22:26:56-07:00,NO_QUERY,meilindasetio,happy mother's day to all the mothers in the world.,Saturday
4,1975106552,2009-05-30 14:27:41-07:00,NO_QUERY,xx3GEM,"Diversity &lt;333 we all had a bet.. i won saying them simon, amanda, piers (Y) thumbs up !! &lt;3 xxx",Saturday
4,2057012021,2009-06-06 12:12:26-07:00,NO_QUERY,kmjohnson14,Hanging out with Carson and Taylor!,Saturday
0,1972470453,2009-05-30 09:17:12-07:00,NO_QUERY,ratusyura,"@user tu la, nak kumpul org pun cam payah.patut tday but last minit i plak pening so cancel. just go la tmrw lemme knw how it goes",Saturday
0,1977932194,2009-05-30 22:02:11-07:00,NO_QUERY,BrookeOToole,Cake pops finally done. Sick husband asleep in the middle of the bed. A night on the couch for me.,Saturday
4,2062275585,2009-06-06 22:47:02-07:00,NO_QUERY,arttherapy2heal,"And to those who will b up &amp; on like six hours, I will be back and twittering at church on IPod so it will be slow to respond",Saturday
0,2056497840,2009-06-06 11:15:13-07:00,NO_QUERY,apache_rose,"@user done the Germany trip at school, but they only did it every other year and I couldn't",Saturday
0,2055710891,2009-06-06 09:48:59-07:00,NO_QUERY,lauramichelin,@user i'm just wondering if you guys will ever have a meet and greet in brazil?? we deserve it as much as argentina!,Saturday
4,2058248116,2009-06-06 14:33:42-07:00,NO_QUERY,BonnieLowe,"@user I enjoyed that flick, too. Wish J-Lo would do more movies.",Saturday
4,1976820962,2009-05-30 19:10:46-07:00,NO_QUERY,LovedSince88,"o, had a grt day at work; worked my first prom (idk why prom is so late) and booked a wedding go me!",Saturday
0,2253115909,2009-06-20 07:36:49-07:00,NO_QUERY,rbeardwood,Raining - no cricket today,Saturday
4,1977941376,2009-05-30 22:03:28-07:00,NO_QUERY,davar,nothing like a rainy un-productive saturday. wifey made up for it with some fantastic food,Saturday
4,1970964700,2009-05-30 05:48:29-07:00,NO_QUERY,Boy_Kill_Boy,"hmm.... shit goes wrong so im the one who puts it all right for people, i can live with that",Saturday
4,1971230910,2009-05-30 06:34:34-07:00,NO_QUERY,Katerrss,Had an awsome time at Tiger Tiger thursday night I fell asleep on the beach yesterday and now im sun burnt lol,Saturday
0,1970888422,2009-05-30 05:33:24-07:00,NO_QUERY,AnneMariePH,attending my hangover,Saturday
0,2062522879,2009-06-06 23:28:49-07:00,NO_QUERY,Licokitty,Watching Dan in Real Life one of my faves* many ppl don't like it.. I can relate in many ways &lt;3 -- about to feed the babies,Saturday
4,1969428826,2009-05-30 00:00:37-07:00,NO_QUERY,v_a_l_,@user It's good to hear. Never let yourself be bothered by all those high school dramas,Saturday
0,2061371844,2009-06-06 20:43:49-07:00,NO_QUERY,erinnncatherine,lame...txt me. ill be waiting. cant sleep.,Saturday
4,1978325287,2009-05-30 23:01:47-07:00,NO_QUERY,Sterling72,@user Damn right. Take a &quot;mental health&quot; day and just relax once in a while.,Saturday
0,2056589996,2009-06-06 11:25:26-07:00,NO_QUERY,pung101,just got back from socce we lost,Saturday
0,2256301112,2009-06-20 12:34:03-07:00,NO_QUERY,AshfordTalk,@user am I able to test the 2.0 theme?? The link you gave me to the 1.0 didn't work!!,Saturday
0,1971148755,2009-05-30 06:21:04-07:00,NO_QUERY,sabzero,is unfortunately back from Nicaragua,Saturday
4,1978200119,2009-05-30 22:41:44-07:00,NO_QUERY,sbyeeeee,Dmoms if you never peel the orange you won't taste the fruits of your labor!!!,Saturday
4,1556466093,2009-04-18 22:56:52-07:00,NO_QUERY,staceylovesDW,@user whats a cock rocket tell me lmfao,Saturday
4,1969837763,2009-05-30 01:25:04-07:00,NO_QUERY,Mamas2000,"is gonna try 2 have a great weekend.. @user when are you guys coming down, we can go swiming.. ashers is looking for Isa..",Saturday
4,1976561289,2009-05-30 18:26:48-07:00,NO_QUERY,psa2,We in the MI area are spoiled w/ the weather. Payback for harsh winter &amp; all of the walkways that I needed to shovel while pet sitting.,Saturday
0,2053534171,2009-06-06 04:53:38-07:00,NO_QUERY,andy2boyz,[http] - Bugger hit traffic before we left sheffield,Saturday
4,1678265893,2009-05-02 06:07:35-07:00,NO_QUERY,taufikn,"@user @user @user Wah, jangan2 @user lagi flirting nih.. #gosip #nyariribut",Saturday
4,1554139142,2009-04-18 16:10:32-07:00,NO_QUERY,WOnet,"@user Congrats on Colin making it in! I will be pulling for him, and you Would be cool to see him in an &quot;In My Mug&quot;... just a thought",Saturday
0,2257502041,2009-06-20 14:26:21-07:00,NO_QUERY,livi_j,"@user Weds my Dad gets here, no chance",Saturday
4,1751503363,2009-05-09 19:36:11-07:00,NO_QUERY,mime24,"this song called stolen, it soooo amazing!! it by Dashboard Confessional",Saturday
0,2057963569,2009-06-06 14:00:05-07:00,NO_QUERY,mandakay23,Im sad that my bff doesn't love me anymore,Saturday
0,2058481966,2009-06-06 15:01:48-07:00,NO_QUERY,LaLaHearts,Im 2 seconds away from smacking this little boy who wont let Isa go down the slide,Saturday
0,2062169216,2009-06-06 22:30:31-07:00,NO_QUERY,PleasantKJ,@user Thanks Tommy!!! I certainly hope so !,Saturday
4,2062626927,2009-06-06 23:47:44-07:00,NO_QUERY,sari88_,Happy bday to my big bro! Love you soo sooo much,Saturday
0,1551296795,2009-04-18 08:40:43-07:00,NO_QUERY,Bittersweetbbyx,I have homework and chores to do plus school starts monday. fml RIP to my wifes gpa,Saturday
4,1679074994,2009-05-02 08:28:26-07:00,NO_QUERY,Beana,draggin out 20 minutes so i can have a full 3 hrs OT,Saturday
4,1678071938,2009-05-02 05:22:27-07:00,NO_QUERY,yoeii,is watching MMK [http],Saturday
0,2059113928,2009-06-06 16:16:27-07:00,NO_QUERY,leebo,Gaah. This headache all feckin day. Nothing will shift it,Saturday
0,1974193907,2009-05-30 12:37:49-07:00,NO_QUERY,JordanRinke,"flight is as much my fault as anyones, i should have paid attention to the date not just time time. i was so excited i failed to validate",Saturday
4,2054221195,2009-06-06 06:51:35-07:00,NO_QUERY,jesssieg,studyingg for math then birfday party,Saturday
0,1822535188,2009-05-16 19:48:05-07:00,NO_QUERY,AbradeKhan,@user gaslight manor in aurora. They went with a family friend before asking around to fit the budget. Guess you get what you pay for,Saturday
0,1970435335,2009-05-30 03:51:27-07:00,NO_QUERY,melons_2009,"just getting ready for work, really dont want to be stuck inside on a lovely day like today! x",Saturday
4,2052850969,2009-06-06 02:16:14-07:00,NO_QUERY,JasonHEATRosell,its about that time..... ooo ya brotha!,Saturday
4,2054023751,2009-06-06 06:21:30-07:00,NO_QUERY,laurapeake,I am mucho mucho thankful for the rain though,Saturday
4,2053169019,2009-06-06 03:32:42-07:00,NO_QUERY,willmize,@user Wait a minute! Friday night? Battlestar Galactica? Cupcakes? Holy crap! You're a NERD. *gasp* I am so telling,Saturday
4,2056537109,2009-06-06 11:19:35-07:00,NO_QUERY,curlyq89,Just woke up because I was out so late last night.. I enjoyed my epic surprise last night though,Saturday
0,1678932740,2009-05-02 08:06:25-07:00,NO_QUERY,AndreaBirdy,Glad Jeff was back in school on Thursday! but was gone again yesterday What do I do without him there? lol. Ima miss you next year!!!,Saturday
4,2052880870,2009-06-06 02:23:28-07:00,NO_QUERY,GooleyActor,is filming all day on the upper east side till about 5pm with an early call time for costume and hair and make up,Saturday
0,1975360514,2009-05-30 14:59:51-07:00,NO_QUERY,Attack_Kita,@user nathan n ellis will be back at 12. You see this is why i will hate uni being alone !,Saturday
0,1752931342,2009-05-09 23:29:31-07:00,NO_QUERY,joeboyfresh,@user tell me about it!!,Saturday
0,2055121662,2009-06-06 08:44:21-07:00,NO_QUERY,SophiaRoberts,"tim minchin hosted ra-r-raa-raaa-rage (impersonation of the crazy &quot;rage&quot; voice) - i gave up at deep purple, couldn't stay awake",Saturday
4,1752503088,2009-05-09 22:06:20-07:00,NO_QUERY,Ana503,"on myyearbook, myspace, here and messenger",Saturday
0,1970150383,2009-05-30 02:39:42-07:00,NO_QUERY,k3nn3thcarl,My other half is far far away from me,Saturday
4,1553492920,2009-04-18 14:24:56-07:00,NO_QUERY,nics620,"@user I do feel much better now, thanks",Saturday
4,2052917375,2009-06-06 02:32:18-07:00,NO_QUERY,eliz2688,OFF!!!!!!!!! nighty night!!,Saturday
4,2055828834,2009-06-06 10:01:47-07:00,NO_QUERY,somerx,"dear mr sun, please come out",Saturday
0,2260219673,2009-06-20 18:52:02-07:00,NO_QUERY,petiteAlicious,My mother's mom died today!! R.I.P!! Will be out of town this week!!,Saturday
4,1971332201,2009-05-30 06:50:53-07:00,NO_QUERY,WeekendChica,@user yes I seent it &lt;333333,Saturday
4,1970214253,2009-05-30 02:55:47-07:00,NO_QUERY,Lornaaaa,Because I love only having to worry about myself ? [http],Saturday
0,2052836652,2009-06-06 02:12:51-07:00,NO_QUERY,ktoint83,"can feel a cold comming on but is going to enjoy today despite feeling not great..Happy one year to my baby, heres 2 the first of many!xx",Saturday
0,2059082813,2009-06-06 16:12:43-07:00,NO_QUERY,drewxs,"Well, we didn't make it #mcff09",Saturday
4,1677377417,2009-05-02 01:45:55-07:00,NO_QUERY,MakeupByAngie,@user maybe he was trying to check out your boobies?,Saturday
0,1973064144,2009-05-30 10:24:48-07:00,NO_QUERY,sup3rmark,"@user hey, just noticed your tweet from yesterday. didn't go, did you? weather+hangover+friends visiting=no mass for mark",Saturday
0,2057920593,2009-06-06 13:55:05-07:00,NO_QUERY,kingtexas,@user Were you at happy endings? I didn't see you,Saturday
4,1823046754,2009-05-16 20:59:29-07:00,NO_QUERY,bertranddkhar,"@user aww, just don't be too hard on yourself.... believe and you will achieve",Saturday
4,1969984475,2009-05-30 01:59:27-07:00,NO_QUERY,xcupofcake,Three Weeks of Twitter!,Saturday
0,2052983751,2009-06-06 02:48:30-07:00,NO_QUERY,xcjm,"@user gaaah i know! poor milo. he doesn't deserve shit like her. i vote he goes back to alexis, if i can't have him!",Saturday
0,1752972590,2009-05-09 23:38:49-07:00,NO_QUERY,kirstenj0y,My phone is about to die. NOW WHAT WILL I DO?,Saturday
0,2058772284,2009-06-06 15:35:52-07:00,NO_QUERY,billyrowan,@user heh I know feeling,Saturday
0,1974001509,2009-05-30 12:14:49-07:00,NO_QUERY,iyaitssuzanne,"@user lolz i hate chav music, but im actluy quite scared cos i started likin a sort ov chav song the other day",Saturday
0,2059033959,2009-06-06 16:06:56-07:00,NO_QUERY,celine_x,Today is going to be busy D: I miss @user,Saturday
0,1972051325,2009-05-30 08:27:33-07:00,NO_QUERY,PrizzyG,"Just got word, June 12th My Shining Star will be graduating. I don't think I'm ready for this. I'm going to be a hot mess that Friday.",Saturday
4,1551681727,2009-04-18 09:41:56-07:00,NO_QUERY,livethelushlife,@user Sounds awesome- sharing with the group.,Saturday
4,1559100518,2009-04-19 10:15:34-07:00,NO_QUERY,dani_ellee,sooooo much homework...but lunch/dinner with the family 1st,Sunday
4,1827507480,2009-05-17 10:51:27-07:00,NO_QUERY,teachers_pet79,Doing lots of research today. I gotta step up my game if I'm gonna have any sales this month.,Sunday
4,1984055828,2009-05-31 14:21:17-07:00,NO_QUERY,styleprdiva,@user. YOUR FIRED c its easy.,Sunday
0,1986958450,2009-05-31 19:34:28-07:00,NO_QUERY,MysticFallout,"after a long day, im now in for a long night it seems. mouth is hurtin something terrible. want em OUT NOW!!!!!!!!",Sunday
0,1557155022,2009-04-19 02:20:00-07:00,NO_QUERY,jesschev,Chilling at home on my mac feeling sick,Sunday
4,1824485778,2009-05-17 01:35:19-07:00,NO_QUERY,mizdi,"@user i am always optimistic, always enterprising, &amp; never satisfied... but i am not a gardener..",Sunday
4,2064077424,2009-06-07 05:08:42-07:00,NO_QUERY,challyzatb,@user Welcome,Sunday
0,2263955913,2009-06-21 02:19:19-07:00,NO_QUERY,lbramhall,Happy Father's Day to all the Dads out there! I miss you Papa,Sunday
4,1978836183,2009-05-31 00:38:13-07:00,NO_QUERY,misha11,@user getting older can be good in someways&gt;&gt;,Sunday
0,2266017907,2009-06-21 07:45:00-07:00,NO_QUERY,meggycocopuff90,work @ 1 prob til 8... sucks,Sunday
0,1759339508,2009-05-10 19:00:02-07:00,NO_QUERY,cherrylove4life,i hope i dont forget the hole recitation right when i get on stage,Sunday
4,2068396099,2009-06-07 14:00:38-07:00,NO_QUERY,katiejohnstone,Getting new apps fonttyping is ridiculously cool,Sunday
0,2069157894,2009-06-07 15:22:03-07:00,NO_QUERY,kyleBRIGHTEST,Why do I have to have a bladder the size of a walnut.,Sunday
4,1982330032,2009-05-31 10:59:42-07:00,NO_QUERY,lyndsexy,good service today work from 3 to 11.,Sunday
4,2069005583,2009-06-07 15:05:35-07:00,NO_QUERY,toriunicorn,"Second model cancelled, so heading to melrose with izzy then another shoot at 6 w/ katya v val",Sunday
0,1980347683,2009-05-31 06:28:42-07:00,NO_QUERY,ainhoa_,"@user I can't believe that you guys r not going to do a concert in Bcn..We were waitin' for you, all your fans We're so sad :/",Sunday
4,1833012238,2009-05-17 22:03:33-07:00,NO_QUERY,Ifran27,That Adidas commercial with the kick ass house party looks so awesome. Now THAT'S a party I want to be at,Sunday
0,1692915894,2009-05-03 21:05:29-07:00,NO_QUERY,lastyearswishes,"@user lol if it makes you feel any better, i really enjoy watching demi lovato's show.",Sunday
0,2265907157,2009-06-21 07:32:25-07:00,NO_QUERY,oxoxBethxoxo,@user i know how you feel,Sunday
0,2174842277,2009-06-14 23:26:40-07:00,NO_QUERY,dieyoungrebel,assignments EPIC FAIL!,Sunday
0,2069093214,2009-06-07 15:14:58-07:00,NO_QUERY,ducky15,@user i knoww me tooo its been too long how are u,Sunday
4,1759692275,2009-05-10 19:46:32-07:00,NO_QUERY,iwantmycamera,"Whoo, I have officially taken Bere under my wing",Sunday
0,1754898472,2009-05-10 07:42:18-07:00,NO_QUERY,charliseymour,@user lucky sod! Although I have just slept all day,Sunday
0,1693148765,2009-05-03 21:41:55-07:00,NO_QUERY,xxamandaa,"busy week, church, dress rehearsal, spring show thursday &amp; friday. missing mix fest &amp; wtk",Sunday
0,1753417221,2009-05-10 01:32:05-07:00,NO_QUERY,kozay_san,is washing clothes. Boring,Sunday
4,1984882629,2009-05-31 15:59:57-07:00,NO_QUERY,amandameckk,got highlights and my nails done yesterday love it! and just got on demand so im like obsessing over the tv haha,Sunday
0,2068253040,2009-06-07 13:45:49-07:00,NO_QUERY,priiihx3,Guess times like these remind me that I've got to keep my feet on the ground,Sunday
0,2072123158,2009-06-07 20:26:31-07:00,NO_QUERY,nguyenhalam,Do you know how to take care a puppy?? My puppy is sick and she doesn't want to eat,Sunday
0,1753357509,2009-05-10 01:14:44-07:00,NO_QUERY,databasejase,@user We have some softphone software at work that doesn't work on x64 so I could use it in XP Mode but my proc no support hard-virt,Sunday
4,1557000819,2009-04-19 01:27:50-07:00,NO_QUERY,Leci132,"Myspace, Bebo, Facebook is boring, so im coming on here to see if Twitter is any better.",Sunday
0,2064647430,2009-06-07 06:49:33-07:00,NO_QUERY,Renato71,is at work. Evening shift till 11 o'clock,Sunday
4,1979806638,2009-05-31 04:34:59-07:00,NO_QUERY,iamloz_JsPR,@user that sux !! get a new one and add me !,Sunday
0,1978918797,2009-05-31 00:56:08-07:00,NO_QUERY,eeekk,! don't know how I am going to survive without Lie to Me,Sunday
0,2265794450,2009-06-21 07:19:22-07:00,NO_QUERY,phuiyuk,garh tomorrow's Monday again !,Sunday
4,1981953152,2009-05-31 10:13:39-07:00,NO_QUERY,twitch9025,"@user How did I leave it at by your house? It's by the computer, isn't it? Keep it safe!",Sunday
4,1686904006,2009-05-03 07:09:48-07:00,NO_QUERY,ashpags,"@user And now you will come make some for me, yes?",Sunday
0,2067392859,2009-06-07 12:15:49-07:00,NO_QUERY,stepheezie,Off the The March Of Dimes! Sorry Gay Pride,Sunday
0,1685689303,2009-05-03 01:34:36-07:00,NO_QUERY,mcflylottiepop,Cant believe i am up.,Sunday
0,1558062027,2009-04-19 07:07:27-07:00,NO_QUERY,PhCrazySarah,Ugh another 10 hrs of school. need coffee!,Sunday
0,1982094154,2009-05-31 10:30:55-07:00,NO_QUERY,samanthamarie,"Two people came in and had their cats put to sleep, it was really sad, I wanted to cry with them",Sunday
4,1981295806,2009-05-31 08:51:17-07:00,NO_QUERY,cbrown8806,"busy day today! brunch, SummerFair, and visiting the grandparents",Sunday
0,2063737294,2009-06-07 03:52:41-07:00,NO_QUERY,chekaloren23,school day is just 1 week ahead..!,Sunday
4,2070507592,2009-06-07 17:49:05-07:00,NO_QUERY,WWEChickJes54,@user J where can we download ur video?? I want it for my ipod,Sunday
4,1985859815,2009-05-31 17:54:32-07:00,NO_QUERY,AlexAesthetic,last week of school. excited for friday. the warhead challenge is most definitely on.,Sunday
0,1556962894,2009-04-19 01:15:02-07:00,NO_QUERY,smithereenz,@user what channel was it on last night. i seen the buildup then there was football on Setanta,Sunday
4,2062734593,2009-06-07 00:07:42-07:00,NO_QUERY,sharonhayes,"@user Did I say congrats? If not, a belated congrats",Sunday
4,1980433425,2009-05-31 06:43:52-07:00,NO_QUERY,Jessieeeexox,haahah finishing porn for @user you belong with me out soon almost done,Sunday
4,2070427464,2009-06-07 17:40:30-07:00,NO_QUERY,ZaleryGreen,your welcome,Sunday
4,1559939865,2009-04-19 12:26:15-07:00,NO_QUERY,smartnotbright,&quot;nutella on banana bread?! well that's just out right blasphemy!&quot; omg emily i love u,Sunday
0,1558314852,2009-04-19 07:59:32-07:00,NO_QUERY,thelecky,is finishing the gin but has no other booze,Sunday
0,2065037755,2009-06-07 07:45:17-07:00,NO_QUERY,jasonstansel,@user ha that sucks about your car,Sunday
4,1832769006,2009-05-17 21:27:30-07:00,NO_QUERY,CHARLENE_DG,"Ashers house playing with cheerio, on youtube, playing guitar. How typical",Sunday
0,1558789618,2009-04-19 09:24:27-07:00,NO_QUERY,laddie,"@user on a somewhat lucky (for me) note. I work about 5 blocks from the 905 location, and didn't know it. Still sad.",Sunday
0,2265247499,2009-06-21 06:08:40-07:00,NO_QUERY,petteflet,@user I'm SO happy I saved it EVERYWHERE I could! Just wished it would have been in my inbox a little bit longer But I've got proof!,Sunday
0,2174367258,2009-06-14 22:24:21-07:00,NO_QUERY,mscheurer,hasn't got anything to twitter about...,Sunday
4,1691051150,2009-05-03 16:59:02-07:00,NO_QUERY,bruxedo,"@user Hi, I'm OK thanks",Sunday
0,1557295300,2009-04-19 03:12:51-07:00,NO_QUERY,danieSCH,do my homework,Sunday
4,2064688293,2009-06-07 06:55:42-07:00,NO_QUERY,vicjamm,i'm gonna post up music when i'm done with exam so check out the blog.,Sunday
4,2068988035,2009-06-07 15:03:44-07:00,NO_QUERY,LoveSunniDays,"@user Hi..First time to NCY, any suggestions where to stay, and what NOt to miss",Sunday
4,2063397553,2009-06-07 02:29:53-07:00,NO_QUERY,hypnophil,"@user morning, I'm jealous, you can have some of our rain as we have too much of it",Sunday
4,1832659287,2009-05-17 21:12:56-07:00,NO_QUERY,linz4220,Just found @user here... If you are the real thing then that's pretty fun! I love Justin!,Sunday
4,1753291321,2009-05-10 00:56:42-07:00,NO_QUERY,MummaBear,@user you can use my alotment,Sunday
0,1686119021,2009-05-03 03:51:35-07:00,NO_QUERY,EmilyJOC,Feels like she's been in the car foreverrrr .. Having a bad day,Sunday
4,1826038351,2009-05-17 07:32:48-07:00,NO_QUERY,matthiaswithu,?... by the way.. .?? Jason..,Sunday
4,2068198421,2009-06-07 13:40:07-07:00,NO_QUERY,livia_ro,"lavei toda a louÃ§a do final de semana.e vou viajar com a mamÃ£e i am happy,in spite the earache",Sunday
4,1827821655,2009-05-17 11:31:04-07:00,NO_QUERY,AmandaWadsley,@user would you be the best person in the world and explain what a drake concert is?? xx,Sunday
0,2263623399,2009-06-21 01:19:57-07:00,NO_QUERY,giannadimson,"@user I'm sick, too.",Sunday
4,1830926221,2009-05-17 17:51:41-07:00,NO_QUERY,terreesuhh,My happiness is back! Even though i hate certain things... &lt;3,Sunday
4,1979285327,2009-05-31 02:23:40-07:00,NO_QUERY,kevchau,loves watching hk drama &quot;duke of mount deer 2000&quot;; sigh ... made my day!,Sunday
0,1981592768,2009-05-31 09:28:57-07:00,NO_QUERY,LizinNY,@user Sums it up nicely. [http],Sunday
4,1833535997,2009-05-17 23:36:10-07:00,NO_QUERY,Ambeizzle,Feeling completely validated and having a purpose and completely wanted. GREAT WEEKEND!,Sunday
4,1825029858,2009-05-17 04:01:47-07:00,NO_QUERY,iamtonywang,I'm a freshman on twitter.,Sunday
4,1559611728,2009-04-19 11:35:43-07:00,NO_QUERY,karenpatacsil,is at game one of the lakers vs jazz!,Sunday
0,1981143495,2009-05-31 08:30:58-07:00,NO_QUERY,madamerisette,My mom just asked me if I can skip training tomorrow because it's flooded near our village. I don't want to.,Sunday
4,1986049452,2009-05-31 18:14:31-07:00,NO_QUERY,CelebAnonymous,@user I'm 100% anti-religious so no blessings necessary. I actually enjoyed tweeting with you...even if you are a religious nut,Sunday
4,1755508681,2009-05-10 09:19:12-07:00,NO_QUERY,AdmireMyAttire,Didn't fall asleep at the party last night and managed to have a blast!,Sunday
0,2069262260,2009-06-07 15:33:22-07:00,NO_QUERY,loveandbooze,How did i manage to find a set of 5 cars driving 100 mph. I like them! Too bad i have to stop for gas soon,Sunday
4,1984600029,2009-05-31 15:25:41-07:00,NO_QUERY,ChloeLyzun,Graduation dinner I love my grads!,Sunday
0,2265836804,2009-06-21 07:24:24-07:00,NO_QUERY,KidKJ_21,@user lol you not gone do it I'll just have to imagine it until I make my own trip there,Sunday
4,2062766861,2009-06-07 00:13:48-07:00,NO_QUERY,Criminal_Damage,Just congratulated my dad with fathers day now gonna eat and later go to my grandma to eat cepelinai,Sunday
0,1827554721,2009-05-17 10:57:36-07:00,NO_QUERY,sinceday1,"@user she's gona miss you, ladybug.",Sunday
0,1981025228,2009-05-31 08:14:32-07:00,NO_QUERY,olympicpnw,Didn't get a ride on their boat [http],Sunday
4,1754329686,2009-05-10 05:53:21-07:00,NO_QUERY,crazysims12,[http] Got they are awsome with a capital P. Aha off to lucys to eat some toast,Sunday
0,2063417425,2009-06-07 02:34:27-07:00,NO_QUERY,SarahIsaacs,I finally received a comment on my blog...it was spam,Sunday
0,2264509200,2009-06-21 04:05:46-07:00,NO_QUERY,Cassie115,This night is terrible;( I could not sleep because tooth of ached But Im hope that this day is cool,Sunday
4,1759503575,2009-05-10 19:21:28-07:00,NO_QUERY,rpguy_ad,"Oh yes, and Row Row Fight The Power! or something!",Sunday
0,2066809086,2009-06-07 11:12:36-07:00,NO_QUERY,ThespianQ,"Off to drive my parents to some meeting point so they can go on their way to the Mayo Clinic... Good luck, dad",Sunday
4,1825239836,2009-05-17 04:56:28-07:00,NO_QUERY,velocit,i has internets again... woot!!! thanks @user and @user,Sunday
4,1985507610,2009-05-31 17:14:14-07:00,NO_QUERY,NoeIsaac,Needs new music ideas,Sunday
4,2069622468,2009-06-07 16:13:00-07:00,NO_QUERY,MandyStocker,Work sucked. I'm sneaking over to branhaven to meet up with Aaron. My parents think I'm running. I really like him.,Sunday
4,1979342482,2009-05-31 02:38:06-07:00,NO_QUERY,acidicice,"@user It's weird not seeing it everyday. We were surrounded by mountains, but it's not the same!",Sunday
4,1985051000,2009-05-31 16:19:53-07:00,NO_QUERY,MaryAnnFritzieC,@user whoah! you have twitter?! coolio!,Sunday
0,1827921569,2009-05-17 11:43:26-07:00,NO_QUERY,JennyRay28,@user Its sad,Sunday
4,1980187790,2009-05-31 05:59:13-07:00,NO_QUERY,MorganARay,is up really early just in time to catch up on some softball before church,Sunday
0,1826170856,2009-05-17 07:51:41-07:00,NO_QUERY,RunKasperRun,"Is tired, but happy. No hockey practice today",Sunday
4,1827493714,2009-05-17 10:49:45-07:00,NO_QUERY,swalsh4,"@user you did a great job in first service!! Especially liked the part about walmart and buying water, funyons and ammo",Sunday
0,1827636759,2009-05-17 11:07:47-07:00,NO_QUERY,hobosexual,"star trek today? FINALLY? idk, dnw to jinx it",Sunday
4,1754024537,2009-05-10 04:37:47-07:00,NO_QUERY,kiwkayzzz,"@user okey,your welcome yaaa hihihi",Sunday
0,1985072628,2009-05-31 16:22:28-07:00,NO_QUERY,AmyHarber,@user sizemore and betancourt to the dl today!,Sunday
4,1827762607,2009-05-17 11:23:40-07:00,NO_QUERY,TheNix,"Drinking wine, eating BBQ and talking shit at my aunts was nice.",Sunday
4,2064784760,2009-06-07 07:09:47-07:00,NO_QUERY,MASeComm,Only just made it before 3pm Friday! Have you McValue Lunch-ed this week? [http] #fb,Sunday
4,1759389203,2009-05-10 19:06:20-07:00,NO_QUERY,NickRoseway,at home..relaxing,Sunday
4,1982200977,2009-05-31 10:43:52-07:00,NO_QUERY,ashcrowlovv,REBLOG IF YOU LIKE TO REBLOG THINGS. - letseatstrawpasta: [http],Sunday
4,2174660545,2009-06-14 23:01:47-07:00,NO_QUERY,ndm9one,@user your more &quot;for me&quot;,Sunday
4,1827381846,2009-05-17 10:35:30-07:00,NO_QUERY,JemInDaSoo,I am having such a hard time keeping this secret from the fam...hurry up middle of June,Sunday
4,2174920695,2009-06-14 23:38:05-07:00,NO_QUERY,ausher8,@user i need to get to bed anyway,Sunday
0,2169495306,2009-06-14 14:35:52-07:00,NO_QUERY,JoBrosObsession,So Tired But i have to go to skool... ewwww,Sunday
0,1984266206,2009-05-31 14:46:07-07:00,NO_QUERY,mjhand,working til 10pm. it's so slow here at hyvee floral...,Sunday
4,2067837164,2009-06-07 13:02:44-07:00,NO_QUERY,jasonkenney,"@user I can get you McDonnell, Bolling or Cuccinelli signs if you really need something for the yard",Sunday
4,1685968124,2009-05-03 03:02:34-07:00,NO_QUERY,LittlestarRed,"@user Are You staying? You know You Should get some Sleep LOL.Not that I'm complaining, just care about You x",Sunday
4,1685888574,2009-05-03 02:36:53-07:00,NO_QUERY,whatsimada,need some cup of noodles... college life,Sunday
0,1557179062,2009-04-19 02:28:51-07:00,NO_QUERY,jess_xx,"school tomorrow, i wont last a whole term.",Sunday
0,1688031970,2009-05-03 10:10:43-07:00,NO_QUERY,igog_1,whooooaaa another one of those doomsday dreams!!,Sunday
4,1754354262,2009-05-10 05:58:44-07:00,NO_QUERY,primatage,"@user lol this is true. checked the work, nice",Sunday
0,1983404725,2009-05-31 13:05:32-07:00,NO_QUERY,peppypep1,"Being ill, it's not fun",Sunday
4,1983293458,2009-05-31 12:52:47-07:00,NO_QUERY,inkfrog,@user We're here for you if you'd like to give our system a try.,Sunday
0,2068849663,2009-06-07 14:48:43-07:00,NO_QUERY,Mezzie1221,@user Cat took my crayon today in nursery.. I wasn't happy.,Sunday
4,1557920701,2009-04-19 06:34:42-07:00,NO_QUERY,ShannonGrissom,@user Ahem.... 1970,Sunday
0,2066204547,2009-06-07 10:04:56-07:00,NO_QUERY,bmontana1989,"@user The voicemail warning never seems to work, does it...people still get mad at me too when I don't return thier calls",Sunday
0,1825970107,2009-05-17 07:21:43-07:00,NO_QUERY,momma2bean,Sad to say but we won't be @user this morning. T only slept for 4 hrs all night and still isn't sleeping.,Sunday
0,2174641428,2009-06-14 22:59:28-07:00,NO_QUERY,StDAY,Ew. I've still got an hour left. Blegh.,Sunday
4,1560006403,2009-04-19 12:36:24-07:00,NO_QUERY,xShaylx,"@user lol, you'll get the hang of it sooooon!",Sunday
4,1982166961,2009-05-31 10:39:46-07:00,NO_QUERY,oh_rosie,@user Haha! Here's a random fact in return - it's Finlay's 9th birthday today,Sunday
4,2068762697,2009-06-07 14:39:15-07:00,NO_QUERY,confusedkate,"mmm, maybe time for a nap? lovin lazy days",Sunday
4,2065166933,2009-06-07 08:02:16-07:00,NO_QUERY,rodrigdb,"@user Good morning, Billy!",Sunday
4,2071990008,2009-06-07 20:12:51-07:00,NO_QUERY,xxlogannn,"hmmm well that was gross. anyway, this better be a summer to remember, in GOOD ways! btwww, i loveee @user.",Sunday
0,2064351870,2009-06-07 06:01:28-07:00,NO_QUERY,Rohan_01,@user tweet wid me as welll.....,Sunday
0,2266885733,2009-06-21 09:15:45-07:00,NO_QUERY,MeliziXX,"@user yeahh it's stupid how much they showed, that bit they showed was funny, but not as funny as some other stuff",Sunday
0,1985943960,2009-05-31 18:04:04-07:00,NO_QUERY,VarrenAKABabyV,@user xxx... na just havent been sleeping much.,Sunday
0,2063692364,2009-06-07 03:41:57-07:00,NO_QUERY,Suzy_Beee,Lost my earphones and now using a crap pair that have a volume limit. This sucks i miss my skullkandy,Sunday
4,1759350178,2009-05-10 19:01:20-07:00,NO_QUERY,hamavin,[http] i made this for my best friend,Sunday
4,1685573017,2009-05-03 01:00:41-07:00,NO_QUERY,erikbernskiold,@user You can always do or . One character shorter ;),Sunday
4,2065460235,2009-06-07 08:38:29-07:00,NO_QUERY,dy0ulee,@user LOL. Me too!,Sunday
4,1754793308,2009-05-10 07:24:10-07:00,NO_QUERY,awduncan,Just gave Izzie a mothers day bath with bumble and bumble shampoo Its all I had...,Sunday
4,1979732073,2009-05-31 04:16:48-07:00,NO_QUERY,lindaaar,"Bored, wanna do something.. Wanna hang out? maybe maybe",Sunday
4,2066375820,2009-06-07 10:24:08-07:00,NO_QUERY,Huntertainment,New video coming up pretty soon,Sunday
4,1558977087,2009-04-19 09:55:34-07:00,NO_QUERY,xSiobhanJanex,no matter what films will always be cheesy whenever it was made.....and you've gotta love it!,Sunday
4,2065041852,2009-06-07 07:45:49-07:00,NO_QUERY,Nicky1611,I'll go and see my granny now That will make her happy,Sunday
4,2174537607,2009-06-14 22:45:45-07:00,NO_QUERY,janeylicious,"@user @user for the record, you two are assholes",Sunday
4,1827953689,2009-05-17 11:47:26-07:00,NO_QUERY,HEYYMandyy,Ahhh! I Got I Just Found Out That I Got Into Miami University! I'm Freaking Out Right Now,Sunday
4,1692255055,2009-05-03 19:36:14-07:00,NO_QUERY,OnBurntWingz,"Waiting on the bf to get here. Its takin forever, &amp;&amp; watchin Everybody loves Raymond. Cuz i love Raymond",Sunday
4,1979468128,2009-05-31 03:10:33-07:00,NO_QUERY,soaprookie,Good morning and...FYI...I am not a soap maker...I am a soap watcher...,Sunday
0,1692984286,2009-05-03 21:15:46-07:00,NO_QUERY,darksbane,"Making garlic bread, its taking longer than i would like",Sunday
4,1831238146,2009-05-17 18:29:22-07:00,NO_QUERY,jonaslove128,@user [http] - haha REALLY?! that made my dayy!,Sunday
0,1558552987,2009-04-19 08:43:30-07:00,NO_QUERY,adaaam,Awww! It's the last day of spring break,Sunday
0,2063540772,2009-06-07 03:04:35-07:00,NO_QUERY,Geof_Beck,"Missing my Wife, while she is holidaying without me",Sunday
0,1985710533,2009-05-31 17:37:39-07:00,NO_QUERY,StephMuntean,@user i tried to call back,Sunday
4,1556793568,2009-04-19 00:22:26-07:00,NO_QUERY,Simon,"Good news : Ubuntu Amazon EC2 RC1 is released, with Landscape support - infos here [http]",Sunday
4,1753836356,2009-05-10 03:42:18-07:00,NO_QUERY,el1e,"has had a wonderful day with some gorgeous girls, followed by dinner and drinks with the Swedes",Sunday
4,2064351255,2009-06-07 06:01:22-07:00,NO_QUERY,naomilovesyou,"Hi, my name is Naomi and I hate physics",Sunday
0,1986778957,2009-05-31 19:18:31-07:00,NO_QUERY,andrewwscott,"Was crushing my table, 16k chips, when we got broken new table much tougher. Got AA twice, made no money. Got JJ, lost big pot to flu ...",Sunday
0,1759933835,2009-05-10 20:16:56-07:00,NO_QUERY,marisadeh,@user oh noes,Sunday
0,2065140305,2009-06-07 07:58:59-07:00,NO_QUERY,carlquested,[http] - i miss my taz cat,Sunday
4,2065904345,2009-06-07 09:31:04-07:00,NO_QUERY,NKANGEL74,@user OMG it was insane last night! Will put my pix and vids up on FB,Sunday
4,2065591968,2009-06-07 08:54:39-07:00,NO_QUERY,wuschelcore,"tidy up, get dressed aaaand yeah.. wait for fiona then.",Sunday
4,1979641831,2009-05-31 03:55:02-07:00,NO_QUERY,nat_balanza,@user hi kawagz. sore loser si lebron; he fell for his own hype e.,Sunday
0,1833249973,2009-05-17 22:42:58-07:00,NO_QUERY,jiaNElly04,i wAnnA gO tO tayLor's feArlesS conCert tOo bAd i'M sooOOO fAr awAy!!!,Sunday
0,2065583160,2009-06-07 08:53:34-07:00,NO_QUERY,goldielocks92,@user your right were stuck coz our feet dont work atm,Sunday
0,2174915924,2009-06-14 23:37:21-07:00,NO_QUERY,gretchengivesin,@user sorry. i love love you. kitten isn't helping things?,Sunday
4,1753727482,2009-05-10 03:07:20-07:00,NO_QUERY,Ravenspirit41,Hello everyone im just sitting here rocking out to 9412 sam on the air The best classic rock station on twitter here,Sunday
4,1759388739,2009-05-10 19:06:16-07:00,NO_QUERY,BamaBlockhead,@user You get double the recognition. I've been there too.,Sunday
4,1558214843,2009-04-19 07:39:39-07:00,NO_QUERY,dongyanatics,@user hi! so you do VO? cool! have you worked w/ Dong/Yan? are you also a Dong-Yan fan?,Sunday
0,1693554065,2009-05-03 22:56:06-07:00,NO_QUERY,stephsdabest,@user lol does it hurt? &amp;&amp; I don't understand why people have babies if they know they don't want it smt so depressin,Sunday
0,2266658082,2009-06-21 08:53:06-07:00,NO_QUERY,Reina_Latina143,I tried to sleep in but that really didnt work out the way I thought Waffles or a bagel? Hmmm...,Sunday
4,2062993705,2009-06-07 01:00:04-07:00,NO_QUERY,NickJisMYman,making a niley video,Sunday
4,1978844279,2009-05-31 00:40:00-07:00,NO_QUERY,christinavuong,Saw the movie &quot;Up&quot; today. It was a cute movie.,Sunday
4,1559162432,2009-04-19 10:25:29-07:00,NO_QUERY,__lizard__,is in Rhodes guiding guests,Sunday
0,1693227675,2009-05-03 21:55:19-07:00,NO_QUERY,joshnunn,@user For when you're back on tonight:,Sunday
4,1980386753,2009-05-31 06:35:33-07:00,NO_QUERY,IsMaithJessCais,hmm ifringe dried nicely :] i dont think ill straighten my fringe,Sunday
0,1687155567,2009-05-03 07:55:41-07:00,NO_QUERY,mannersandmoxie,"@user - ah, yes, and my little temptress speaks up. Of course the iphone is yummy, oooo very yummy. But I have Verizon.",Sunday
4,1981611833,2009-05-31 09:31:19-07:00,NO_QUERY,rey_z,"@user it'll be fine, you're a little genius slightly concerned about tuesday as i havent started revising yet. my bad.",Sunday
4,1685483429,2009-05-03 00:35:27-07:00,NO_QUERY,pink89,got another haircut,Sunday
0,1986488343,2009-05-31 18:54:14-07:00,NO_QUERY,bff_jill,Great im never getting internet again. Now im stuck to check everything on my phone forever &gt;:[ ughhh!,Sunday
4,1557032102,2009-04-19 01:38:03-07:00,NO_QUERY,DNACowboy,"@user Hey, darlin'! Tearin' it up, again?",Sunday
0,1979452706,2009-05-31 03:06:32-07:00,NO_QUERY,BlG_AL,@user thats COOL all need is a iphone now,Sunday
4,1753584338,2009-05-10 02:22:26-07:00,NO_QUERY,einsteinradio,"@user Well there's you, another Twiiter person...erm...difficult to say really... Let's just say that you could fit all into a minibus!",Sunday
0,1692603839,2009-05-03 20:21:35-07:00,NO_QUERY,workboots,my friday consisted of rain a crazy bus driver a stranger's house and missing a fall out boy concert probably the worst day of my life,Sunday
0,2067306754,2009-06-07 12:06:51-07:00,NO_QUERY,Nala_Bear,"Oh geeze. After your talk of this last night, I'm terribly sorry.",Sunday
0,1832784462,2009-05-17 21:29:41-07:00,NO_QUERY,candiwax,earthquake,Sunday
4,1980263232,2009-05-31 06:13:16-07:00,NO_QUERY,Reid_Speed,At work. Most likely able to make practice. &gt;Speed&lt;,Sunday
4,1984187626,2009-05-31 14:36:43-07:00,NO_QUERY,Mella1981,"Cont. - Baracks family is dead (not his kids, wife but parents, and g-parents.) As long as it's legal, do whatever makes you happy.",Sunday
4,1827405042,2009-05-17 10:38:26-07:00,NO_QUERY,CseriKriszti,Almost ready with the new website for my parents....so excited about It will be a huge surprise for Them,Sunday
0,2264018006,2009-06-21 02:31:11-07:00,NO_QUERY,ksekher,"Finished watching Monsters Vs Aliens - Avg movie, nothing impressive. Everything about that movie is disappointingly typical and dull",Sunday
0,1981535628,2009-05-31 09:21:33-07:00,NO_QUERY,nczerniejewska,i had to cancel my trip to paris too much work here in LA,Sunday
0,2071006216,2009-06-07 18:40:26-07:00,NO_QUERY,katypery,@user i thought you were supposed to ask her about me too?,Sunday
4,1982066512,2009-05-31 10:27:34-07:00,NO_QUERY,mxwong90,@user hahaha def. lazy sunday. i just woke up,Sunday
4,2066716842,2009-06-07 11:02:33-07:00,NO_QUERY,iSmoney,"he is cute &amp; rain sucks! @user i have an outfit for the hippie day, it's hilarious",Sunday
4,1686138955,2009-05-03 03:58:05-07:00,NO_QUERY,becki_lily,"Ahh hangover free again. Just lazy. Good night out, saw lots of people I knew from years ago",Sunday
4,2070000721,2009-06-07 16:55:23-07:00,NO_QUERY,courttt_ahh,"@user wow. thats original. &lt;3 i will pass my shades down to you,",Sunday
4,2072188952,2009-06-07 20:33:31-07:00,NO_QUERY,fnordine,"I found Roxy Music. Interesting band, now I'm gonna try all the cds and pick favorites.",Sunday
4,2174946724,2009-06-14 23:41:58-07:00,NO_QUERY,kimitwi,@user have fun,Sunday
4,1979581482,2009-05-31 03:39:59-07:00,NO_QUERY,RoeBloodBathx,Hey @user thanks for the follow!,Sunday
0,2265233371,2009-06-21 06:06:36-07:00,NO_QUERY,Starrgirrl_ox,"mahnn... i just washed my hair, and its went totally greasy again ! &quot;/",Sunday
4,1827572979,2009-05-17 10:59:56-07:00,NO_QUERY,mgiraudofficial,@user love your pic!,Sunday
4,1983950154,2009-05-31 14:08:58-07:00,NO_QUERY,shes2pretty,@user,Sunday
4,1687562644,2009-05-03 09:01:27-07:00,NO_QUERY,vanwau,@user having lazy sunday updating ipod ... yeah can I handle the excitement LOL,Sunday
4,1827438087,2009-05-17 10:42:38-07:00,NO_QUERY,DRhaeWorld,I'm feelin twitterlicious bout them Rockets today,Sunday
4,2064685784,2009-06-07 06:55:20-07:00,NO_QUERY,hollie_dempsey,"Saw I love you, man today.. one word: HILARIOUS. Seriously couldn't stop laughing. Definitly a dvd I want to invest in in the near future",Sunday
0,1691231606,2009-05-03 17:23:48-07:00,NO_QUERY,sARAHdINKEL,I'm in love with the Derby!!! Unpacking,Sunday
0,2265327060,2009-06-21 06:19:55-07:00,NO_QUERY,krissamarie,"aww, em not feeling well",Sunday
0,1685775348,2009-05-03 02:00:57-07:00,NO_QUERY,boywonder101,Tuned into Radio316's classical music show. Missed 2 hours of it though,Sunday
4,1693322325,2009-05-03 22:11:50-07:00,NO_QUERY,SherryRestifo,"beginning to wonder if my @ messages are getting seen... i should probably aim for non celebrities, though... haha",Sunday
4,2065608566,2009-06-07 08:56:37-07:00,NO_QUERY,JABoothifa,@user Do you think we may soon be liberated from the dictatorship of the Left then Cazza? A dream surely....,Sunday
0,2263740570,2009-06-21 01:40:29-07:00,NO_QUERY,Stan_229,@user Sundays are the days before school,Sunday
4,2069360303,2009-06-07 15:44:06-07:00,NO_QUERY,wbahner,@user You'se welcome,Sunday
0,2068057006,2009-06-07 13:25:27-07:00,NO_QUERY,Santiago_Steph,I wish i was in california.,Sunday
4,1685792314,2009-05-03 02:06:13-07:00,NO_QUERY,pops28,"@user anytime Jen... For you, no problem",Sunday
0,1984147061,2009-05-31 14:32:00-07:00,NO_QUERY,_FunkyFreshhh,"@user You can't dedicate to something then back out, thats not fair to us",Sunday
4,1825262740,2009-05-17 05:01:45-07:00,NO_QUERY,breza_juanita,"@user Orals are crappy, but my modus operandi is 'vaguely know what subjects they're going to ask you and learn the vocab'",Sunday
4,2063811733,2009-06-07 04:10:12-07:00,NO_QUERY,danmatthews,"That's the comments up to standard, now to add some sexy shadowbox support. @user you may be getting some DMs!",Sunday
0,2072505658,2009-06-07 21:09:26-07:00,NO_QUERY,lostonli,Reluctantly going to sleep - don't want to be any closer to waking up to another rainy week ahead,Sunday
4,2069379272,2009-06-07 15:46:11-07:00,NO_QUERY,pealuh,I need plaid pants for @user,Sunday
0,2267006717,2009-06-21 09:28:11-07:00,NO_QUERY,sweetener,lost pinky choc's recipe it came from my niece name --,Sunday
0,2169499766,2009-06-14 14:36:18-07:00,NO_QUERY,teddy_dunn,"@user awww, i'm sorry. i hope you get better",Sunday
4,2064304282,2009-06-07 05:53:01-07:00,NO_QUERY,chelle_louise,"@user aww it sounds lovely yeh i took quite a few pics, people took videos too so they should be all up on fb soon! xxx",Sunday
0,1688962933,2009-05-03 12:18:46-07:00,NO_QUERY,SunKissd,@user man everybody's getting crazier and crazier. WTF is going on? Has it always been like this or are we just getting older?,Sunday
4,1691089943,2009-05-03 17:04:12-07:00,NO_QUERY,carolsandoval,@user sup carlosss,Sunday
0,2069622690,2009-06-07 16:13:02-07:00,NO_QUERY,JaanaChloe,Twitter is becoming wackk w.out my biffffel,Sunday
4,1980682456,2009-05-31 07:24:13-07:00,NO_QUERY,LucilleRicardo,"@user Date????? Details, please!!!",Sunday
4,2064059179,2009-06-07 05:05:04-07:00,NO_QUERY,shell365,well logging off for now be back later,Sunday
4,1979704928,2009-05-31 04:10:11-07:00,NO_QUERY,Shawee23,@user Yep.. We spent time together for 1 1/2 hours only.. I needed to go back to church for our 2nd service dance..,Sunday
4,1693508511,2009-05-03 22:46:47-07:00,NO_QUERY,boxOFjuice,@user *throws an apple*,Sunday
0,2071679966,2009-06-07 19:46:02-07:00,NO_QUERY,heathergaines,I realy want to see 9to5 the musical! I love Dolly Parton.,Sunday
0,1825429302,2009-05-17 05:40:11-07:00,NO_QUERY,DaimyRain,hello sunday 9:30. let's get productive. i wish i had cookies,Sunday
0,1981756198,2009-05-31 09:49:40-07:00,NO_QUERY,TyRant001,"working on the last work booklet for psychology, which has NOTHING to do with psychology",Sunday
4,1824974298,2009-05-17 03:46:43-07:00,NO_QUERY,micahizkewl,"@user I love poptarts there amazing ,",Sunday
4,1978938280,2009-05-31 01:00:23-07:00,NO_QUERY,Ianoma,@user you might be! good times tonight,Sunday
4,1827779427,2009-05-17 11:25:48-07:00,NO_QUERY,youngreen50,"DAMN!! Angels &amp; Demons Was Awesome, Really Good Movie.. I Need To Watch It Again But In A Movie Theater",Sunday
0,1981946568,2009-05-31 10:12:52-07:00,NO_QUERY,YairaBermudez,@user he he he lol girl i'm sorry but u most def missed a great show !,Sunday
0,1759575238,2009-05-10 19:31:03-07:00,NO_QUERY,melissaox,"@user I found it, uninteresting. I lost interest.",Sunday
4,1827822893,2009-05-17 11:31:13-07:00,NO_QUERY,lilshields3,im sooooooooo proud of Casey!!!!! girls ive had a blast with jr miss!!!! i wish they had a senior miss now!!!!,Sunday
4,2069866474,2009-06-07 16:40:20-07:00,NO_QUERY,thisiswaar2,@user Okay. I'll be here.,Sunday
4,1981128802,2009-05-31 08:29:00-07:00,NO_QUERY,iheartguitars87,i hear nerds are the way to go.. so im going nerd hunting today,Sunday
4,1979771081,2009-05-31 04:26:20-07:00,NO_QUERY,teale,"@user are you being cheeky Mr Smith? Yes, gotta admit, I have become a Twitter maniac of late...",Sunday
4,1824843789,2009-05-17 03:11:13-07:00,NO_QUERY,baby_shellz,can't think of much else to do today but lie in bed and watch tv,Sunday
0,2064532275,2009-06-07 06:31:27-07:00,NO_QUERY,itsfrasier,"Yay @user the sun is finally out here also, but we're not drinking any Kriek",Sunday
4,1980065264,2009-05-31 05:33:40-07:00,NO_QUERY,ThatAngelGirl,today. I am going to continue learning the Dreamweaver and load Photoshop to learn next,Sunday
4,1981340508,2009-05-31 08:56:59-07:00,NO_QUERY,lizamtl,@user I'm liking this play by play lol ENJOY!,Sunday
0,1986240942,2009-05-31 18:32:31-07:00,NO_QUERY,fuzzypigz,"@user Ah, okay-someone made a crack about having his profile private. Said blocked him because his private setting wasn't &quot;cool&quot;.",Sunday
0,1754997020,2009-05-10 07:58:57-07:00,NO_QUERY,melissakania,"Woo, got in Internet Explorer! too bad I won't be home at 2:30 to watch the gold game, I have to work",Sunday
0,1981024541,2009-05-31 08:14:26-07:00,NO_QUERY,JohnnyChalk,yer. been busy with school and homework. BORING gonna update a lot more now.,Sunday
0,1988705514,2009-05-31 23:08:14-07:00,NO_QUERY,Djyouwish,I got to go campin for 3days I heard there's no towers and stuff so I can't tweeter or I'm my bf abd my bestie blehck,Sunday
0,1688885534,2009-05-03 12:08:28-07:00,NO_QUERY,MadhurRamani,"(A very, very reluctant) Attempt #3 at correcting sleep pattern.. Last attempt made UNSUCCESSFULLY a month ago.. Gud Nite",Sunday
0,1986941724,2009-05-31 19:32:52-07:00,NO_QUERY,celebinvasion,@user the video was removed already.,Sunday
4,1685694982,2009-05-03 01:36:17-07:00,NO_QUERY,truehearts,@user yeah!!! proud to be a Filipino!!! its all about keeping the feet on the ground. Pacman rocks!,Sunday
0,1982312348,2009-05-31 10:57:33-07:00,NO_QUERY,ColinMacD,"@user yah, but PITA to soft unlock and only good for SD. Not sure it's worth it",Sunday
0,2265945389,2009-06-21 07:36:48-07:00,NO_QUERY,amirahamir,has made her career choice tonight. Dra Saya mahu heart to heart talk. I don't know if it's the right choice.,Sunday
4,1979598428,2009-05-31 03:44:19-07:00,NO_QUERY,qalice,"??? ??? ???? ?????, ?? Snow Patrol ????????? ?? U2 ? ??????! so happy",Sunday
4,2065042051,2009-06-07 07:45:51-07:00,NO_QUERY,kwfromnj,@user aww thank you,Sunday
4,2072070765,2009-06-07 20:21:03-07:00,NO_QUERY,wildcatsr2us,Welcome to the No Prowler Zone,Sunday
0,2232657831,2009-06-18 20:12:42-07:00,NO_QUERY,angie12_xx,it's twitter.... and yes it's annoying me..... and we found her... tad,Thursday
0,2229421794,2009-06-18 15:42:24-07:00,NO_QUERY,Honey014,@user even though you drink and think it is cool.,Thursday
4,2031913697,2009-06-04 10:30:04-07:00,NO_QUERY,KuPanDaRedbone,"@user hahaha yes I did have it, on Sunday I tried it. I didn't tell u? Lol well I put too much rum so I turned it into a smoothie!",Thursday
0,2230520392,2009-06-18 17:13:46-07:00,NO_QUERY,childhood,@user But huge Thighs are better for choke holds with your legs #bookieb,Thursday
0,1795357459,2009-05-14 07:37:48-07:00,NO_QUERY,katyanoctis,Never drinking like I did last night again. I only had one drink too many but that one drink was all it took to get me sick.,Thursday
4,1956715857,2009-05-28 22:30:39-07:00,NO_QUERY,mattehh,"fuck yeah, 3OH!3 coming to aus in october",Thursday
0,2234232076,2009-06-18 22:40:06-07:00,NO_QUERY,milfette,"@user @user even though i love my tenny tiny tweetie, i think i gotta set up tweetdeck too",Thursday
0,2229195089,2009-06-18 15:24:25-07:00,NO_QUERY,notsonormalhuh,finally finished reformatting old computer... it took forever.,Thursday
0,2229223843,2009-06-18 15:26:41-07:00,NO_QUERY,_ashleyyy_,In too much pain to drive Avery and i said were gonna be crippled my the time were 16. Thats what volleyball does to you.,Thursday
0,2219369358,2009-06-18 00:22:53-07:00,NO_QUERY,jezfuk,on the underground today i was told i was very handsome........ by some Korean bloke,Thursday
0,2324494320,2009-06-25 03:17:54-07:00,NO_QUERY,stargatejohn,Another pic of the car [http],Thursday
0,2232536946,2009-06-18 20:02:52-07:00,NO_QUERY,xteri,looking at pics from back then makes me my hair was so healthy then. lesson: when u encounter BAD drama dont take it out on your hair!!,Thursday
0,2227206018,2009-06-18 12:54:31-07:00,NO_QUERY,stephanegelinas,iPod feels sluggish since 3.0 update,Thursday
0,2221959840,2009-06-18 06:16:45-07:00,NO_QUERY,Rishanda,s@*# I lost É lot of my fav DVDs..,Thursday
0,2230250303,2009-06-18 16:51:00-07:00,NO_QUERY,alexgue,Facebook not working,Thursday
4,2032157299,2009-06-04 10:51:17-07:00,NO_QUERY,hollyjordan7,can't get enought of Perez Hilton lately,Thursday
0,2324473934,2009-06-25 03:14:45-07:00,NO_QUERY,sengjhp,Homework haven't finish but school is going to reopen.,Thursday
0,1956161054,2009-05-28 21:18:24-07:00,NO_QUERY,RominaLuciana,This is way way way to early for me damn wish i could still stay in bed ! Up to video recording some shizzle for sensation tireddddd,Thursday
4,1794225431,2009-05-14 05:17:35-07:00,NO_QUERY,Cubsrule23,"Good morning Safettes! 77 now, high of 91 here today, should be lovely on the playground this morning",Thursday
4,2033317559,2009-06-04 12:32:00-07:00,NO_QUERY,jerrytroll,"@user: I try now, you should try MY suggest and I'll let you know what I think :-P",Thursday
4,2031414662,2009-06-04 09:47:03-07:00,NO_QUERY,EvanHammond,@user Yep! Im still here And NO Im not building via command line. CakePHP's tutorials are all in command line format. /wrists.,Thursday
0,2229769955,2009-06-18 16:10:55-07:00,NO_QUERY,jordynjitters,Ouuuuchhh hot oil burned me,Thursday
0,2324067614,2009-06-25 02:12:04-07:00,NO_QUERY,Rannelee,@user so disappointing noh,Thursday
0,2233067310,2009-06-18 20:47:14-07:00,NO_QUERY,Jayceelynn,my lips are chapped,Thursday
0,2226760991,2009-06-18 12:21:08-07:00,NO_QUERY,joyfulmomlea,@user sorry you're having tweetdeck issues! That stinks!,Thursday
4,1794014636,2009-05-14 04:42:30-07:00,NO_QUERY,heartofkaos,@user I've seen up to episode 8 already... it's awesome! x,Thursday
4,2030210665,2009-06-04 08:02:36-07:00,NO_QUERY,Snailified,"HMMMMM. If i can't get any of my entries into the FML site, maybe I can try MLIA.",Thursday
0,1795448312,2009-05-14 07:47:28-07:00,NO_QUERY,disco_ball_rene,I'm having a relapse of the love bug with draeke.,Thursday
0,2326739894,2009-06-25 07:26:53-07:00,NO_QUERY,JennyT89,"isn't seeing Transformers again, instead I'm in Topshop, looking at clothes I can't afford",Thursday
4,1956075248,2009-05-28 21:08:27-07:00,NO_QUERY,Kaatje_68,Some of whom actually did write songs for me I can't imagine not ever having known men like that.,Thursday
0,2325341492,2009-06-25 05:15:46-07:00,NO_QUERY,overroller,"Like usual a long working day i bought tickets for the cinema...transformers 2 for saturday. I have to play a short round golf,too",Thursday
0,2221072343,2009-06-18 04:38:19-07:00,NO_QUERY,dionna11,Here we go another day with nothing to wear to work [http],Thursday
0,2326228276,2009-06-25 06:44:30-07:00,NO_QUERY,SallytheShizzle,@user -huggles- naaaw! Your mind is just going round in circles?,Thursday
0,2323504177,2009-06-25 00:47:58-07:00,NO_QUERY,Kooansha,@user So sorry *hugs*,Thursday
0,2325551844,2009-06-25 05:39:34-07:00,NO_QUERY,LuntiX,"@user Naw, you don't fail. If anything that's a good thing. Better to break down then keep everything bottled up like I do",Thursday
0,2223488025,2009-06-18 08:20:12-07:00,NO_QUERY,Shy_Dreamer,"Rain, rain please don't come today",Thursday
0,2222052150,2009-06-18 06:25:27-07:00,NO_QUERY,FlyFlyNay,@user Then Ur Gonna Kill My Baby Smh,Thursday
4,1796174262,2009-05-14 09:00:15-07:00,NO_QUERY,Princess_Opal,@user What's Up? ?Follow Me?,Thursday
0,2222694211,2009-06-18 07:19:30-07:00,NO_QUERY,ashleigho607,done shiit in my mentle maths test,Thursday
0,2328554803,2009-06-25 09:43:19-07:00,NO_QUERY,shopaholic64,"i cant beliave school is over! its soo sad! i mean, i hate school but im gonna miss everyone sooo much! =(",Thursday
0,2220834405,2009-06-18 04:05:20-07:00,NO_QUERY,CRIM2007,Oh god just had a major panic! Thought Noah was going to steal my spongebob teddy,Thursday
0,2227409024,2009-06-18 13:09:37-07:00,NO_QUERY,mariwanted,@user 60% sÃ³ bf UHASUHSDAUHSA,Thursday
0,1793900054,2009-05-14 04:21:18-07:00,NO_QUERY,blaskey23,Sitting in the gator again waiting for the van- i have a sore throat. HOW THRILLING! :]&lt;33 xoxo&lt;3,Thursday
0,2226489415,2009-06-18 12:01:01-07:00,NO_QUERY,stuartastbury,"Watching the brother on street fighter, he's better than me",Thursday
0,1794622168,2009-05-14 06:13:02-07:00,NO_QUERY,monoclelad,@user oh yeah!? well maybe I don't like you either,Thursday
0,1793199210,2009-05-14 01:45:36-07:00,NO_QUERY,rebeccao372,@user yeh im great thanks pity the weather is grim,Thursday
0,1792714722,2009-05-14 00:00:18-07:00,NO_QUERY,kumimonster,fell asleep too late. woke up lil too early. just 30 min more...,Thursday
0,2224460343,2009-06-18 09:31:44-07:00,NO_QUERY,lexicaljewel,@user oh bb. I had dreams about Frankie helping us survive a zombie plague - I will send him to cure your headaches! &lt;3,Thursday
0,2227811986,2009-06-18 13:39:50-07:00,NO_QUERY,dolcecorazon,Ok this rain is really making me mad... It's never gonna be summer,Thursday
0,2222133238,2009-06-18 06:32:42-07:00,NO_QUERY,LaurenLoverr7,"blahh, stupid friggin' new hampshire. IM SOOO BORED! man, i need to find a guyyyyyy!",Thursday
0,2228272698,2009-06-18 14:13:59-07:00,NO_QUERY,PamDeLara,finally doin my Hw haha!!,Thursday
0,2226325865,2009-06-18 11:48:51-07:00,NO_QUERY,dching_jgcc,NY gets a C+/C (4th/8th gr) @user: Interactive look at how your state compares against int'l benchmarks [http],Thursday
0,2325220267,2009-06-25 05:01:18-07:00,NO_QUERY,g54zw00dcy4u1ls,@user sadly no she's at home. I'm eating alone somewhere along the way home,Thursday
4,1793613540,2009-05-14 03:21:46-07:00,NO_QUERY,majorDAMNster,CURSE ADAM!!! &gt;__&lt; lol. peace.,Thursday
0,1957111643,2009-05-28 23:33:01-07:00,NO_QUERY,georginaluxford,Photo: martwo: OMG i love you!!!! i accadentally deleted this photo yay hes SO beautiful [http],Thursday
0,2233832067,2009-06-18 21:58:30-07:00,NO_QUERY,MT_gilbert,"doesn't feel all that awesome. my jaws still hurt, sleep; please?",Thursday
0,2231595485,2009-06-18 18:46:04-07:00,NO_QUERY,ali10230,@user aww. poor zackypoo.,Thursday
0,1955992672,2009-05-28 20:59:22-07:00,NO_QUERY,JennyLaFemme,So tired ... So little time so much work,Thursday
0,2323971673,2009-06-25 01:57:36-07:00,NO_QUERY,bookiemonsternz,"@user @user @user Uber confessional: I never liked HP, at ALL, and I can't STAND Lord of the Rings!",Thursday
0,2230771269,2009-06-18 17:34:54-07:00,NO_QUERY,savethewolves2,Hey! I don't mean to ignore everyone! I'm trying to do 40 things at once! So much work; too little time,Thursday
4,2039726658,2009-06-04 22:39:11-07:00,NO_QUERY,carmelpascual,Is Going to Baseball soon Yippersss,Thursday
4,2039752146,2009-06-04 22:43:00-07:00,NO_QUERY,StasysBrazil,You better start to watch and listen: Hey Joe - Jimi Hendrix [http],Thursday
0,2231649992,2009-06-18 18:50:34-07:00,NO_QUERY,Amber_Acey,Swam all day. I have a sunburn.,Thursday
0,2223499141,2009-06-18 08:21:00-07:00,NO_QUERY,fddlgrl,"@user I clicked on the Haydn performance, and I get the message, &quot;not available in your area&quot;",Thursday
0,2325420386,2009-06-25 05:25:01-07:00,NO_QUERY,IslaLuna,@user oh no! im sorry about that bad experience with the buyer?,Thursday
4,1793416657,2009-05-14 02:36:48-07:00,NO_QUERY,ilanbr,@user Awesome frame - just commented ur blog. Directly on your blog!,Thursday
4,1794234569,2009-05-14 05:19:03-07:00,NO_QUERY,iandmac,@user ay. charing lang. lemme add u sa YM.,Thursday
0,2230641800,2009-06-18 17:24:03-07:00,NO_QUERY,tvfletch,@user gutted i cant make london! go to rome on that day!,Thursday
0,2324963657,2009-06-25 04:27:36-07:00,NO_QUERY,flower21701,"Dad woke me up by playing Love Story by Taylor Swift, I fell for it.",Thursday
0,2221809564,2009-06-18 06:02:16-07:00,NO_QUERY,Stephaniieee24,think i may watch lesbian vampire killers with @user ! I badly wanna see Gavin &amp; Stacey filming,Thursday
0,2325279002,2009-06-25 05:08:20-07:00,NO_QUERY,wonderpetunia,"the cramps are horrible! ahhh, go away please!",Thursday
4,1956512386,2009-05-28 22:02:23-07:00,NO_QUERY,swayshay,@user will do!!,Thursday
0,2227911996,2009-06-18 13:47:14-07:00,NO_QUERY,LaurenJewel,Rubios with my favorite...way too full note to self: two portobello tacos is definitely not necessary!,Thursday
4,1880036402,2009-05-21 23:54:09-07:00,NO_QUERY,niqyap,@user @user ahh...finally saw the pics. good stuff ya #sgtweetup,Thursday
4,1957194699,2009-05-28 23:47:13-07:00,NO_QUERY,gryzing,@user Why I just came across one this week if you want it,Thursday
0,2228239898,2009-06-18 14:11:32-07:00,NO_QUERY,Maverett,"There, I tweeted... feels dirty.",Thursday
0,1794457342,2009-05-14 05:51:31-07:00,NO_QUERY,fluffy_d,@user cool!! xD I just checked your pics and omg you look so sad in the first one I don't think they are too short,Thursday
4,2031694192,2009-06-04 10:11:03-07:00,NO_QUERY,kamelperez,@user save some for me! Please,Thursday
4,1793179669,2009-05-14 01:41:00-07:00,NO_QUERY,_alps,@user See it figures. Our Doc @user here went straight into diagnosing the clinical cause of the pain? ;),Thursday
0,2324794046,2009-06-25 04:03:34-07:00,NO_QUERY,kimmy2006,@user think it's hit me today that it's over for a few weeks hope your shift is ok.,Thursday
0,2323192732,2009-06-25 00:06:15-07:00,NO_QUERY,nyssa83,@user aww tifs going to bed I'm so bored nw. The kids r styll awake too wish they'd go to bed,Thursday
0,2328883744,2009-06-25 10:05:56-07:00,NO_QUERY,laurathemum,"Sigh...sad, sad news: farrah is gone.",Thursday
0,2233119884,2009-06-18 20:51:44-07:00,NO_QUERY,Babygirl8t2,"Cant sleep again, So much going off in my head, I'm so worried all the time",Thursday
4,2031127698,2009-06-04 09:22:17-07:00,NO_QUERY,blissfulblues,"@user Bet that will make editing interesting, you'll be seeing everything the same speed as a fly, 26fps won't be quick enough",Thursday
0,2227513343,2009-06-18 13:17:28-07:00,NO_QUERY,KatMayne,omfg. REALLY?!!! Azzurri... you fail.,Thursday
0,2228586265,2009-06-18 14:37:40-07:00,NO_QUERY,nevali,@user not even the good kind of wrong,Thursday
0,2232695547,2009-06-18 20:15:51-07:00,NO_QUERY,Alli_Flowers,@user At least another 10 years.,Thursday
0,2228776046,2009-06-18 14:52:17-07:00,NO_QUERY,Neumen,"Flights delayed out of NY. Rerouted flights to get home. In a center seat oh well, at least I'm going home...",Thursday
0,2039965607,2009-06-04 23:16:03-07:00,NO_QUERY,eamesfreak,To all traveling Silverado trail in Napa this weekend just got speeding tkt (... Read More: [http],Thursday
0,2233490381,2009-06-18 21:26:09-07:00,NO_QUERY,suziefaithwebb,@user but I can't make it,Thursday
4,1793397056,2009-05-14 02:32:08-07:00,NO_QUERY,KandiiSwagg,Join B Scott's community.....Love it,Thursday
0,2231044761,2009-06-18 17:58:12-07:00,NO_QUERY,Rinari,"Oh no, the big fish died!",Thursday
0,2223580930,2009-06-18 08:27:13-07:00,NO_QUERY,BRANDI_JOHNS,omggggg so exited 4 July cant wait youtube is like down cant watch What The Buck yet,Thursday
0,1957261056,2009-05-28 23:59:02-07:00,NO_QUERY,spacecadet007,because my dad has the tv to loud. Then i get creeped out cuz im from a dodgy neighbourhood and there was someone in my bush.,Thursday
0,2222275632,2009-06-18 06:45:12-07:00,NO_QUERY,ConnieLeena,"heyyyy, i'm bored, too (I'm at work tho haha prob plenty to do!) @user",Thursday
0,2230196613,2009-06-18 16:46:25-07:00,NO_QUERY,Danied32,@user,Thursday
4,1957195940,2009-05-28 23:47:26-07:00,NO_QUERY,ryanwapner,"goooodnight world, i can't wait to sleep in my bed! @user there's definitely no way you're sleeping in longer than me",Thursday
4,1793222416,2009-05-14 01:51:06-07:00,NO_QUERY,alvinlow,@user &quot;i could have flare up. but this time im gonna fight it.&quot; - nice...,Thursday
0,2230907546,2009-06-18 17:46:31-07:00,NO_QUERY,PlusSizeMommy,@user night take care #bookieb,Thursday
0,2232030038,2009-06-18 19:21:21-07:00,NO_QUERY,sisforsarah,"just in from work. tired, hungry and missing him",Thursday
0,2221746193,2009-06-18 05:56:13-07:00,NO_QUERY,Tiarnaaa,"Oh noo, i have a music test next, :-s",Thursday
4,1793527558,2009-05-14 03:02:10-07:00,NO_QUERY,SakuraKi,"Mmmm, I'm hungry! I'm thinking about grabbing a pizza once my laundry is done",Thursday
0,2323315882,2009-06-25 00:22:12-07:00,NO_QUERY,adeejayday,"@user My creative corner, like Joe's",Thursday
0,2324336952,2009-06-25 02:54:29-07:00,NO_QUERY,Natashahh,@user I miss you already can't wait to find out tomorrow!,Thursday
4,1956389174,2009-05-28 21:46:27-07:00,NO_QUERY,timlopez,@user I know. Except this time I can't rely on you to tell me when the scary parts come around. Haha.,Thursday
0,2225410471,2009-06-18 10:41:09-07:00,NO_QUERY,__Zara__,is not feeling well ;(,Thursday
0,2234477508,2009-06-18 23:07:46-07:00,NO_QUERY,DanellD,@user i guess sometimes it's easier to just give up and move on i guess.,Thursday
4,2031449112,2009-06-04 09:50:05-07:00,NO_QUERY,Rohan_01,@user well must b coz i dont get annoyed by my frnds easily &amp; i consider u ma frnd u noe....,Thursday
0,2325751457,2009-06-25 06:00:21-07:00,NO_QUERY,lfesvr,Sitting on the plane waiting for everyone to board.... thankfully it's only bout 1.25hr flight... of course it's a small plane tho,Thursday
0,2233597057,2009-06-18 21:36:01-07:00,NO_QUERY,lxhellokittyxl,Wow! Cant beleive your actualluy there...,Thursday
4,1793330044,2009-05-14 02:16:22-07:00,NO_QUERY,SarahSaner,@user Will keep some for you tomorrow morning ok xx,Thursday
0,1794071512,2009-05-14 04:52:33-07:00,NO_QUERY,Allyhawkins,"Is mad at life, money, debts. Need to earn more. Hmph.",Thursday
0,2328549645,2009-06-25 09:42:57-07:00,NO_QUERY,Alwaysanoob5,Trying to think of vid ideas,Thursday
0,1957172292,2009-05-28 23:43:20-07:00,NO_QUERY,sylverxrainbow,Its weird being at the guy's house without them here. I don't like it,Thursday
0,2039985108,2009-06-04 23:19:14-07:00,NO_QUERY,fluorescentpain,I miss my boobah i miss my boobah i miss i miss i miss what am i doing with my summer? Missing and worrying,Thursday
0,2221009002,2009-06-18 04:29:57-07:00,NO_QUERY,multiplydivide,Uuugh I accidentally fell back asleep for an hour I suuck,Thursday
0,2234546853,2009-06-18 23:15:44-07:00,NO_QUERY,_ITZOMAR_,@user WHAT'CHU MEAN BOO?? WHAT ME BEEING DOMINICAN GOTTA DO &gt;&gt;&gt;&gt;&gt;WIT IT ?!? THEIR YOU GO BEING RACIAL HAHAHA. !!! I GOT LOVE 4U,Thursday
0,2328306480,2009-06-25 09:25:15-07:00,NO_QUERY,dumbblonde21286,stressed....... i cant believe shes already a week old....,Thursday
4,2032750258,2009-06-04 11:42:47-07:00,NO_QUERY,noturaveragegal,Summer '09.,Thursday
4,2031328238,2009-06-04 09:39:44-07:00,NO_QUERY,iluvgossip,meeting my best friend and watching OC in an hour,Thursday
0,1956032275,2009-05-28 21:03:37-07:00,NO_QUERY,blancameneses,@user You don't say hi anymore,Thursday
0,2231367090,2009-06-18 18:26:41-07:00,NO_QUERY,beatrislim,"Sigh, can't even use my laptop now.",Thursday
0,2324874322,2009-06-25 04:15:07-07:00,NO_QUERY,Hyper8,@user i'm ok.....had to sort out the wshing machine as soaked the soap drawer in bleach. was mould infested!!,Thursday
0,2323511658,2009-06-25 00:49:03-07:00,NO_QUERY,Aidua,"Well, i have to leave for university now",Thursday
0,2325705053,2009-06-25 05:55:46-07:00,NO_QUERY,fairygem,@user wishe i could help with the tyres but we're not allowed to do it anymore xx,Thursday
0,1796178219,2009-05-14 09:00:37-07:00,NO_QUERY,mcraddictal,@user alabama wouldn't suck if you were hereeee!,Thursday
4,1956246458,2009-05-28 21:28:38-07:00,NO_QUERY,lynnsdecor,@user I finally feel like someone might understand me. Good dreams to you- we'll tweet again later.,Thursday
0,2233191254,2009-06-18 20:57:58-07:00,NO_QUERY,kisacake,"Ever since @user messaged me with the revelation that Insane Sims can talk to themselves for Social, I have been talking to myself.",Thursday
4,1957185224,2009-05-28 23:45:31-07:00,NO_QUERY,idealstchampion,1 more week til my holiday in Brighton - can't wait to see all the old crew,Thursday
0,2328272189,2009-06-25 09:22:43-07:00,NO_QUERY,Lickytrixxxy,@user lmao... u gotta wait for ma new phone.. LOL ma cam is cracked,Thursday
4,1957003034,2009-05-28 23:15:02-07:00,NO_QUERY,Mimiluvzu2,Nite nite birdies. Going to sleep. I see you Pillow. One.,Thursday
0,2325075010,2009-06-25 04:42:45-07:00,NO_QUERY,ashlee_mcg,still can't hear out of my left ear,Thursday
0,2326883410,2009-06-25 07:38:15-07:00,NO_QUERY,Suuni8,my throat hurts and I feel icky! hope I didn't catch anything,Thursday
0,2232312780,2009-06-18 19:44:26-07:00,NO_QUERY,sexandthebeach,"@user No, I should had never entered my username on that site... they keep posting those messages. ItÂ´s bullshit",Thursday
4,1793372421,2009-05-14 02:26:27-07:00,NO_QUERY,Wix,@user thanks for tweeting about us,Thursday
0,2328526484,2009-06-25 09:41:16-07:00,NO_QUERY,emodarkfairy,not doing much at all,Thursday
0,2323622854,2009-06-25 01:04:49-07:00,NO_QUERY,richard_bowden,"@user Tweetdeck is cool, just installed it my self, better than twitterfox which slows the loading time of the browser",Thursday
0,2223740739,2009-06-18 08:39:13-07:00,NO_QUERY,glaw333,"So I started this new job in a mail room, been there 2 weeks and HATE it! It's sooooo boring",Thursday
0,2231872144,2009-06-18 19:08:30-07:00,NO_QUERY,baseball_mommy,@user aawww I miss u too!,Thursday
4,1792844289,2009-05-14 00:26:28-07:00,NO_QUERY,Crichton_Kicks,@user Phew ! That was close.,Thursday
0,2233602537,2009-06-18 21:36:32-07:00,NO_QUERY,KristyBruno,@user okay... Well I'm mega excited to see you...,Thursday
0,2233316244,2009-06-18 21:10:17-07:00,NO_QUERY,FLEeWavey,Sorry twiggaz.. I kno I've Been slaxking!.. I juss lost my 08... Im juss BriLLen wit Dha bestiesz Doe!,Thursday
0,2228291629,2009-06-18 14:15:23-07:00,NO_QUERY,vnathatsme,wishin i had the money to go see Dane Cook tonight....alas i do not sad times. pretty sure i would have prob peed my pants! HA,Thursday
0,2326241326,2009-06-25 06:45:36-07:00,NO_QUERY,Z33LnR44L,"@user please miss, where do you buy your happiness? Mine always saddens after a couple hours",Thursday
0,2224244504,2009-06-18 09:15:52-07:00,NO_QUERY,dollforlife,"I still have 2 full, long schoolweeks!!! Let's call me poor",Thursday
4,1794188832,2009-05-14 05:11:44-07:00,NO_QUERY,antukingbata,@user i hope you don't have to wear braces. but if have to then... good luck.,Thursday
0,1957263518,2009-05-28 23:59:27-07:00,NO_QUERY,shoptilldrop,i sooooooooo dont want to go to work today to nice outside.,Thursday
0,1793132319,2009-05-14 01:29:57-07:00,NO_QUERY,LexxyBabii,Pretty crappy day at school,Thursday
4,1955815973,2009-05-28 20:40:19-07:00,NO_QUERY,AdrianaAddict,@user van!! I love you btw jordan w pillow case lol!!!,Thursday
0,2226852200,2009-06-18 12:28:06-07:00,NO_QUERY,memphisgal718,"RIP Khyler Eric Reynolds Born Monday June 15, 2009... alive for 1 hour",Thursday
0,2323622062,2009-06-25 01:04:41-07:00,NO_QUERY,GlennW,"Walked to work, it's looking a bit cloudy outside makes me sad #twago",Thursday
0,2328640584,2009-06-25 09:49:22-07:00,NO_QUERY,mydaniellemarie,@user what time? Too soon,Thursday
0,2327286839,2009-06-25 08:09:21-07:00,NO_QUERY,kitkatflute,just read other tweets and see Shaq is going to cleveland He will be missed here in PHX,Thursday
0,2220699898,2009-06-18 03:45:23-07:00,NO_QUERY,turbyfurby,Blah. Working late. Home at 10ish.,Thursday
4,1793287186,2009-05-14 02:06:15-07:00,NO_QUERY,xamylouise,@user Sure you're not the only person who thinks that lie. YOU ARE.,Thursday
0,2227102764,2009-06-18 12:46:47-07:00,NO_QUERY,nnekaudenwagu,soo i havent been on this thing in like 2 months and i still dnt get it ohh well! hahaa,Thursday
0,2323893583,2009-06-25 01:45:23-07:00,NO_QUERY,Animal_Chin_au,"@user yeah they are focussing on the iclone crowd, looks like the carriers won't have it ready for tomorrow.",Thursday
4,1956745262,2009-05-28 22:35:02-07:00,NO_QUERY,earthboundtea,@user wgworldwide@user.com,Thursday
0,2327075422,2009-06-25 07:53:16-07:00,NO_QUERY,bacon_boy333,feels ill from eating too much pizza and drinking too much orange juice,Thursday
0,2231287860,2009-06-18 18:18:09-07:00,NO_QUERY,CartalkByJJ,My own mom stood me up.,Thursday
0,1957049167,2009-05-28 23:22:34-07:00,NO_QUERY,theangelicsin,Found my book. Starting a real paper-bound journal tonight. Have an annoying zit above my lip. Makes me look like I have herpes,Thursday
0,2231023913,2009-06-18 17:56:25-07:00,NO_QUERY,anoushkaa,waiit no alex is going,Thursday
4,1795412328,2009-05-14 07:43:40-07:00,NO_QUERY,JenParlin,I'm excited for the Symphonics Live show tonight at the Bowery Poetry Club! hopefully the rain will hold off,Thursday
0,2228492055,2009-06-18 14:30:28-07:00,NO_QUERY,BETSIBOOS,~ 22:30pm! Bed time people!!,Thursday
0,2229615142,2009-06-18 15:58:06-07:00,NO_QUERY,filejobean,*sigh* who am I kidding?,Thursday
0,2221275394,2009-06-18 05:03:58-07:00,NO_QUERY,NH77,is feeling a bit under the weather,Thursday
4,1955795568,2009-05-28 20:38:17-07:00,NO_QUERY,kaitlintaylor,@user hahaha oh sarah i love you!,Thursday
0,2328081258,2009-06-25 09:08:45-07:00,NO_QUERY,mattisnotarobot,@user I can't access Jo Blo at work,Thursday
0,1880032529,2009-05-21 23:53:24-07:00,NO_QUERY,BeesLikeZeebras,"@user I can't, I have school",Thursday
0,1956674673,2009-05-28 22:24:50-07:00,NO_QUERY,rawbie,@user Awww!!! Idk what I did but I don't like seeing you sad all the tioome,Thursday
0,2226579963,2009-06-18 12:07:37-07:00,NO_QUERY,mrszdiva,aww im sad my baby feeling sick hope he gets better. i feel like everythin that happens to him happens to me ilyt,Thursday
0,2326160312,2009-06-25 06:38:28-07:00,NO_QUERY,ElaineAllkids,@user wish mine would,Thursday
0,1956062934,2009-05-28 21:07:03-07:00,NO_QUERY,rhysbart,jurasicpork.com is not in fact a porn site,Thursday
0,2326634817,2009-06-25 07:18:23-07:00,NO_QUERY,fromthestars,"@user Sometimes, it is! Now I feel bad about it.",Thursday
0,1793174901,2009-05-14 01:39:57-07:00,NO_QUERY,meclondon,seems I cannot spell ....,Thursday
0,2224553789,2009-06-18 09:38:40-07:00,NO_QUERY,prego_cravings,"Sour apricots are great, but now my stomach is upset 4 hrs to go....",Thursday
4,1792773315,2009-05-14 00:11:46-07:00,NO_QUERY,SkinCareGoober,Purple Monkey Dishwasher. (I know some people will get this).,Thursday
0,2328522845,2009-06-25 09:41:00-07:00,NO_QUERY,nanix_numbah_3,i want to buy the book sooooooooooooooooooooooo bad,Thursday
0,2225709719,2009-06-18 11:03:13-07:00,NO_QUERY,kopine,@user aghhh we miisssed/i missed a chance to win KOL tickets boo we need to be gllued to the lightning 100 right now!!!,Thursday
0,2221431565,2009-06-18 05:22:15-07:00,NO_QUERY,pixelchrome,"I have to create stupid reports, over and over...",Thursday
4,2039974474,2009-06-04 23:17:29-07:00,NO_QUERY,2theresq,"Ok, I woke up - what should I do next ?",Thursday
4,1795754183,2009-05-14 08:18:47-07:00,NO_QUERY,St,Google Down -&gt; Twitter over capacity -&gt; News websites slow. It's the end of the world,Thursday
0,1793439559,2009-05-14 02:42:06-07:00,NO_QUERY,NicolaDownes,cant stop chewing her nails off,Thursday
0,2233881210,2009-06-18 22:03:17-07:00,NO_QUERY,FreddieZuidberg,In twitterific i miss being able to see the followers eg of people. In tweetdeck for iPhone I miss seeing the DM I've send.,Thursday
0,2327230148,2009-06-25 08:05:02-07:00,NO_QUERY,FelishaHoup,well todays the day...poor Jax.,Thursday
0,2227372988,2009-06-18 13:06:55-07:00,NO_QUERY,leeza_CREE,"it's crazy how 0NE year ago today was one of the happiest days of my life &amp; look @ it now. Ughhh this is depressing, but i can't cry",Thursday
0,2325035896,2009-06-25 04:37:26-07:00,NO_QUERY,camarados,at office..,Thursday
0,2231908717,2009-06-18 19:11:27-07:00,NO_QUERY,kittyfu93,thanks Hannah. Ugh i feel sick....,Thursday
0,1956470054,2009-05-28 21:57:00-07:00,NO_QUERY,debarouchi,Net service in my area is driving me insane,Thursday
0,2232536904,2009-06-18 20:02:51-07:00,NO_QUERY,kayla_z1,I am so so so so so bored of studying,Thursday
0,2327752022,2009-06-25 08:44:33-07:00,NO_QUERY,TheMomCrowd,TwitterFon isn't working properly this morning. was going to download tweetie but all reviews say it has been buggy this past week.,Thursday
0,2234194323,2009-06-18 22:35:57-07:00,NO_QUERY,Kelndan,@user Hey there. I tried to tweet Dean for tickets to Eve cause im sick in bed...but i dont think he is twittering today,Thursday
0,2233040022,2009-06-18 20:44:57-07:00,NO_QUERY,KelseeOlger,My head hurts.,Thursday
0,2233359464,2009-06-18 21:14:10-07:00,NO_QUERY,lalitjina,Misaligned wheel $$,Thursday
0,2227183654,2009-06-18 12:52:49-07:00,NO_QUERY,farringtonb,"2 months with my baby. Gotta shower and shave, then going to the cheesecake factory. She leaves me for a week tomorrow",Thursday
0,1794422892,2009-05-14 05:46:45-07:00,NO_QUERY,sleepyandhungry,@user So sad mavericks are out,Thursday
4,1793095579,2009-05-14 01:21:22-07:00,NO_QUERY,MAMACITAZ,@user I can't do your work for you! Handle it,Thursday
0,2233215566,2009-06-18 21:00:12-07:00,NO_QUERY,advanmatthew,Going to study for exam on Monday today! [http],Thursday
0,2231522789,2009-06-18 18:39:59-07:00,NO_QUERY,lolitztoeknee,Visiting Kates mom some poor woman tripped on a caution sign walking out of the bathroom... Iiironyyyyy xD,Thursday
4,1793905346,2009-05-14 04:22:17-07:00,NO_QUERY,peridott,"Looking forward to a relaxing weekend of doing nothing. Well, maybe some painting of course",Thursday
0,2229144188,2009-06-18 15:20:23-07:00,NO_QUERY,xoJade,Trying to sleep. Stupid iPhone keeping me up! felt like a really long day for some reason :/,Thursday
4,1955908639,2009-05-28 20:50:12-07:00,NO_QUERY,ashlypotez,*Spazz* I can't wait for the new Say Anything albummm! Even though it's going to be several months. But TBS is this Tuesday!,Thursday
0,1794127709,2009-05-14 05:01:51-07:00,NO_QUERY,xxxAshhyxx,@user dam i miss your show i had a ticket to the show but i couldnt go coz of school grrh,Thursday
0,2230493857,2009-06-18 17:11:31-07:00,NO_QUERY,itsmackaw,@user my msn is bad i was talking with u and my msn just ending his sessions alone |:,Thursday
4,1957239796,2009-05-28 23:55:13-07:00,NO_QUERY,aquapac,Beautiful sunny day in London; might take the old laptop up on the roof and work in the sun.,Thursday
4,1793525447,2009-05-14 03:01:43-07:00,NO_QUERY,FairyLuvsU,@user I freaken love me and you should text me ma'am &lt;33333333333333333,Thursday
0,2222600532,2009-06-18 07:12:05-07:00,NO_QUERY,titicuervo,"@user I emailed them - thanks! But, they never replied I'll have to find a chance to call after work or something...",Thursday
0,2327555016,2009-06-25 08:29:44-07:00,NO_QUERY,rebekahrevenge,Soccer practice: weight room Loveyou&lt;3,Thursday
0,2221423487,2009-06-18 05:21:19-07:00,NO_QUERY,theboomtube,@user haha yeah. Overthinking is my curse too. So annoying,Thursday
4,1956375041,2009-05-28 21:44:40-07:00,NO_QUERY,I_Support_DemiL,@user Could you follow me please.I would really appreciate it.,Thursday
0,1794867852,2009-05-14 06:43:06-07:00,NO_QUERY,RosieShort,@user I'm going to MK but haven't got a wristband have to go to the dentist first too,Thursday
4,1956794825,2009-05-28 22:42:29-07:00,NO_QUERY,Karen_Eden,"@user well, I haven't, actually but I'm rather fond of this little berg. Very little crime. *knockonwood*",Thursday
0,2234267506,2009-06-18 22:44:02-07:00,NO_QUERY,mike_is_legit,@user you don't suck,Thursday
0,2327158129,2009-06-25 07:59:42-07:00,NO_QUERY,JasmineTilman,continue waiting for yesterday I only have 2 episodes for that series! BTW ( not trying to brag) I think it is perfect for Zashley lovers,Thursday
0,2233765733,2009-06-18 21:51:58-07:00,NO_QUERY,JoeGfod,Okay all alone again here at Mcdonalds and hearing all types of creepy noises!,Thursday
0,2327504594,2009-06-25 08:25:55-07:00,NO_QUERY,gabby0913,idw to get out of bed. red is sleeping so peacefully with me,Thursday
0,2221997954,2009-06-18 06:20:24-07:00,NO_QUERY,megxox212,WOW... another shocker Rain! ughhh .... Nasty migraine!,Thursday
0,2221280864,2009-06-18 05:04:40-07:00,NO_QUERY,Ballet_bob,the sun is shine just like me...not !!!!!!! still suffering from the cold,Thursday
0,2221629667,2009-06-18 05:44:08-07:00,NO_QUERY,StaceyWilders,Trying to find a movie to watch..its really hard tp pick,Thursday
0,2221268728,2009-06-18 05:03:09-07:00,NO_QUERY,mbryantdyan,Another morning in DC traffic,Thursday
0,2323439212,2009-06-25 00:38:49-07:00,NO_QUERY,JediG16,@user Ur the only person to reply to my tweets Thanks Cat. Ur a sweetheart. Oh and always double down on 11. ;),Thursday
4,2039923154,2009-06-04 23:09:19-07:00,NO_QUERY,AmyHungerford,@user Lol... it's fine No hard feelings,Thursday
0,2234359517,2009-06-18 22:54:34-07:00,NO_QUERY,newlaboy,@user We didn't even do anything,Thursday
0,2226581268,2009-06-18 12:07:43-07:00,NO_QUERY,dravenheart,Hubby is on his way to work out at Garmisch. Still have no idea when he'll have another day off.,Thursday
0,2230508534,2009-06-18 17:12:45-07:00,NO_QUERY,fatasskid,"Misses the life of being a dancer, taking 5-6 hours of dance a day, rehearsing and performing ballet",Thursday
4,1879995135,2009-05-21 23:46:17-07:00,NO_QUERY,kartar,@user comics r us on bourke st in city are good - packed with geeks but well it's a comic book store. They may be shocked to see girls,Thursday
0,2324857771,2009-06-25 04:12:47-07:00,NO_QUERY,Mrc1149,"Was an interesting show tonight and @user seriously, everytime after I just finish a show",Thursday
0,2233133050,2009-06-18 20:52:53-07:00,NO_QUERY,shoocarlos,Anyone in az wants to let me crash in their room for a night?,Thursday
4,1793415398,2009-05-14 02:36:30-07:00,NO_QUERY,Mum_of_Six,"#WhyITweet - because it beats ironing, washing, hoovering, polishing, gardening, and watching the ruddy WONDERPETS",Thursday
4,1793503732,2009-05-14 02:56:55-07:00,NO_QUERY,Mondo_Z,@user same here but NO! don't ruin mi hopes! lol i relly wanted tu win that,Thursday
4,1957112799,2009-05-28 23:33:12-07:00,NO_QUERY,megw99,Repo rate dropped by 100 basis points yesterday. Awesome,Thursday
0,2226325904,2009-06-18 11:48:51-07:00,NO_QUERY,Ahmaeya,@user yea that works...ughh,Thursday
4,1793880172,2009-05-14 04:17:36-07:00,NO_QUERY,stevier,@user Lovely. Wave to my house on your way. You're going to be WAY early!,Thursday
0,2233535604,2009-06-18 21:30:18-07:00,NO_QUERY,iheartacting,i am seriously craving some pinkberry right now. ohh wait im not in la,Thursday
0,2233223533,2009-06-18 21:00:54-07:00,NO_QUERY,julie_a,"That photo I just posted, a graveyard, concrete blocks that people live around, kids play on, people take drugs on. People have sex on.",Thursday
0,2224053728,2009-06-18 09:01:59-07:00,NO_QUERY,Buffyfan76,@user oh you poor thing. I feel for you guys.,Thursday
0,2324632234,2009-06-25 03:39:21-07:00,NO_QUERY,DJLORi,"Because of my lack of proper sleep the past 2 weeks, old neck injury kicking in, constant headache, besides dealing with my foot",Thursday
4,1794542105,2009-05-14 06:02:44-07:00,NO_QUERY,A1827,@user enjoy your trip!,Thursday
0,2225360313,2009-06-18 10:37:31-07:00,NO_QUERY,dncenttydnce,@user ughh come over later? I'm terribly lonely,Thursday
4,1794869330,2009-05-14 06:43:16-07:00,NO_QUERY,iadiedee,@user yw hun. You put up some good stuff Hope you're good.,Thursday
4,1793527590,2009-05-14 03:02:10-07:00,NO_QUERY,thripthyn,@user hari just found his dream girl.... finally..... even if she exists in fiction ;),Thursday
0,2328305067,2009-06-25 09:25:09-07:00,NO_QUERY,Emilycopeland_,camp last night was actually pretty fun. shana hurt her knee again tho. im watching hercules with bren right now. im hungry.!,Thursday
0,2228639058,2009-06-18 14:41:47-07:00,NO_QUERY,pastorRuss09,Crazy day got work done but computer is sooooooo low now it's a 5 year old MAC &amp; I have been working I have to clean it empty then see,Thursday
0,2234754838,2009-06-18 23:41:02-07:00,NO_QUERY,Royboi,fun night!! bedtime for me now....only one more day of vacation,Thursday
0,1956022444,2009-05-28 21:02:32-07:00,NO_QUERY,jessssecaaaa,Ahhhh i don't like lightning. It scares me,Thursday
0,2326798269,2009-06-25 07:31:30-07:00,NO_QUERY,jackiedai,can't sleep. cramps.,Thursday
0,2225023073,2009-06-18 10:12:59-07:00,NO_QUERY,raychL,Ugh still no email back.,Thursday
4,2039752724,2009-06-04 22:43:05-07:00,NO_QUERY,davidiangray,@user Hi Annie. No need for that ..but thanks,Thursday
4,1793462253,2009-05-14 02:47:18-07:00,NO_QUERY,janniahfajardo,@user thNx 4 following my twitter acc.,Thursday
0,2232981345,2009-06-18 20:40:02-07:00,NO_QUERY,gracebishop,"@user it was really fun! i'm super tired though, the sun drained me we need to hang out again cause i lovvvee youu!",Thursday
0,2193400987,2009-06-16 08:24:30-07:00,NO_QUERY,uknowulovemeh,"@user Oh, well that's no fun.",Tuesday
4,2011972431,2009-06-02 19:51:49-07:00,NO_QUERY,paulabes,toast and fresh papaya for breakfast goodmorning!,Tuesday
4,2190198427,2009-06-16 02:02:49-07:00,NO_QUERY,hypnophil,@user just give me a call when you are ready to sort it out,Tuesday
4,2008559405,2009-06-02 14:18:43-07:00,NO_QUERY,jedijoy,@user heh.. nice. (maybe when they are older you will get big ticket items like a big screen tv or a car),Tuesday
0,2306249808,2009-06-23 22:01:40-07:00,NO_QUERY,carlaaustria,i miss inah ricafooooort,Tuesday
4,1932639709,2009-05-26 21:53:26-07:00,NO_QUERY,malusa46,I just had an awesome time with the cutest boy!!!! (my platonic love since I remember),Tuesday
4,2002659486,2009-06-02 04:49:58-07:00,NO_QUERY,ashleytrue,[http] My FaV pIc EvEr!!!,Tuesday
4,1468179729,2009-04-07 00:08:55-07:00,NO_QUERY,tweetles,"@user All here. Alwys lvly 2 spk w/u Awww If I cld, Id giv u a fut massaj... Awww so sweet. TY YW Heres another (((( @user ))))",Tuesday
0,2195792011,2009-06-16 11:36:34-07:00,NO_QUERY,keithdsouza,"@user am going on a cruise with a port of landng in canada, so i need visa for that",Tuesday
4,1468472346,2009-04-07 01:52:50-07:00,NO_QUERY,Sally_E,@user yaaaaayyy... you got a crumpler bag can you take a pic and post?,Tuesday
0,2299129175,2009-06-23 12:32:17-07:00,NO_QUERY,HollyPickup,I don't know what to do now schools over.,Tuesday
0,2196893562,2009-06-16 13:04:10-07:00,NO_QUERY,printgirl08,@user @user or electronics... PC,Tuesday
0,2192938188,2009-06-16 07:46:05-07:00,NO_QUERY,samjacklover,WTH! im not getting twitter text update. im &quot;on&quot; but nothing coming.,Tuesday
4,2190937532,2009-06-16 04:07:23-07:00,NO_QUERY,thisreal4ever,I REALLY hope I'm in a better mood at work today than I was yesterday. Some Counting Crows to start the day should help,Tuesday
0,1469124972,2009-04-07 05:18:03-07:00,NO_QUERY,kingobron,I think I have a fever. iDie. Don't know if I'll be able to make it to class. BOO!,Tuesday
4,1469504615,2009-04-07 06:35:02-07:00,NO_QUERY,gulfstream5,@user You should come out here and visit! We have plenty of sunshine!! I hope all is going well!,Tuesday
0,2196361255,2009-06-16 12:22:15-07:00,NO_QUERY,amarita77,@user Wish I could! Too bad it's so far.,Tuesday
0,2295896320,2009-06-23 08:30:44-07:00,NO_QUERY,aassshhhh,eugh stupid hayfever..my ears are so sore right now,Tuesday
0,2296178409,2009-06-23 08:51:48-07:00,NO_QUERY,chris_leung,"@user I bought it in Shanghai, but it's a US version. Haven't checked out Air Sharing, no.. I will take a look.",Tuesday
0,2202838451,2009-06-16 22:30:40-07:00,NO_QUERY,marcusjunus,just finished gran torino poor old man,Tuesday
0,2193621020,2009-06-16 08:42:21-07:00,NO_QUERY,kmac0306,ah! too much to do - the day is slipping away from me. I have to be at work to work OT soon I have time for a good run and then I'm off,Tuesday
4,2002264393,2009-06-02 03:41:15-07:00,NO_QUERY,daniBELLE09,Up already? I'm mad I'm faithfully using TWITTER with only 2 followers.. LOL guess its like my own personal diary..,Tuesday
0,2194606535,2009-06-16 10:01:14-07:00,NO_QUERY,cloverdash,@user â¦cont) fixture list MUST behave. Sorry about your day Hope it improved some. x,Tuesday
0,2004396798,2009-06-02 08:08:15-07:00,NO_QUERY,punkrockjosh,Fiesta Texas today! Â¡OlÃ©! First I gots to do some yard work though,Tuesday
0,2190671404,2009-06-16 03:23:58-07:00,NO_QUERY,gisellenguyen,@user But...but...but...I thought I was Bangkok Betty or was it Saigon Sally? Either way...,Tuesday
4,2005308973,2009-06-02 09:30:42-07:00,NO_QUERY,mahniiika,"@user haha hey ! Yes, im getting ready right now. see you in a bit boo.",Tuesday
0,2189643527,2009-06-16 00:32:02-07:00,NO_QUERY,leeza_CREE,HELLO KITTYYYYYYYYY edition @ glasskat &amp; free hookah this thursday. Someone take me!!,Tuesday
4,2190923873,2009-06-16 04:05:18-07:00,NO_QUERY,flimbumDarling,"Finished eating, and download YouTube vids to put in my iPod haha gonna go record FFF vid later",Tuesday
4,2007242618,2009-06-02 12:21:30-07:00,NO_QUERY,yellc,so stoked my movie just got here!!,Tuesday
4,1933200554,2009-05-26 23:15:33-07:00,NO_QUERY,lazyoaaf,gskank and zack singing journey.,Tuesday
4,1469221588,2009-04-07 05:39:39-07:00,NO_QUERY,jarrodmilani,has been riding scooters across Ko Chang all day! Tomorrow scooters will be replaced by elephants!,Tuesday
4,2003443572,2009-06-02 06:32:35-07:00,NO_QUERY,ENeels,Waiting to go to breakfast then going out to the beach!! I love vacation,Tuesday
4,1468209087,2009-04-07 00:18:35-07:00,NO_QUERY,fiftytwogypsies,"All going according to plan. ...Oh, joy",Tuesday
0,2194016103,2009-06-16 09:13:56-07:00,NO_QUERY,hyss1,Missed the 8.20 bottom in $PCX by .01.,Tuesday
4,2192579841,2009-06-16 07:14:50-07:00,NO_QUERY,AmeCosmetics,@user I hope to come by and hear you tonight at Posh. Maybe we can actually meet afterwards Good Luck!,Tuesday
4,2002512524,2009-06-02 04:25:47-07:00,NO_QUERY,Sailoroli,Bon aprem les Gus [http],Tuesday
0,2301566076,2009-06-23 15:36:47-07:00,NO_QUERY,BecksW3,is a retard for ever thinking she had a chance,Tuesday
4,2190870897,2009-06-16 03:57:15-07:00,NO_QUERY,LiluYvett,@user Are you here?,Tuesday
0,2198583260,2009-06-16 16:16:49-07:00,NO_QUERY,Richie_angel,@user i want chips too haha,Tuesday
4,2013877871,2009-06-02 23:49:42-07:00,NO_QUERY,DougiLawson,@user you got it,Tuesday
4,1470012478,2009-04-07 08:05:13-07:00,NO_QUERY,kylerodgers,"At least i'm going to get a nice tan in this office Well, one side of me is.",Tuesday
0,2002924598,2009-06-02 05:29:28-07:00,NO_QUERY,cocktailrioteer,And I lost so much followers overnight. That's... pretty interesting. Say not even TweetDiff is working for me.,Tuesday
0,2189462226,2009-06-16 00:05:11-07:00,NO_QUERY,g0girl,"i want icecream, but it hurts muh toof!",Tuesday
4,1573684487,2009-04-21 02:21:09-07:00,NO_QUERY,fabnfrugal,Nothn' more fab than free ice cream @user Free cone day at Ben &amp; Jerry's - [http],Tuesday
4,2190632321,2009-06-16 03:17:12-07:00,NO_QUERY,evolvedesigns,"@user 30,795 followers wow last time i sore it was 6000 if i could rem #Squarespace...Congrats",Tuesday
0,2189473559,2009-06-16 00:06:47-07:00,NO_QUERY,handler,"@user Thanks for the brain fart post; I hope Apple adopts the idea. @user SF has been broken for 5 days, in specific.",Tuesday
0,2296559653,2009-06-23 09:20:01-07:00,NO_QUERY,Trisylow,I'm actually dying without my laptop. Why is HP holding it hostage.,Tuesday
0,2197675039,2009-06-16 14:58:41-07:00,NO_QUERY,flyingbabies,"I wish i didnt have to grow up, why cant snes stay as fresh as it once was",Tuesday
0,2003276373,2009-06-02 06:13:53-07:00,NO_QUERY,crewzta,@user You needed to tweet this yesterday,Tuesday
4,2002201589,2009-06-02 03:29:03-07:00,NO_QUERY,kerrystella,"sunsunsun english exam was harder than I thought, then again it was the comprehension which I thought was on thursday, so. (:",Tuesday
0,2198371041,2009-06-16 15:59:12-07:00,NO_QUERY,gingerw,"I had a nice nap on the plane, sadly not off the runway yet in Chicago. Rain delays which means no #techkaraokesf tonight",Tuesday
0,2190303126,2009-06-16 02:20:29-07:00,NO_QUERY,Pascalia,Freakin blisters make me so uncomfortable..,Tuesday
4,2192539271,2009-06-16 07:11:12-07:00,NO_QUERY,chictots,@user thanks for your support,Tuesday
0,2189724214,2009-06-16 00:44:42-07:00,NO_QUERY,MelFresh27,@user Nah I did volunteer work today! I do it every Tuesday. I haven't heard from the other one yet!,Tuesday
0,2196336068,2009-06-16 12:20:13-07:00,NO_QUERY,CandiB19,#iremember when I hit @user car afterschool....sorry babes,Tuesday
0,2302226860,2009-06-23 16:30:45-07:00,NO_QUERY,Alessandra5010,Is going to be in a murderous rage if she can't talk her dad into Transformers 2 tomorrow!!!,Tuesday
0,2196581393,2009-06-16 12:39:43-07:00,NO_QUERY,ThiagoAcquaviva,@user YEAH! it seems like it never ends lol. it suxs,Tuesday
4,2002350250,2009-06-02 03:57:29-07:00,NO_QUERY,FreakyGiraffe,"is going to sit outside in the sunshine with a guitar, should be nice, just to strum away... Can't wait....",Tuesday
4,1468517027,2009-04-07 02:09:10-07:00,NO_QUERY,carriee93,@user omg i cry every time too! the first time i saw it i literally had tears running down my face. how embarrassing,Tuesday
4,2190206877,2009-06-16 02:04:17-07:00,NO_QUERY,Saeekeskar,"A day well ernd. 1 Hr Gym,long lab session,one bolg post and cooked black eyed bean soup for a fullstop!",Tuesday
0,2203322399,2009-06-16 23:29:16-07:00,NO_QUERY,EricPincus,had to pause to help bathe the daughters - i got to wash their hair tonight - usually @user does that but the baby is sick,Tuesday
0,1468490308,2009-04-07 01:59:45-07:00,NO_QUERY,aaleeecccc,the maine- please out me to sleep! i have tests in the morning!,Tuesday
0,1932686838,2009-05-26 21:59:46-07:00,NO_QUERY,lizzledelacruz,"@user lol they're for betty's! I didn't hide them! if anything, Omar did! lol. They're sold out now tho",Tuesday
4,2009366412,2009-06-02 15:34:39-07:00,NO_QUERY,DarkPiano,@user Haha right!,Tuesday
0,2012971322,2009-06-02 21:39:03-07:00,NO_QUERY,arniepuff,wow i just watched the MTV movie awards on there website. poor Rob during the kiss i hope that was all intentional,Tuesday
4,2013593522,2009-06-02 23:03:42-07:00,NO_QUERY,Lauren_Loves_,Loves when my Mom gives me IM kisses,Tuesday
0,2013858669,2009-06-02 23:46:26-07:00,NO_QUERY,KerryJeal,I just woke up to some lovely sun and a cup of tea my iPod won't hold my headphones and I'm on twitter....ADDICT!!,Tuesday
0,2001643631,2009-06-02 01:34:29-07:00,NO_QUERY,HannahxCx,i dont get it *the coursework*,Tuesday
0,1932412934,2009-05-26 21:25:03-07:00,NO_QUERY,ashleeadams,Big Cat Diary is a very sad show,Tuesday
4,2192812873,2009-06-16 07:35:10-07:00,NO_QUERY,cmxiv,special birthday tomorrow,Tuesday
4,2008967612,2009-06-02 14:56:32-07:00,NO_QUERY,Jenspaznasty,"@user [http] - thats the same exact spot, where i dropped off my gramps so he could go bk to boston dfw ...",Tuesday
0,2003281988,2009-06-02 06:14:32-07:00,NO_QUERY,Fredrikkk,bah... World Lit,Tuesday
0,2011568244,2009-06-02 19:13:24-07:00,NO_QUERY,ThatWhisperKiss,"...and the sweet guys I do meet, things turn out bad.",Tuesday
4,2002942390,2009-06-02 05:31:52-07:00,NO_QUERY,8sneezes1orgasm,"@user Been there, done that. Haha, I got to give Caleb a smooch",Tuesday
0,2013295048,2009-06-02 22:20:21-07:00,NO_QUERY,sachz,"@user Unfortunately, I'm the one people come to for answers. I have no one",Tuesday
4,1468836312,2009-04-07 03:59:25-07:00,NO_QUERY,jackiesworld,our cats love the sun. they're lying on the floor and having a sunbath,Tuesday
4,2013913770,2009-06-02 23:55:55-07:00,NO_QUERY,DudleyOH,Tv on the radio is the shit!,Tuesday
4,2012651563,2009-06-02 21:02:21-07:00,NO_QUERY,nikkilee124,@user haha is it lolol were are you s&amp;e aii alice is a bitch ha jkz xo &lt;3 ya's,Tuesday
0,2203473112,2009-06-16 23:49:07-07:00,NO_QUERY,nscafe,I did not know about this. // [http] // &quot;Reed Exhibitions Closes BookExpo Canada&quot; // I must not have been paying attn.,Tuesday
0,2200072578,2009-06-16 18:24:03-07:00,NO_QUERY,ShePre22y,@user I wish l could join but I'm n ny,Tuesday
4,1932772741,2009-05-26 22:11:07-07:00,NO_QUERY,asxofxlately,Looking forward to the comedy show on @user tonight,Tuesday
0,2298510553,2009-06-23 11:46:07-07:00,NO_QUERY,sqidz,Is In A Mood Grrr Hate Perants,Tuesday
0,2297114865,2009-06-23 10:02:45-07:00,NO_QUERY,doeboyphilly,I'm doin a show august 15th in chicago but I wanna be there for the &quot;Taste Of Chicago&quot; this weekend,Tuesday
0,2012796095,2009-06-02 21:18:13-07:00,NO_QUERY,raemoe,spa timez canceled. it's hug your bff day everyone. &lt;3,Tuesday
0,2007001831,2009-06-02 12:00:06-07:00,NO_QUERY,ryantastico,saaadd.. my grandma doesn't read the message and she pick me up from pauli's house 3 hours before!! really sad,Tuesday
4,2003110592,2009-06-02 05:54:04-07:00,NO_QUERY,indahooood,@user Fashoo! We'll try out best to make it. We really wanna support you guys,Tuesday
4,1468611692,2009-04-07 02:43:28-07:00,NO_QUERY,friendlyhands,Jingle bells - jingle bells - jingle all the way,Tuesday
0,2297081496,2009-06-23 10:00:16-07:00,NO_QUERY,tre_mania,Going to a periodontist appt.,Tuesday
4,2193478782,2009-06-16 08:30:48-07:00,NO_QUERY,MilanTeh,@user The count would lead to shutter death~ Every shutter unit has it's &quot;life span&quot;,Tuesday
0,1470101207,2009-04-07 08:21:02-07:00,NO_QUERY,QuelaRenee,@user wish I could view it on my phone,Tuesday
0,2001723591,2009-06-02 01:51:09-07:00,NO_QUERY,ADelV,im not feeling well at all !,Tuesday
0,2198799615,2009-06-16 16:35:17-07:00,NO_QUERY,chelalala,"@user Oh, I don't like their new album.",Tuesday
4,2193370294,2009-06-16 08:21:56-07:00,NO_QUERY,gypsytrading,Simple Stunning~ portion of proceeds go to St. Judes [http],Tuesday
4,2002105551,2009-06-02 03:09:40-07:00,NO_QUERY,aerobic247,@user I can swing my handbag with the best of them!,Tuesday
4,2011929928,2009-06-02 19:47:45-07:00,NO_QUERY,musicjunky82,bored...what to do.. @user i think for sure u and brandy should do a duet it would go straight to number 1,Tuesday
4,2192861399,2009-06-16 07:39:29-07:00,NO_QUERY,reneboden,basking in the sunshine with a great cup of coffee Life is fantastic!!,Tuesday
0,2190925385,2009-06-16 04:05:31-07:00,NO_QUERY,rachelgirl5,Soooooo drunk....this means 1255 hrs aty the gym.. I could throw up,Tuesday
0,2003497182,2009-06-02 06:38:28-07:00,NO_QUERY,loletc,My head what happen to people? They're mad without a reason.,Tuesday
0,2190233214,2009-06-16 02:08:42-07:00,NO_QUERY,MashyMashMash,omg none of my txt messages are going up,Tuesday
4,1468253380,2009-04-07 00:33:45-07:00,NO_QUERY,clayofthepotter,"working, tweeting, facebooking and enjoying a raspberry mocha latte",Tuesday
0,2298326380,2009-06-23 11:32:17-07:00,NO_QUERY,addieKY,@user sadly no. If a yeti and Mick Jagger had a lovechild it would be this guy. haha this has not been my week,Tuesday
4,2013329081,2009-06-02 22:25:05-07:00,NO_QUERY,cassiemayluvs,@user ooo are you going on tour too??? Possibly with Mitchel Musso?? I would love to see you on tour!!! So would my nieces!!,Tuesday
4,2189605374,2009-06-16 00:26:19-07:00,NO_QUERY,thelogicalguess,"@user O.K. Get the proof I got one with colours, and I will really get a coloured one....sorry again for horrible English!!",Tuesday
4,2011036822,2009-06-02 18:22:32-07:00,NO_QUERY,luvgirl_4u,need some sweets,Tuesday
4,1573458997,2009-04-21 01:16:04-07:00,NO_QUERY,Caity2709,i have nothing to twitter about listening to Taylor Swift xx,Tuesday
0,2191445710,2009-06-16 05:17:29-07:00,NO_QUERY,rmgmt2001,"is wishing I were on the highway heading to the beach...but, alas...back at the office",Tuesday
0,2189907749,2009-06-16 01:13:45-07:00,NO_QUERY,CreenaP,[http] - My dear cousin,Tuesday
4,2189496399,2009-06-16 00:10:07-07:00,NO_QUERY,vYanko,@user you had to mark these locations in TripIt,Tuesday
0,2202278969,2009-06-16 21:31:43-07:00,NO_QUERY,ffalias,is 3.0 out yet? or is it gonna release based on pacific time?,Tuesday
0,2003245214,2009-06-02 06:10:10-07:00,NO_QUERY,stormi_weather,I'm at work what are you up to leah,Tuesday
0,2191610738,2009-06-16 05:37:48-07:00,NO_QUERY,tommsinclair,Well my love affair with my first mighty mouse didn't last too long. 5months in and the scroll's knackered only goes downwards.Bad times!,Tuesday
4,2192144236,2009-06-16 06:34:49-07:00,NO_QUERY,ChrisAGriffin,@user ROFL! Thanks! I needed that today. Have a great day Deb!,Tuesday
4,2002559680,2009-06-02 04:33:39-07:00,NO_QUERY,alibruin569,is going to the movies with steph. sunshine cleaning or lymelife ? we'll seeee,Tuesday
0,2002176407,2009-06-02 03:23:59-07:00,NO_QUERY,sundress,@user I would so be there if my car wasn't broken.,Tuesday
0,2002388857,2009-06-02 04:04:03-07:00,NO_QUERY,Smoph,"Honest to goodness, I would love someone to come and look after me today.",Tuesday
0,2002835488,2009-06-02 05:16:41-07:00,NO_QUERY,FashionBitch_,"Leggings = Last year's solution, this year's problem. Dear GOD, I am LIVING in something with an elasticised waist... a new low",Tuesday
0,2010572247,2009-06-02 17:36:27-07:00,NO_QUERY,cyberjunkiecat,Late night still at work virus issue hogging resources,Tuesday
0,1468684547,2009-04-07 03:09:13-07:00,NO_QUERY,victoria_tweed,@user I've ordered that special 7inch set thingy from that place online (I'm so forgetful) but it's still not here i want iiiit,Tuesday
0,2191564782,2009-06-16 05:32:14-07:00,NO_QUERY,semilogical,"The postman came and yet again, no headphones! All I want is some decent sound in my lugs, maybe tomorrow, probably not",Tuesday
0,1933109399,2009-05-26 23:01:17-07:00,NO_QUERY,twbrit,IIt's 7am here in Blighty and I've been hacking away in Photoshop for two hours trying sort out a blog article,Tuesday
0,2300807515,2009-06-23 14:37:04-07:00,NO_QUERY,HomicideArianne,I'm very sad now,Tuesday
0,2194634368,2009-06-16 10:03:26-07:00,NO_QUERY,ToriSheets,Grounded forever,Tuesday
0,2301234159,2009-06-23 15:10:23-07:00,NO_QUERY,HeyRussell,"Hella good weather, but I'ma waste this day at home again",Tuesday
0,2191746800,2009-06-16 05:53:45-07:00,NO_QUERY,lukaswinn,Just found out that @user's concert at ICA in September is Sold Out. Pissed. Now I gotta wait until Apr 2010 b4 she in London,Tuesday
0,2194458788,2009-06-16 09:49:23-07:00,NO_QUERY,mich_thatcher,has a bad tummy ache and is being sick....nooooo,Tuesday
0,1573268615,2009-04-21 00:24:53-07:00,NO_QUERY,Chris_CA,"Back to college, no fun",Tuesday
0,2196539702,2009-06-16 12:36:21-07:00,NO_QUERY,Elephunk87,i'm watching tv now... mascerade XD i love katy perry... but i can't see her @ the southside festival,Tuesday
0,2193500464,2009-06-16 08:32:33-07:00,NO_QUERY,juliarox88,"still waking up, man I wish I could drink coffee",Tuesday
4,2007561014,2009-06-02 12:49:15-07:00,NO_QUERY,julieshort,English &amp; Geography 2day - went well - no scares! Phew Relaxing listening 2 Classic FM &amp; the birds outside the window. OH &amp; dog sleeping!,Tuesday
4,2190127275,2009-06-16 01:50:44-07:00,NO_QUERY,Edlavery,HAVE to write tonight. Gotta keep the river flowing,Tuesday
0,2190378427,2009-06-16 02:33:29-07:00,NO_QUERY,bhmc,finished my piece of work but now have another one to do,Tuesday
0,2302223156,2009-06-23 16:30:28-07:00,NO_QUERY,shellybananas,Holy shit it's hot in el cajon right now. Fml for moving back over here haha,Tuesday
0,2191395472,2009-06-16 05:11:05-07:00,NO_QUERY,Rorawks,can it be friday yet? one more week as a records manager,Tuesday
0,2196406541,2009-06-16 12:25:52-07:00,NO_QUERY,richardcaddick,Very sad to be saying goodbye to Katharine's MINI,Tuesday
4,2013578915,2009-06-02 23:01:32-07:00,NO_QUERY,dxallydx,Hillsong United concert was awesome at NJ! Especially with my brothers from small group,Tuesday
0,1932524230,2009-05-26 21:38:39-07:00,NO_QUERY,sorcerorvoid,It seems emily's mom doesn't want to talk to me *sigh* there went the only friend I had,Tuesday
0,1573564374,2009-04-21 01:46:25-07:00,NO_QUERY,SamSeriously,@user I know that feeling,Tuesday
0,2190660141,2009-06-16 03:22:02-07:00,NO_QUERY,simonech,@user too bad in most professions this is not true nowadays,Tuesday
0,2003193947,2009-06-02 06:04:05-07:00,NO_QUERY,malucia93,"@user brighton is also beautiful and sunny,but im stuck indoors all day at work",Tuesday
0,2297939583,2009-06-23 11:03:36-07:00,NO_QUERY,Danbow14,"it is 93 degrees out and I have a game later,",Tuesday
0,2202047959,2009-06-16 21:09:40-07:00,NO_QUERY,spikemaniac,@user how very considerate of you. noncaringperson.,Tuesday
0,2190170843,2009-06-16 01:58:23-07:00,NO_QUERY,garyandrews,"@user Yeah, would have been a nice easy trip for me. Midweek fixture means I'm unlikely to make a home tie",Tuesday
4,2190951464,2009-06-16 04:09:33-07:00,NO_QUERY,chloe_hew,Back from my bike ride,Tuesday
0,2192592236,2009-06-16 07:15:55-07:00,NO_QUERY,DebrasATeam,teaching an 8 year how to say &quot;good-bye&quot; to his best friend,Tuesday
0,2013566289,2009-06-02 22:59:53-07:00,NO_QUERY,saraxo_,Earth 2100. . .wow! wish I saw the whole thing,Tuesday
0,2013464928,2009-06-02 22:44:29-07:00,NO_QUERY,_sofakingcool,@user Ugh that sucks!!! &lt;222,Tuesday
4,2190654151,2009-06-16 03:21:00-07:00,NO_QUERY,desireegrace,"Nonetheless, I still love the rain.",Tuesday
4,1932954438,2009-05-26 22:37:21-07:00,NO_QUERY,MerleChloe,@user Thanks for trying! @user tweeted that the stream wasn't strong enough.Appreciate your trying.,Tuesday
4,2190031860,2009-06-16 01:34:27-07:00,NO_QUERY,ticai,@user take care &amp; God bless!,Tuesday
0,2299588626,2009-06-23 13:06:04-07:00,NO_QUERY,freelaylay,"@user Lucky itch, cha me hav 2 go fetch my din dins",Tuesday
4,2192885577,2009-06-16 07:41:33-07:00,NO_QUERY,hazelgreenluv,@user Hi Ahâ¦sorry I didn't talk anything! I'm a Supernatural fan too,Tuesday
4,2004489329,2009-06-02 08:16:51-07:00,NO_QUERY,VanitySnob,Sidenote: I'm favoriting all my birthday love because I want to remember next month who im talking and who I shall turn my nose up at,Tuesday
4,2012953389,2009-06-02 21:36:50-07:00,NO_QUERY,KarlsG,@user Oooooooo god dam... well we want u back!!!!!!! Go on - you know you want to.........,Tuesday
0,2302038602,2009-06-23 16:15:10-07:00,NO_QUERY,shortybutt,should be at the beach right now,Tuesday
4,2003352871,2009-06-02 06:22:42-07:00,NO_QUERY,westhamprocess,@user cheers mate,Tuesday
4,2012931710,2009-06-02 21:34:14-07:00,NO_QUERY,DestineeSoleil,weekend planss,Tuesday
0,2002763175,2009-06-02 05:05:55-07:00,NO_QUERY,Bec93,Feels so bad for the people on Air France,Tuesday
4,2013829340,2009-06-02 23:41:32-07:00,NO_QUERY,ToodlesNoodlesz,I HUGGED EVERYONE TODAY coz im so loving.,Tuesday
4,1469008216,2009-04-07 04:49:01-07:00,NO_QUERY,loobalee,"77 Kids - Dress A Bird? Maybe a fun way to engage kids with the brand, but I'd rather have a deal! [http]",Tuesday
0,2002536840,2009-06-02 04:29:57-07:00,NO_QUERY,inf0rmer,Sorry! hashtag too long for #tweetie Please use #campuswidgets (via @user),Tuesday
0,2196217641,2009-06-16 12:10:45-07:00,NO_QUERY,DJTJ222,@user have i really? i really dont know anymore,Tuesday
0,1932367526,2009-05-26 21:19:39-07:00,NO_QUERY,jjbalishhh,ice cream men with their trucks n music are a dying art form.,Tuesday
0,2195436978,2009-06-16 11:07:42-07:00,NO_QUERY,byatch2006,i'm feelin tired and its only 7pm lord have mercy on my sleepy ass,Tuesday
0,2297786853,2009-06-23 10:52:21-07:00,NO_QUERY,Charliered23,OMG!! I just got attacked by a crazy ass BEE! Split my skirt and pulled out a hand full of hair he was stuck in my hair!! WTF,Tuesday
4,1470183664,2009-04-07 08:35:48-07:00,NO_QUERY,clarechiara,is leaving the office now. Hello home!,Tuesday
4,1468989489,2009-04-07 04:44:04-07:00,NO_QUERY,RIJssel,New Eminem video....just like the old days kicking around [http],Tuesday
4,1469986425,2009-04-07 08:00:41-07:00,NO_QUERY,sformstone,Am taking advantage of the sunshine and am going to take the dog on the beach for a walk...no work for 12 days....yipeeeee,Tuesday
4,2001993013,2009-06-02 02:46:55-07:00,NO_QUERY,fancyfembot,@user All I had to do was slap my computer on the side. It stopped.,Tuesday
0,2295199565,2009-06-23 07:36:54-07:00,NO_QUERY,KrisReyes,"@user i've been reading that that's what you have to do. too bad, i'll just have to wait it out",Tuesday
0,2202210300,2009-06-16 21:25:04-07:00,NO_QUERY,letssingbaby,@user you've never seen me. &amp; trust me I'm not,Tuesday
4,2193277016,2009-06-16 08:14:17-07:00,NO_QUERY,jack_mannino,Opera Unite....let the evil thoughts begin [http],Tuesday
0,2013162272,2009-06-02 22:02:59-07:00,NO_QUERY,meggiles13,"i'm burned it's a hard, dangerous life being pale in Hawaii",Tuesday
0,2203518332,2009-06-16 23:55:15-07:00,NO_QUERY,La_Lais,@user I have no idea how I live without a beach. are u lucky enough to have one?,Tuesday
0,2013669125,2009-06-02 23:15:30-07:00,NO_QUERY,iiiiitsjenna,"@user it was adorable, she looked like a princess. makes me wanna get married!!",Tuesday
4,2001548010,2009-06-02 01:15:00-07:00,NO_QUERY,stevianykusuma,Can't wait to go to Bali,Tuesday
0,2192162530,2009-06-16 06:36:36-07:00,NO_QUERY,JohnGrosshans,Just spilled some of my sweet sweet coffee on my shirt and noticed a small scratch on the iPod touch screen,Tuesday
0,2189611943,2009-06-16 00:27:20-07:00,NO_QUERY,Cat_love_TVXQ,@user: e má»i vÃ o PG ... nhÆ°ng hÃ¬nh nhÆ° trong PG cÅ©ng cÃ³ 1 ss tÃªn MÃ¨o ná»¯a thÃ¬ pháº£i,Tuesday
4,1574106812,2009-04-21 04:16:22-07:00,NO_QUERY,imanwilliams,@user I'm great!. I need your address again so I can send this music,Tuesday
4,2189949528,2009-06-16 01:20:40-07:00,NO_QUERY,keda22,@user yea i just wrote something on the shanedawson picture video,Tuesday
4,2006144588,2009-06-02 10:43:30-07:00,NO_QUERY,heyitsMilia,@user lol . thanks for the advice . i`m not rushinq it,Tuesday
0,2004409193,2009-06-02 08:09:26-07:00,NO_QUERY,foxxyred210,@user you never go out with me!,Tuesday
0,2196280934,2009-06-16 12:15:47-07:00,NO_QUERY,MzE41208,Tryna figure out why I feel so old after a few pick-up games!!!,Tuesday
0,2297982011,2009-06-23 11:06:40-07:00,NO_QUERY,SpinachPuffs,@user Curse you! I don't even have/like the iPhone and yet I clicked because it was you. I feel my faith was misguided this time,Tuesday
0,2189664846,2009-06-16 00:35:18-07:00,NO_QUERY,joyisthelove,I am waiting for Jane,Tuesday
0,2197024924,2009-06-16 13:14:31-07:00,NO_QUERY,kobayashisama,The &quot;tour&quot; ended a lot sooner than I thougt o.o;; Going to attempt to upgrade my UTEID...hope it doesnt take too long,Tuesday
0,2190632028,2009-06-16 03:17:09-07:00,NO_QUERY,jimney_cricket,cant harvest my farmtown tomatos how dissappointing,Tuesday
0,2202994763,2009-06-16 22:48:55-07:00,NO_QUERY,tanie_kitty,@user your site hates me and won't let me watch the video. It keeps telling me to get IE8 even though that's what I have.,Tuesday
0,1468244575,2009-04-07 00:30:46-07:00,NO_QUERY,Locococomoco,"I accidentally put sugar in my food instead of salt, so now I'm eating sweet fried rice My clumsiness astounds me sometimes!!",Tuesday
0,2301787450,2009-06-23 15:54:46-07:00,NO_QUERY,keviniewoo,@user it doesnt show u following me yet but welcome! i've got some good ppl u should follow.,Tuesday
0,2012989673,2009-06-02 21:41:17-07:00,NO_QUERY,natashaharton,seriously. 10 followers? come on ... im feeling a little neglected.,Tuesday
0,2195045506,2009-06-16 10:36:17-07:00,NO_QUERY,musicaljo,has been making seaside pictures with sponges and seagulls out of kitchen rolls..ah the joys of nursery..back to work tomorrow,Tuesday
4,2006530963,2009-06-02 11:18:14-07:00,NO_QUERY,adsplawn07,Really wants to go the pool today.....It's so HOT outside!,Tuesday
4,2002857814,2009-06-02 05:20:01-07:00,NO_QUERY,Xavierism,"@user Bon dia, Valerie! Hope you have a great Tuesday!",Tuesday
0,1932759851,2009-05-26 22:09:22-07:00,NO_QUERY,ZaxyMac,was so shock that Singapore's first case of swine flu is here.. [http],Tuesday
0,2198725551,2009-06-16 16:29:00-07:00,NO_QUERY,isadoramartinez,@user nope mi mami i hope i see you soon!! love you,Tuesday
0,2013786512,2009-06-02 23:34:30-07:00,NO_QUERY,heartwoahome,headache no fun feeling sick is no fun either,Tuesday
0,1470233570,2009-04-07 08:44:48-07:00,NO_QUERY,twinklydave,almost time for a ride. Q: will i get it done and stay dry? A: No. cos my shoes are still sopping from yesterday. boo.,Tuesday
0,1468664472,2009-04-07 03:02:13-07:00,NO_QUERY,Ayla_F,@user Feeling really sick today how about you?,Tuesday
0,2191883086,2009-06-16 06:08:17-07:00,NO_QUERY,thepurplediva,Dynamite Diva is in a bad mood...damn flowers still NOT here...SO F***ing angry and its not nice to see (and hear) a Lady swear,Tuesday
0,1932801788,2009-05-26 22:15:09-07:00,NO_QUERY,alexpitzen,@user I think your madre needs to chill :/ &amp; we have 2 finals &amp; then 7th &amp; 8th on thursday meaning I have to come to school 4 1.5 hrs,Tuesday
4,2001857774,2009-06-02 02:18:59-07:00,NO_QUERY,habibh,@user Good catch ! We'll look into it and let you know hopefully when it is ... Thanks for letting me know !,Tuesday
4,2013925523,2009-06-02 23:58:00-07:00,NO_QUERY,XStevenProcess,@user give misty my regards!,Tuesday
4,2001964439,2009-06-02 02:41:01-07:00,NO_QUERY,Jill88,@user I understand you may have a little payback offering Deb lol . Please feel free to share amongst friends,Tuesday
4,2004303914,2009-06-02 07:59:44-07:00,NO_QUERY,WestKeighley,@user You know what else is?,Tuesday
4,1573699550,2009-04-21 02:25:47-07:00,NO_QUERY,AndyLunn,@user nice to network with ca is a lonngggg way from Leeds uk,Tuesday
0,2190853997,2009-06-16 03:54:33-07:00,NO_QUERY,Kenji_8055,"Blast you internet, for you are the true enemy of work. Procrastination shouldn't be so fun",Tuesday
4,2191019180,2009-06-16 04:19:33-07:00,NO_QUERY,TheOnlyCaz,What am i gonna do today? any suggestions ?,Tuesday
0,2197232676,2009-06-16 13:30:59-07:00,NO_QUERY,happieinlove,"God, I miss him soooooo much",Tuesday
0,2299351966,2009-06-23 12:48:52-07:00,NO_QUERY,Leisel_J,"I got back facebook back on work but with glitches .Bright side: it is about 15mins to home time! Yeah, home sweet home here I come!",Tuesday
0,2193105411,2009-06-16 08:00:17-07:00,NO_QUERY,akronva,Getting ready to go to the dentist... not looking forward to that!,Tuesday
4,2002203904,2009-06-02 03:29:33-07:00,NO_QUERY,aseemsood,@user good to see another Palm Treo user from India! I love my Treo!!!,Tuesday
0,2013752435,2009-06-02 23:29:01-07:00,NO_QUERY,SlapDashAsh,@user I'm in the same working late boat as you. So much for the Bethesda party,Tuesday
4,2190185264,2009-06-16 02:00:41-07:00,NO_QUERY,zyclone12,just had chili crab nissin cup noodles! instant gratification,Tuesday
0,2296948391,2009-06-23 09:50:22-07:00,NO_QUERY,monicacarlina,"not-happy-ending for tonight, good nite",Tuesday
4,1468352484,2009-04-07 01:08:52-07:00,NO_QUERY,fintan_mc,@user mr hopkins and i will be better behaved tonite .. cultural evening of a haydn concert in gothic cathedral,Tuesday
0,2200238875,2009-06-16 18:37:35-07:00,NO_QUERY,kenop,@user I don't know if I can live up to your expectations as a followee worth a try though huh?,Tuesday
0,2302682914,2009-06-23 17:08:59-07:00,NO_QUERY,kassondrajuan,@user. THEY DO THEY DO!,Tuesday
4,2012572499,2009-06-02 20:53:47-07:00,NO_QUERY,NorCalChika,Off to the DJ Battle we go,Tuesday
0,2007461104,2009-06-02 12:40:25-07:00,NO_QUERY,HT1985,When oh when will it be warm again,Tuesday
0,1468565154,2009-04-07 02:26:47-07:00,NO_QUERY,IcarusWingz,Aw - Snapcase arent getting back together... I must have dreamt it,Tuesday
0,2200198102,2009-06-16 18:34:16-07:00,NO_QUERY,sneaky_sparkle,"So So angry, I can not believe,she does not deserve it",Tuesday
0,2297524870,2009-06-23 10:32:58-07:00,NO_QUERY,mskimmykim,I was invited once again you guys dnt luv me really @user @user,Tuesday
0,2001583481,2009-06-02 01:22:12-07:00,NO_QUERY,imyourcupcake,just got home. GYMNASTICS wasn't as bad as I thought. staying up till late tonight. got many assignments to do and its all due TOMORROW!,Tuesday
4,2190845393,2009-06-16 03:53:08-07:00,NO_QUERY,xoxosophie,haha I'm sitting on my math book,Tuesday
0,2193293952,2009-06-16 08:15:40-07:00,NO_QUERY,adamread,"Hey @user my question didn't get answered, epic fail ! (jamesclay live &gt; [http]",Tuesday
0,2008955586,2009-06-02 14:55:22-07:00,NO_QUERY,SinnerX,@user mostly. Have to see a specialist in a few days. Seems like all my injuries are sex related.,Tuesday
0,2200955123,2009-06-16 19:36:20-07:00,NO_QUERY,mlexiehayden,@user I really don't can you teach me so I can beat ppl too lol,Tuesday
0,2013705232,2009-06-02 23:21:14-07:00,NO_QUERY,Medros,@user and my room is quite chilly,Tuesday
4,2001897536,2009-06-02 02:27:24-07:00,NO_QUERY,trianta,@user ÎºÎ±Î¹ Î²ÎµÎ²Î±Î¯ÏÏ Î¸Î± Ï ÏÎ¬Ï?ÏÎµÎ¹ ÏÎ¿ coveritlive Î¼Îµ @user &quot;on the decks&quot;,Tuesday
0,2002721201,2009-06-02 04:59:42-07:00,NO_QUERY,marchiee,i'm craving for PCD tonite... hiks,Tuesday
0,2191496317,2009-06-16 05:23:52-07:00,NO_QUERY,bobbiemitch,Forgot my iPod today. Its going to be a long day without any podcasts..,Tuesday
0,2201072292,2009-06-16 19:46:00-07:00,NO_QUERY,Val_ree,"@user Very sad news, indeed. Sincere condolences from me, &quot;Boo&quot; (b&amp;w) &amp; &quot;Lilly&quot; (calico.)",Tuesday
0,2198720224,2009-06-16 16:28:31-07:00,NO_QUERY,b1302,"@user okayyyy i sent you a happy birthday but apparently you didn't receive it ily you, happy birhtday pumpkinn",Tuesday
0,2298575306,2009-06-23 11:50:58-07:00,NO_QUERY,AJones21,"Jon &amp; Kate done after all them damn kids and 10yrs of marriage?! First Jessica &amp; Nick, then Kelis &amp; Nas... aint nothing 4ever anymore...",Tuesday
4,1933225080,2009-05-26 23:19:38-07:00,NO_QUERY,wellheeledblog,@user I know! Discovered it thanks to you. I think his tweets really sound like how I imagine he'd write on twitter.,Tuesday
0,1468478238,2009-04-07 01:55:05-07:00,NO_QUERY,MyAppleStuff,@user good luck!!! look forward to the update. run not an option in this wind seriously!!!! blowing a real gale,Tuesday
4,2002364087,2009-06-02 03:59:58-07:00,NO_QUERY,ilovedricoll,happy birthday ashleigh! love yoooou. x,Tuesday
0,2200275515,2009-06-16 18:40:34-07:00,NO_QUERY,Charli2010,I feel like someone has sucked all the energy out of of,Tuesday
0,2195515476,2009-06-16 11:14:07-07:00,NO_QUERY,smitrastogi,"Its such a desolate feeling, being alone in hostel which was so full of dynamism a while back",Tuesday
4,2002431840,2009-06-02 04:11:42-07:00,NO_QUERY,wiidscouk,Morning/Afternoon to all followers,Tuesday
0,2006525227,2009-06-02 11:17:43-07:00,NO_QUERY,stephanie01,Just got back from lunch... Back to work 5 o'clock better get here soon,Tuesday
4,2013805065,2009-06-02 23:37:33-07:00,NO_QUERY,eliseo13,"@user Welcome to Twitter, John! (it's Randy from SpoCon)",Tuesday
4,2004914741,2009-06-02 08:56:16-07:00,NO_QUERY,sweetdee30,Just peachy....,Tuesday
0,2001155555,2009-06-02 00:00:26-07:00,NO_QUERY,michellevanessa,now I too must shun. shunshunshun.,Tuesday
4,2189821576,2009-06-16 01:00:04-07:00,NO_QUERY,AlonsoVertige,Grrr. I've been slacking on my diet! Today i shall be healthy!,Tuesday
4,2013473168,2009-06-02 22:45:41-07:00,NO_QUERY,Tiffylovesyouu,Going to bed...sweet dreams,Tuesday
4,1573527551,2009-04-21 01:35:34-07:00,NO_QUERY,CraigMason,@user Yup,Tuesday
4,2003081657,2009-06-02 05:50:23-07:00,NO_QUERY,sailpamc,"Here's someone well worth following @user is a wealth of info and shares generously. A million thanks, Martin.",Tuesday
4,2191312134,2009-06-16 05:00:26-07:00,NO_QUERY,Palosfantastic4,@user thank you for your sarcastic response.,Tuesday
0,2298676119,2009-06-23 11:58:37-07:00,NO_QUERY,cream_crackers,i have nothing to tweet,Tuesday
0,2014452151,2009-06-03 01:34:39-07:00,NO_QUERY,ShellBellzz,you can get out of bed one morning and everything can change... didn't happen this morning though.,Wednesday
0,2217339259,2009-06-17 20:43:39-07:00,NO_QUERY,wildchic5,@user i am turning mine off tomorrow casue i cant get text messeges while i am in europe,Wednesday
4,2015107644,2009-06-03 03:43:29-07:00,NO_QUERY,rjakesdub,@user singing for Obama .. that's good news if it's true. Nice to see another West Lothian person do well,Wednesday
4,2014181304,2009-06-03 00:42:18-07:00,NO_QUERY,viherrera,Its raining pretty hard. Is work suspended?,Wednesday
0,2216848683,2009-06-17 20:03:04-07:00,NO_QUERY,Schreurs,So much to install on a new computer and so little time to enjoy it,Wednesday
0,2018974719,2009-06-03 10:48:15-07:00,NO_QUERY,neosolrkstr,@user that's the problem!! I can't see anything! Lol im catching the end of w/e ya'll tlkn bout!,Wednesday
4,2014429533,2009-06-03 01:30:07-07:00,NO_QUERY,sarahdenrara,@user hej!late answer but...i guess it would be amsterdam or utrecht...or the hague maybe! any plans or asking for someone else?,Wednesday
4,2014482221,2009-06-03 01:40:42-07:00,NO_QUERY,Erock808,"@user Anything you need from me to help @user, you just let me know! He'll tell you, I'm down!!! LOL",Wednesday
0,2213561515,2009-06-17 15:32:25-07:00,NO_QUERY,sticksy05,dreaming about Europe whilst going to work...,Wednesday
0,2204693122,2009-06-17 02:53:23-07:00,NO_QUERY,l17_glg,reeeeally needs someone to talk to,Wednesday
4,2015450405,2009-06-03 04:41:49-07:00,NO_QUERY,Johnpaul_88,@user sounds fun i cant wait to go to zante i think its gunna be realy good,Wednesday
0,2207423386,2009-06-17 07:55:10-07:00,NO_QUERY,momspark,"For those of you who are waiting for an email response from me, I will try to reply today, I'm very swamped with inquires right now.",Wednesday
4,2014092629,2009-06-03 00:26:15-07:00,NO_QUERY,JENTSYY,had a great weekend. so much fun ;) ha ha. Can't wait to hear Miley's hugeee announcement,Wednesday
0,2218690519,2009-06-17 22:57:42-07:00,NO_QUERY,littletac,@user oh god ive been there. It sucks. Mostly because i love cats. I had to give mine away.,Wednesday
4,2015173579,2009-06-03 03:55:23-07:00,NO_QUERY,daciamelia,today is going to be a good day. I'm as happy as a person can be,Wednesday
0,2209794135,2009-06-17 10:48:19-07:00,NO_QUERY,NuCode_fi,"@user I guess moderation it should be cached, it wastes CPU cycles, and CSS/JS whitespace trim is useless, so tiny bw savings",Wednesday
0,2209537778,2009-06-17 10:30:14-07:00,NO_QUERY,ashadowdweller,"@user true, but we won't know for another month and a half or so",Wednesday
4,2015195400,2009-06-03 03:59:19-07:00,NO_QUERY,m0po,watching the origin thru the net since i havent got an antenna hooked up to the tv. [http] thanks @user,Wednesday
0,2204274273,2009-06-17 01:47:08-07:00,NO_QUERY,ipittiplatsch,Im so board what can i do ?,Wednesday
0,2218455143,2009-06-17 22:30:53-07:00,NO_QUERY,dVsPup,"Got back about 9, nice guy, fell to sleep after getting more exercise than I ever have in my life. Woke having missed Mistress by 4 mins.",Wednesday
4,2017191003,2009-06-03 08:00:11-07:00,NO_QUERY,TravisClarke,P.S. Will look into Laker season tickets in 2010 if the wife lets me,Wednesday
0,2015994567,2009-06-03 05:57:41-07:00,NO_QUERY,silvermoonrays,has an addiction... The Sims 3 for iPhone. and I won't go to rehab.,Wednesday
0,2208062112,2009-06-17 08:43:55-07:00,NO_QUERY,0ne2c,watching it rain again and beginning to wonder if summer will ever show up,Wednesday
4,2015269917,2009-06-03 04:11:55-07:00,NO_QUERY,fiona_2008,"is officially sick and off work for the rest of the week, what a shame it's the long weekend...guess I'll just have to lap it up...",Wednesday
4,2017440287,2009-06-03 08:23:40-07:00,NO_QUERY,Armonizar,Eating chocolate,Wednesday
0,2218306388,2009-06-17 22:14:37-07:00,NO_QUERY,ShadderdGlass,@user I Had other pics i wanted to use but noooo the stupid twitter thought my photos were 2 big and kept denying em,Wednesday
0,2217173382,2009-06-17 20:29:43-07:00,NO_QUERY,brunoleandrooo,OMG. I have a pimple coming in on my forehead. I guess its true...no body's perfect,Wednesday
0,2014768723,2009-06-03 02:37:30-07:00,NO_QUERY,mememegann,@user i tried and you have to pay,Wednesday
0,2013942700,2009-06-03 00:00:46-07:00,NO_QUERY,Unseengrub,Watched e3 and I kinda want a ps3,Wednesday
0,2215697999,2009-06-17 18:29:31-07:00,NO_QUERY,arbunny2000,"I was supposed to go to Camp Newman today, but some of the counselors have swine flu, so camp opening is delayed. Isn't that horrible?",Wednesday
0,2207380096,2009-06-17 07:51:42-07:00,NO_QUERY,vmboudiette,Going to miss church tonight.,Wednesday
0,2014607955,2009-06-03 02:05:31-07:00,NO_QUERY,nicolepenney,people constantly dissapoint and anger me,Wednesday
0,1792327546,2009-05-13 22:49:03-07:00,NO_QUERY,ayydeebz,I need a new stupid blackberry. Its official. Mine hates me and decides not to work sometimes. It ruins my plans,Wednesday
0,2015802835,2009-06-03 05:32:56-07:00,NO_QUERY,junp3i,@user I'm hungry. When do you finish unis so we can get food ? This week? Next week?,Wednesday
4,2015374475,2009-06-03 04:29:44-07:00,NO_QUERY,kenarmstrong1,"@user You can smile at me if you want. Or laugh, anything positive really...",Wednesday
4,2014009551,2009-06-03 00:11:50-07:00,NO_QUERY,HeriCabral,@user its late! you need to sleeep girlie.,Wednesday
4,2016324841,2009-06-03 06:34:44-07:00,NO_QUERY,jnttphm,@user yes i do but the beauty of msn is that incomplete msgs get interrupted by the other person's msg. yeah that makes no sense.,Wednesday
0,2218962011,2009-06-17 23:30:13-07:00,NO_QUERY,InvisibleWeazel,Are you the same? Don't know anymore?,Wednesday
0,2204318672,2009-06-17 01:54:20-07:00,NO_QUERY,lee_milton,@user I wish I knew you better so I could know what was happening and help you out. *hugs*,Wednesday
0,2014009736,2009-06-03 00:11:52-07:00,NO_QUERY,israelhilton,it gets harder each time he leaves. I haven't been able to get a goodnight sleep since then. i miss him,Wednesday
0,2016611724,2009-06-03 07:04:22-07:00,NO_QUERY,jordan819,"Economics over now, 5 exams to go - 3/4 of them maths",Wednesday
0,2014424437,2009-06-03 01:29:08-07:00,NO_QUERY,ifenn,@user @user Amazon.co.uk customer service is great within certain parameters. Move out of those and you're in trouble.,Wednesday
4,2014318391,2009-06-03 01:08:06-07:00,NO_QUERY,SilverWillow,Feels sooooo good to be wearing smaller jeans,Wednesday
4,2017239545,2009-06-03 08:04:36-07:00,NO_QUERY,MegsEggs,he's been online only half an hour already I wanna kill him.,Wednesday
0,2322188635,2009-06-24 22:11:34-07:00,NO_QUERY,vphungg,wow i just saw the @user!! sorry,Wednesday
0,2015637271,2009-06-03 05:10:00-07:00,NO_QUERY,divasoria,stevie wonder's lately on the radio &amp; I'm crying my eyes out.,Wednesday
0,2206868698,2009-06-17 07:10:01-07:00,NO_QUERY,gagi001,im upset that ny&amp;co closed dt nwk,Wednesday
0,2203731667,2009-06-17 00:24:15-07:00,NO_QUERY,Salo2,"I hate trying to sort things out, i wish i had someone that could do it for me",Wednesday
0,2017357844,2009-06-03 08:15:38-07:00,NO_QUERY,Haleyohhh,"I'm so sad, today my babies graduate they grow up so fast! haha",Wednesday
0,2214097440,2009-06-17 16:15:47-07:00,NO_QUERY,cheraynatalie,Twitteriffic stopped working for me once I left LA...a whole weeks worth of missed tweets,Wednesday
0,2217863665,2009-06-17 21:30:14-07:00,NO_QUERY,YEPNAYDEA,@user lol..oh please u dont even call me,Wednesday
0,2207035090,2009-06-17 07:23:49-07:00,NO_QUERY,cablearms,@user hiya!- can't log onto butterfly on website Any tips?,Wednesday
0,2205498639,2009-06-17 04:52:17-07:00,NO_QUERY,richardagorman,Why all all days does it have to rain Any day except today would have been fine!,Wednesday
0,2203753081,2009-06-17 00:27:18-07:00,NO_QUERY,RandomAni,hes just so sweet but i mean idk what he wants from me sometimes and i just dont know i mean i used to know what i wanted but not anymore,Wednesday
0,1792565476,2009-05-13 23:31:27-07:00,NO_QUERY,PrettyGirlKD,@user i wish i knew what it meant to be locked in... im so out of the loop,Wednesday
0,2213360858,2009-06-17 15:16:16-07:00,NO_QUERY,bethkolar,Molitor to Farnsworth...2 mph. Don't they know I have to be at the Dr by 5:30?!! Hope it's not an accident,Wednesday
0,2014183137,2009-06-03 00:42:40-07:00,NO_QUERY,IamIli,"Received my exam schedule today! Omg, I'll be sitting for IRK and History on the same day! How worse can life get?",Wednesday
0,2212932576,2009-06-17 14:43:15-07:00,NO_QUERY,hazel4785,Home from my holidays its less than half the degrees here. brrrr,Wednesday
0,2018271098,2009-06-03 09:42:19-07:00,NO_QUERY,GrantBaisley,is working until 7pm and is already knackered and in need of dinner,Wednesday
0,2208945954,2009-06-17 09:49:25-07:00,NO_QUERY,iTouchiReview,"@user [http] - I also want to start developing for the iPhone, but I don't have a Mac",Wednesday
0,2217199012,2009-06-17 20:31:48-07:00,NO_QUERY,AshleySuperfly,Guess i'll worry about updating my iPhone later I'm too tired to be worrying about it right now.,Wednesday
0,2206109509,2009-06-17 06:01:11-07:00,NO_QUERY,Lawna_t,Haven't been getting paid. What. The. Fuck. Where's Laura?!,Wednesday
0,2015820727,2009-06-03 05:35:22-07:00,NO_QUERY,CarloVent,"Sugar, we're going down, arent we D: or at least i am cannot figure out why i am so easily emotionally affected *cry*",Wednesday
4,2014020615,2009-06-03 00:13:44-07:00,NO_QUERY,Recamel,@user ill see if ii can get more closeup of the products today do you have places like that in your area?,Wednesday
0,2016434820,2009-06-03 06:46:19-07:00,NO_QUERY,ilovechloex,Got fucking conjuctivitus in both eÑess ! well annoÑingg,Wednesday
0,2210493496,2009-06-17 11:39:16-07:00,NO_QUERY,slius,@user thats really heartbreaking,Wednesday
0,2017208490,2009-06-03 08:01:46-07:00,NO_QUERY,brendafreitas,@user i'm crying feels like you're always sliping away from me. please come back very soon. brazil loves you x,Wednesday
4,2014430324,2009-06-03 01:30:14-07:00,NO_QUERY,erinsnape,@user Your baby is teasing you! Fingers crossed all goes well &amp; wish for Friday birth - great day for a Bday&amp;happens to also be mine,Wednesday
0,2014944427,2009-06-03 03:12:06-07:00,NO_QUERY,thinkingaus,Apparently the warm weather won't last the week You can guarantee more than 7 days of sun in Oz,Wednesday
0,2206890830,2009-06-17 07:11:49-07:00,NO_QUERY,lhopsss13,Ugh i really don't want to work today. Someone get me a new job,Wednesday
0,2323141215,2009-06-24 23:59:57-07:00,NO_QUERY,vikkihyndman,I'm I'll! sick day in bed for me,Wednesday
4,2014705801,2009-06-03 02:24:54-07:00,NO_QUERY,rainerafael,@user you think you'd be in the final round?,Wednesday
0,2322826712,2009-06-24 23:21:09-07:00,NO_QUERY,NoraMas,"Hot and sunny in singapore right now, but then its like that every day",Wednesday
4,2015583014,2009-06-03 05:02:06-07:00,NO_QUERY,torilovesbradie,@user awesome! i would love to hear about your epic adventures Mr Flangan haha xx &lt;3,Wednesday
4,2015140488,2009-06-03 03:49:33-07:00,NO_QUERY,bykimbo,Very true @user We should campaign for a new name for the Kitchen Table - the School Playground.,Wednesday
0,2208555285,2009-06-17 09:20:37-07:00,NO_QUERY,AlBooqie,mad @user cuz shes not gonna be in NY for my bday,Wednesday
0,2018026431,2009-06-03 09:19:16-07:00,NO_QUERY,abcaryndef,Did anyone else's &quot;Bored&quot; by Pink come up as &quot;Why Did I Ever Like You&quot; when putting it on iTunes? That confused me slightly.,Wednesday
4,2017240807,2009-06-03 08:04:43-07:00,NO_QUERY,tempore,@user he spontaneously impregnates women with lazzara spawn. No fornication required.,Wednesday
0,2015929368,2009-06-03 05:49:36-07:00,NO_QUERY,tarushikha,@user 10 min?? nothing? fudge it!! ill go 5 in the morning..,Wednesday
4,1936100214,2009-05-27 07:27:20-07:00,NO_QUERY,tien1empire,"Nothing like driving with the windows down, wind in your hair, listening to Hotel California",Wednesday
0,2211152446,2009-06-17 12:30:00-07:00,NO_QUERY,Andrew1990,"@user We'll be there on the 5th, right at the back Any chance of front row seats for true dedicated fans instead of boring press?",Wednesday
0,2218066838,2009-06-17 21:50:05-07:00,NO_QUERY,wxgirl2008,"@user yeah, sadly you're right about both. agreed too w/the HOF thing *especially* in regards to Barry Bonds! what a cheat. grr",Wednesday
0,2016630522,2009-06-03 07:06:11-07:00,NO_QUERY,pliniopinto,"@user Well, I didn't really mean I was &quot;having a life&quot;. I was still inside the studio painting I was being &quot;work productive&quot;",Wednesday
4,2014540310,2009-06-03 01:52:33-07:00,NO_QUERY,hjmart,@user cant' click on the link to see your featured artwork. Please re-send the link,Wednesday
0,2209140575,2009-06-17 10:03:21-07:00,NO_QUERY,Heather_Jean_,my dad took my car so i cant leave my house @user,Wednesday
0,2322484338,2009-06-24 22:42:00-07:00,NO_QUERY,batmanspanties,@user the only DR I have seen lately is my gynecologist. I'm sick of them. I will tough it out a little mroe. But thank you.,Wednesday
0,2014314201,2009-06-03 01:07:14-07:00,NO_QUERY,maaikeanne,@user Aww your not allowed to die!,Wednesday
0,2208822678,2009-06-17 09:40:22-07:00,NO_QUERY,x_Beckiie_x,OMG! @user are doing TWO MORE shows in london this year! and they only do one in manchester,Wednesday
0,2205949913,2009-06-17 05:44:42-07:00,NO_QUERY,muser74,"@user hah. That *would* be cool. No partners, though.",Wednesday
0,2014173002,2009-06-03 00:40:48-07:00,NO_QUERY,sherenejose,"A lot of plane crashes lately, eh? Being so far removed frm everything/everyone familiar in those last minutes must be the worst thing",Wednesday
0,2205356443,2009-06-17 04:33:37-07:00,NO_QUERY,lindsaymallen,"@user Oh, Marky Mark ... the saddest thing about that Tweet was that it didn't come off as vain. I mean, not even a *little*!",Wednesday
0,2321583432,2009-06-24 21:15:51-07:00,NO_QUERY,pomlala,the sun is here! Byebye gloomy weather!,Wednesday
0,2207470656,2009-06-17 07:58:54-07:00,NO_QUERY,KatWaterflame,Spent 10 minutes on hold. Problem not solved! Had to hang up to get to the bank. Store will have to open a few minutes late as a result!,Wednesday
0,2215191604,2009-06-17 17:48:15-07:00,NO_QUERY,sosweet2tweet,@user im glad we have the confidence..if only we had rossi,Wednesday
0,2322528955,2009-06-24 22:46:52-07:00,NO_QUERY,tiaysrn,I regret rejected his offer yesterday,Wednesday
0,2014964809,2009-06-03 03:16:12-07:00,NO_QUERY,NoAddition,"from the clips ive seen of the sims3 on youtube it doesn't look anything great. What a let down, guess i wont know till i play it",Wednesday
4,2016477240,2009-06-03 06:50:46-07:00,NO_QUERY,xboycottlove,Just got to level 25 on Restaurant City,Wednesday
0,2213271749,2009-06-17 15:09:16-07:00,NO_QUERY,miranda3157,Not happy,Wednesday
0,2207092449,2009-06-17 07:28:30-07:00,NO_QUERY,GyakutenZwei,"Waiting for people, on the other hand, makes me a very sad person",Wednesday
4,2014223504,2009-06-03 00:50:12-07:00,NO_QUERY,turtlebulb,"@user Yeah, Dutch people are up as well ;). Say hi to Sydney for me",Wednesday
0,2217846462,2009-06-17 21:28:36-07:00,NO_QUERY,learningashland,"Okay, @user says: Pls ppl, no more DDoS rt #Iran #iranelection (If you don't know what DDoS is, don't worry, you're not doing it.)",Wednesday
0,2015997849,2009-06-03 05:58:05-07:00,NO_QUERY,psychobunny,ARGH!!!! just got bumped out of poker,Wednesday
4,2015292363,2009-06-03 04:15:48-07:00,NO_QUERY,Pipia,@user me too... fiz agr pausa antes de almoÃ§o...,Wednesday
4,2018256961,2009-06-03 09:40:59-07:00,NO_QUERY,VanessaAHudgens,"I'm reporting xVAHx right now as we speak, so if you could all block her then we can all go on with happy tweeting",Wednesday
0,2213754758,2009-06-17 15:48:03-07:00,NO_QUERY,chelseylindo,TV doesn't get good til 5,Wednesday
0,2204109781,2009-06-17 01:20:56-07:00,NO_QUERY,mitchellrj,@user That link failed a bit!,Wednesday
0,2322118040,2009-06-24 22:04:42-07:00,NO_QUERY,geomariesanders,A LiTTLE TOO NOT OVER YOU,Wednesday
0,2321448064,2009-06-24 21:04:12-07:00,NO_QUERY,Fergzzzz,wishes na sa hindi umulan ngayon.. and matuloy ang gimik nmin bukas [http],Wednesday
0,2213627347,2009-06-17 15:37:45-07:00,NO_QUERY,veganluke,"@user You didn't say 'please delete that' to that photo. Look I'm sorry It was just a photo, and I'm sorry for putting it up.",Wednesday
0,2014744057,2009-06-03 02:32:32-07:00,NO_QUERY,xoxmillyxox,"@user yeh, i know, i cant wait till tomorrow night it's too long!! plus i'll be out to dinner with em so i wont see it!! xx",Wednesday
0,2212578021,2009-06-17 14:16:09-07:00,NO_QUERY,maddgirl,"[http] - working on a pic of julia, but I can't figure out the hand. Might give up on it",Wednesday
0,2215515535,2009-06-17 18:14:49-07:00,NO_QUERY,lovesickass,@user Too bad,Wednesday
0,2205673320,2009-06-17 05:13:24-07:00,NO_QUERY,Airport_Dieppe,@user Yup....up and at 'em!!!!! Why should I be awake and working if no one else is....,Wednesday
0,2321621771,2009-06-24 21:19:17-07:00,NO_QUERY,Felipe_Andrade,@user AH!!! I want to see it!!!,Wednesday
0,2215689136,2009-06-17 18:28:48-07:00,NO_QUERY,claaudita,Thinking about you,Wednesday
0,2016473741,2009-06-03 06:50:24-07:00,NO_QUERY,AshBryans,@user not now that I have a blackberry storm. Its way too slow when you hang up and and call back I tried yesterday lol,Wednesday
4,2016738836,2009-06-03 07:16:51-07:00,NO_QUERY,mariamorim,@user I love you,Wednesday
0,2207544642,2009-06-17 08:04:28-07:00,NO_QUERY,xtheladyx,been chillin' and readin' today... nice... but got a headache now,Wednesday
4,1936063309,2009-05-27 07:23:18-07:00,NO_QUERY,testobsessed,@user You'll find this goes faster if you just admit I'm right,Wednesday
4,2016089195,2009-06-03 06:08:44-07:00,NO_QUERY,RobDockerty,@user You managed to watch the original yet?,Wednesday
0,2213531958,2009-06-17 15:30:03-07:00,NO_QUERY,bearpupuk,"@user Thanks mate, I'm on contract, not PAYG so left settings alone, tried sending MMS to 1010, but no luck yet",Wednesday
0,2206329562,2009-06-17 06:22:26-07:00,NO_QUERY,Tulippee,damn i wish i had money to by the vampire chronicle books,Wednesday
0,2218765998,2009-06-17 23:06:26-07:00,NO_QUERY,Vanysh,"@user Nick, can you write me a nice advice to be strong =( I need support",Wednesday
4,2015127020,2009-06-03 03:47:05-07:00,NO_QUERY,JoshuaRitmeijer,@user haha no haven't got any today but soon i will get some more haha,Wednesday
0,2214913470,2009-06-17 17:24:37-07:00,NO_QUERY,alyssachaeXP,phone broken again,Wednesday
4,2018375652,2009-06-03 09:52:12-07:00,NO_QUERY,Haileybird19,@user [http] - whoa! oops i drooled,Wednesday
0,2015757804,2009-06-03 05:26:59-07:00,NO_QUERY,mvks1,Thinkin of boomer....tomorrow is the anniversary of his passing,Wednesday
0,2014269632,2009-06-03 00:59:07-07:00,NO_QUERY,Splend,@user I tweeted someone asking if O'Brian cleaved Jay's desk in twain and made off with some wenches. Don't think he got the joke,Wednesday
0,2203622833,2009-06-17 00:09:14-07:00,NO_QUERY,suzanneb2,What a let down! Apple website now says the new iPhone software won't be ready until 6/18!,Wednesday
4,2015723427,2009-06-03 05:22:15-07:00,NO_QUERY,AndrewGatto,@user Where's Greta Van Susteren when you need her.,Wednesday
0,2015634511,2009-06-03 05:09:35-07:00,NO_QUERY,staceydouglas,Doesnt feel very well,Wednesday
4,2014398281,2009-06-03 01:23:57-07:00,NO_QUERY,wiredmusician,another wonderful end to a great day.. fruitful conversation with @user just made my night. thanks danz &lt;3 night tweeps,Wednesday
4,1936044937,2009-05-27 07:21:16-07:00,NO_QUERY,ilostmyfakeid,#unfollowdiddy and follow me instead! i am cooler.,Wednesday
4,2015040715,2009-06-03 03:30:54-07:00,NO_QUERY,Shelleyftr,@user I second these thoughts!! You tell 'em Phil!,Wednesday
0,2208660234,2009-06-17 09:28:23-07:00,NO_QUERY,Alexxstar,@user *cries in corner*,Wednesday
4,2017154891,2009-06-03 07:56:47-07:00,NO_QUERY,BionicBeauty,@user Yeah!! I'm honored!! I found your through @user. Looking forward to tweetin' with ya.,Wednesday
0,2015996270,2009-06-03 05:57:54-07:00,NO_QUERY,NicholeVeronica,Class from 7-3 then work from 5-8 and still sick as a dog,Wednesday
0,2205753634,2009-06-17 05:22:40-07:00,NO_QUERY,HCLforever,is getting ready to say her goodbyes,Wednesday
0,2213268537,2009-06-17 15:09:01-07:00,NO_QUERY,lindafulkerson,Hi twitter-mates! Just installed a twitter app on my new blackberry. Haven't tweeted in ages! My service doesn't do iphone.,Wednesday
0,2211484260,2009-06-17 12:54:45-07:00,NO_QUERY,dchambe,I'm finally on here again because Dave is making me.,Wednesday
0,2209426211,2009-06-17 10:22:32-07:00,NO_QUERY,Brumstew,Looking out of the window and it looks like autumn,Wednesday
0,2203937998,2009-06-17 00:54:37-07:00,NO_QUERY,ChrisJervis,"@user damn, that sucks. sorry",Wednesday
0,2014794200,2009-06-03 02:42:34-07:00,NO_QUERY,grabbity,oh dear. my hoomin-to-be is telling me that the live video stream isn't working that means i can be naughty and she won't know!,Wednesday
0,2204521795,2009-06-17 02:26:12-07:00,NO_QUERY,sandycritchley,"My email has been bombarded with spams since on Twitter GRRR No thanks, I've NO INTEREST in Russian ladies!",Wednesday
4,2014834809,2009-06-03 02:50:38-07:00,NO_QUERY,acampos95023,@user.. good night veruca.. nightowl like me.. * RN 2009 *,Wednesday
0,2215875442,2009-06-17 18:43:57-07:00,NO_QUERY,Shash,"@user well, how can we change that? That's not a good way to lose weight at all!!",Wednesday
0,2217674743,2009-06-17 21:12:41-07:00,NO_QUERY,HuisJHu,my iTunes is messing up,Wednesday
0,2214994155,2009-06-17 17:31:23-07:00,NO_QUERY,BabyC43,@user DAMN... just talking about that album makes me miss it... It was either lost or stolen,Wednesday
0,2211325747,2009-06-17 12:42:59-07:00,NO_QUERY,CherryPie8683,Having a non impressive wednesday evening..,Wednesday
0,2205369485,2009-06-17 04:35:19-07:00,NO_QUERY,peacefullykeira,didn't like that exam...,Wednesday
0,2213756810,2009-06-17 15:48:13-07:00,NO_QUERY,MattProsser5,taylor youre mean,Wednesday
0,2016713739,2009-06-03 07:14:24-07:00,NO_QUERY,dance_angel,@user i babysit my cousins daughter. shes 1...and sry i 4got about twitter. i feel bad...,Wednesday
0,2211456434,2009-06-17 12:52:39-07:00,NO_QUERY,Melig123,@user Shut up. PS Chris johnson was walking around with a cane yesterday. I asked him if he was taking classes but he didn't get it,Wednesday
0,2216921359,2009-06-17 20:08:59-07:00,NO_QUERY,music4yasoul,"@user The past couple of days yeah. Sad, but yeah. I can quit anytime I want to though. They all say that huh.",Wednesday
0,2217559893,2009-06-17 21:02:42-07:00,NO_QUERY,airalyn,super worried/scared. i NEED a real job #trackle #squarespace,Wednesday
4,2014614780,2009-06-03 02:06:50-07:00,NO_QUERY,soulboykirk,@user and that is the definition of a real man ...ooh song idea ...,Wednesday
4,2014969504,2009-06-03 03:17:08-07:00,NO_QUERY,phr0ggi,@user Wow. Talk about paying for your sins. JHB and Zuma's rhetoric? You must have killed kittens for fun in a previous life.,Wednesday
0,2014426444,2009-06-03 01:29:32-07:00,NO_QUERY,gunyeewen,@user wooo ya.. we play like mad.. stress-releasing time... now limping and aching all over...,Wednesday
4,2015063373,2009-06-03 03:35:09-07:00,NO_QUERY,iLoveSeventeen,@user i vote for tom felton &amp; chris pine! haha,Wednesday
0,2204190854,2009-06-17 01:33:39-07:00,NO_QUERY,ch8en2,"@user I know you 're still sleeping I missed you yesterday on YT, so you better be there today LMAO j/k TTYSOON sweetie &lt;3 ya",Wednesday
4,2014530921,2009-06-03 01:50:41-07:00,NO_QUERY,1stladyRetroKid,gooodnight twitter! session went very well gotta keep pushing,Wednesday
0,2208159977,2009-06-17 08:51:17-07:00,NO_QUERY,brianlance,boooo to the jackhammering right out side my window. Also boooo to the people that don't change the empty bottle on the water cooler.,Wednesday
0,2213070000,2009-06-17 14:53:51-07:00,NO_QUERY,Effervesce,@user CENTIPEDES?! AHH MAYBE I WILL NEED PROTECTING. LOL.,Wednesday
0,2014876213,2009-06-03 02:58:54-07:00,NO_QUERY,gemeg,It's raining. I hope there's no school tomorrow!! Pleassee.,Wednesday
4,2014612778,2009-06-03 02:06:26-07:00,NO_QUERY,IGoFaster,@user I'm on here sup nikka man I can't sleep nigga its lightning like crazy out here in irvine,Wednesday
4,2018255785,2009-06-03 09:40:53-07:00,NO_QUERY,NoxFusion,Gonna get something to eat then long on RoM,Wednesday
0,2213509287,2009-06-17 15:28:13-07:00,NO_QUERY,MsPatriceMack,"I'm going to see HangOver tonight, but i'd rather see transformers.",Wednesday
0,2206058572,2009-06-17 05:56:03-07:00,NO_QUERY,JoeMSantangelo,@user I have no tracking info yet WTF,Wednesday
0,2208118452,2009-06-17 08:48:09-07:00,NO_QUERY,djmicdamn,Funyuns and Hot Chocolate. Not a good combo,Wednesday
0,2213636910,2009-06-17 15:38:31-07:00,NO_QUERY,MrBairo,@user meant NEW*,Wednesday
4,1792509317,2009-05-13 23:20:59-07:00,NO_QUERY,angiedoeshair,about ready to go to sleep,Wednesday
4,2015336517,2009-06-03 04:23:20-07:00,NO_QUERY,irenekapetanaki,@user hello! and welcome to the wonderful world of tweeter,Wednesday
4,2017155716,2009-06-03 07:56:52-07:00,NO_QUERY,NinaWenstrom,"Dinner with all the girls, gonna be so much fun!",Wednesday
0,2215328900,2009-06-17 17:59:38-07:00,NO_QUERY,gduggan33,Uh i lost my schedule now i have to go back up there and get another print off. I need to make money so i can finish my sleeve,Wednesday
0,2216426704,2009-06-17 19:28:08-07:00,NO_QUERY,gforce1967,@user Was going to download this afternoon...should I wait?,Wednesday
0,2015490394,2009-06-03 04:48:11-07:00,NO_QUERY,Raptorine,"@user Hot tubs DEhydrate your body due to the high heat, and swimming can too because it's exercise. Sorry H'Wood.",Wednesday
4,2014745436,2009-06-03 02:32:49-07:00,NO_QUERY,viveksingh,@user yeah sure,Wednesday
4,2018754899,2009-06-03 10:27:40-07:00,NO_QUERY,GuidoS,@user the more the merrier...,Wednesday
0,2015030127,2009-06-03 03:29:00-07:00,NO_QUERY,maryasutimi,"paranoid! i'm too afraid to sleep and starting to hate DREAMS! sounds ridiculous, but it's true..",Wednesday
4,2016873130,2009-06-03 07:29:57-07:00,NO_QUERY,JennW,"@user aw, thanks Kev.",Wednesday
0,2212130670,2009-06-17 13:42:48-07:00,NO_QUERY,sjh1494,"is at home, doing science coursework but will be worth it if i win the money",Wednesday
0,2204680100,2009-06-17 02:51:18-07:00,NO_QUERY,Jackzy,Had some weird/strange dreams,Wednesday
0,2213246851,2009-06-17 15:07:19-07:00,NO_QUERY,BubblyBiancax3,Teeth are killing me!,Wednesday
4,2014233237,2009-06-03 00:52:02-07:00,NO_QUERY,growwit,"Wednesday is St. Morand's Day, patron of vintners, wine growers, wine makers. A good reason to open a bottle of wine",Wednesday
4,2014529167,2009-06-03 01:50:20-07:00,NO_QUERY,SpicyBev,"@user ha ha Laureen, you would be ok at my house I would even let you play the blackout!",Wednesday
0,2018819083,2009-06-03 10:33:39-07:00,NO_QUERY,belleterrier724,At work. Should we studying investments - don't want to go to class tonight. Miss Amber this weekend,Wednesday
4,2014967924,2009-06-03 03:16:48-07:00,NO_QUERY,jefz07,am about to go home. for no reason. need to find some motivation. still,Wednesday
0,2215290406,2009-06-17 17:56:25-07:00,NO_QUERY,cameronolivier,@user haha I wish it was that simple. lol it's super frustrating either way,Wednesday
0,2214013212,2009-06-17 16:08:51-07:00,NO_QUERY,siana_mia,@user well delicious things aren't meant to last forever unfortunately,Wednesday
0,2016698627,2009-06-03 07:12:54-07:00,NO_QUERY,jennyweir13,"@user Know what you mean.have been at work nearly an hr, aftr rolling out of bed &amp; drive the 40 minutes. &amp; I am not a coffee person",Wednesday
4,2015694271,2009-06-03 05:18:10-07:00,NO_QUERY,_AMILLI_,On my way to work,Wednesday
0,2213712938,2009-06-17 15:44:40-07:00,NO_QUERY,AdubbFFamous,this bitch so ugly she make my eyes hurt....,Wednesday
0,2217757828,2009-06-17 21:20:17-07:00,NO_QUERY,QueenofHeartsx,"@user, yep that was me",Wednesday
0,2016486043,2009-06-03 06:51:40-07:00,NO_QUERY,kenziee11,Actually have to go to school for 2 hours today,Wednesday
0,2015757930,2009-06-03 05:27:00-07:00,NO_QUERY,joanslade,"sore throat i sang too much yesterday, lol. its true.",Wednesday
0,2213606773,2009-06-17 15:36:04-07:00,NO_QUERY,LadyDiorrr,OMG! My dog is blind in one eye! I have a real bad attitude...don't want to be spoken to for the rest of the day,Wednesday
0,2219067224,2009-06-17 23:43:31-07:00,NO_QUERY,viajuan,"@user gaaay lol, ima re-write my about me",Wednesday
0,2217736658,2009-06-17 21:18:20-07:00,NO_QUERY,doublepunching,[http] - Ah chucks! I missed the party...,Wednesday
0,2321679893,2009-06-24 21:24:25-07:00,NO_QUERY,take2top,How does it feel when you see your people dying for their freedom and here no one even knows where #iran is on the map. who cares i guess,Wednesday
4,2017642451,2009-06-03 08:43:20-07:00,NO_QUERY,_rOsanna,@user lots of pulp for me,Wednesday
0,2207240211,2009-06-17 07:40:25-07:00,NO_QUERY,laura_x3,physics exam on friday,Wednesday
0,2206911028,2009-06-17 07:13:30-07:00,NO_QUERY,Letiitaa,Morning always comes too soon...,Wednesday
4,2014224992,2009-06-03 00:50:27-07:00,NO_QUERY,dmf71,"@user @user Good night wonderful people! May tomorrow be a beautiful day for you, filled w/ empathy.",Wednesday
0,2204320994,2009-06-17 01:54:42-07:00,NO_QUERY,laurapower1,im feeling a little sad today,Wednesday
0,2215674388,2009-06-17 18:27:36-07:00,NO_QUERY,edwardtime,T-mobile...coming up with new phones to outdate my current phone right after I get it.,Wednesday
4,2016364317,2009-06-03 06:38:55-07:00,NO_QUERY,heidipj,procrastinating by installing open office 3 THEN i will finish that proposal,Wednesday
0,2014558024,2009-06-03 01:56:08-07:00,NO_QUERY,93Daisy,At work... empty... bored... v.bored...,Wednesday
0,2213229446,2009-06-17 15:05:58-07:00,NO_QUERY,dieselboy28,Dev Team is taking forever to release the jailbreak software,Wednesday
4,2018376856,2009-06-03 09:52:19-07:00,NO_QUERY,analao,addicted. i love shopping. bought another pair of shoes. damn. wheres my money?!?!?!,Wednesday
0,2322597161,2009-06-24 22:54:25-07:00,NO_QUERY,rtorres81,is still awake,Wednesday
0,2209365979,2009-06-17 10:18:27-07:00,NO_QUERY,Mischee,@user I can't make that It's one of my best friends' birthday and he doesn't want to go to rapturefest. I am gutted to say the least.,Wednesday
4,2015952752,2009-06-03 05:52:28-07:00,NO_QUERY,ddaly9,@user I showed a pic to my mum She said he's lovely! You looking forward to getting him?,Wednesday
0,2213782787,2009-06-17 15:50:19-07:00,NO_QUERY,Lots_of_Jennie,"@user so i have a feeling the bad news is that you can't go to the beach! yo if you don't go, im going to be mad. So figur ...",Wednesday
0,2218182760,2009-06-17 22:01:51-07:00,NO_QUERY,staciebee,@user It says I'm in the US store but brings up my Canadian store email address and neither password works...,Wednesday
0,2205391108,2009-06-17 04:38:10-07:00,NO_QUERY,caatheedee,I'm always in school everytime Tom tweets @user Please tweet in the afternoon (in England time) (((((,Wednesday
0,2218164079,2009-06-17 22:00:05-07:00,NO_QUERY,Unknown_Heather,"@user I &lt;3 U Current Comedy, but you're gone because the jackholes in my town decided they'd rather have the Game Show Network.",Wednesday
0,2212955493,2009-06-17 14:45:01-07:00,NO_QUERY,aisbitsky,oh ... i forgot about the meeting tonight ... i guess i won't relax just yet,Wednesday
0,2206281708,2009-06-17 06:17:56-07:00,NO_QUERY,freshblaked,is going in to get his wisdom teeth taken out and needs someone to take care of him.,Wednesday
0,2204897333,2009-06-17 03:25:27-07:00,NO_QUERY,caseysevenfold,"@user So do I god damnit, why cant the hurry up and announce some date",Wednesday
0,2204947567,2009-06-17 03:33:18-07:00,NO_QUERY,jennaleaa,@user weve got it all to come haha,Wednesday
0,2204782742,2009-06-17 03:07:03-07:00,NO_QUERY,DreemaS,I so cant go to sleep,Wednesday
4,2016363097,2009-06-03 06:38:47-07:00,NO_QUERY,jessicasays,"@user Congrats! Also, neat, because our 5th is tomorrow!",Wednesday
0,2212347184,2009-06-17 13:59:05-07:00,NO_QUERY,gritsy,@user all I have is my flask,Wednesday
0,2018835244,2009-06-03 10:35:09-07:00,NO_QUERY,cynthiasiew,i think the guitar hero guitar spoil,Wednesday
4,2014511299,2009-06-03 01:46:39-07:00,NO_QUERY,megan_rice,@user About time you started Twittering!,Wednesday
4,2014273888,2009-06-03 00:59:56-07:00,NO_QUERY,viyoma,To Train..is altogether a different ball game..Loving It,Wednesday
0,2015974954,2009-06-03 05:55:16-07:00,NO_QUERY,beccaschrod,@user i cant see the rest of what you wrote it just has dots... xxxx,Wednesday
4,2015800272,2009-06-03 05:32:35-07:00,NO_QUERY,ycedeno,@user that's right! we're awesome! lolz! did you stay up watching episodes last night? lolz!,Wednesday
0,2218867721,2009-06-17 23:18:28-07:00,NO_QUERY,marctaylor,almost got mauled by a raccoon they are not cute like in animes irl,Wednesday
0,2206718741,2009-06-17 06:57:34-07:00,NO_QUERY,feeshda,@user johnny! that guy is unbelievable suuuper nice and sweet! bagay kay D. i'll miss alex too!,Wednesday
0,2203821501,2009-06-17 00:36:59-07:00,NO_QUERY,thenoblesavage,"@user Yeah, wish I had said that, or similar. Just astonished that grown adults so openly hateful towards a 4-year-old.",Wednesday
4,2015513519,2009-06-03 04:51:47-07:00,NO_QUERY,Bigman1234,@user why do you have to know them to follow? The point of Twitter is to make friends/interact outside your normal circle,Wednesday
0,2018327757,2009-06-03 09:47:43-07:00,NO_QUERY,Furiouso,@user yeah man im dissapointed tho,Wednesday
0,2204949848,2009-06-17 03:33:39-07:00,NO_QUERY,icicle_halo_,"@user I would DM, but you don't follow me However, I love a secret mission, so tell me!!!",Wednesday
0,2206627372,2009-06-17 06:49:40-07:00,NO_QUERY,techn0crat,@user me too. it does have priority shipping on it though so i'm thinking happy thoughts.,Wednesday
0,2205063668,2009-06-17 03:51:45-07:00,NO_QUERY,krisgeorgiev,@user why doesn't my twitpit work from my bb,Wednesday
0,2015305657,2009-06-03 04:18:06-07:00,NO_QUERY,JeniPoynter_x,got double science n double tech,Wednesday
0,2216890001,2009-06-17 20:06:24-07:00,NO_QUERY,vfclover14,i bored idk what to do #happybirthdaydrewryanscott =p,Wednesday
0,2215641799,2009-06-17 18:24:57-07:00,NO_QUERY,BeOWT,@user She just selfish!,Wednesday
4,2014491330,2009-06-03 01:42:34-07:00,NO_QUERY,CharmsOfLight,"I love getting new followers, but REAL people only please!",Wednesday
0,2205460197,2009-06-17 04:47:16-07:00,NO_QUERY,BedlamB,@user Interesting poll of the kids. I remember it being so niche and geeky when I was small. Mind you that was years ago.,Wednesday
0,2217125615,2009-06-17 20:25:42-07:00,NO_QUERY,orbital7,is home voiceless.,Wednesday
4,2014221530,2009-06-03 00:49:55-07:00,NO_QUERY,rach210,dinners done and was yum! wow im in a rhyming mood lol... going out now yay! such an epic day!!!,Wednesday
0,2019069324,2009-06-03 10:57:18-07:00,NO_QUERY,JenMeanIt,"@user they gonna put u on meds? Did they say if pot smoking has helped or hurt? Sorry man, that sux 4 u.",Wednesday
4,2015651368,2009-06-03 05:12:00-07:00,NO_QUERY,degseb,"J'aurai 1.000.000 followers - Friday, 16th of March 2108 merci twittas pour cette superbe info",Wednesday
4,2015209685,2009-06-03 04:01:34-07:00,NO_QUERY,BrandyMain,@user is truly one of the best friends ever! i love you,Wednesday
4,2018830934,2009-06-03 10:34:44-07:00,NO_QUERY,RachelRebell,Leaving for Chick-Fil-A.,Wednesday
0,2206240739,2009-06-17 06:14:03-07:00,NO_QUERY,lizzi33,My mouth hurts. And I have to get the kids up and ready to go!,Wednesday
0,2210921393,2009-06-17 12:11:45-07:00,NO_QUERY,lucieoliverx,the cold is no fun,Wednesday
0,2218525039,2009-06-17 22:38:32-07:00,NO_QUERY,niholoid,@user yeah i remember that too,Wednesday
